Workbook

Sheet Varsayımlar
B3: Birleştir | C3: Firma | D3: GTIN Kodu | E3: PRODUCT NAME / ÜRÜN ADI | F3: AMBALAJ | G3: CİNSİ | H3: Koli İçi | I3: ÇAP | J3: FORMÜL | K3: PAKET İÇİ | L3: KOLİ İÇİ | M3: PAKET GRAMAJI | N3: TARİH | O3: SKT/AY | P3: KOLİ / TARİH | Q3: AÇIKLAMALAR | R3: PALET KOLİ SAYISI | S3: PALET ÖLÇÜ | T3: AMBALAJ ETİKETİ
B4: =IF(C4="","",CONCATENATE(C4,E4)) -> LLC TRİTONMUTLUKAL WHEAT TORTILLA | C4: LLC TRİTON | D4: 8698829380698 | E4: MUTLUKAL WHEAT TORTILLA | F4: TORTİLLAS 25 CM 4 PCS 260G | G4: SADE | H4: 30 | I4: 25 | J4: SOFT | K4: 4 | L4: 30 | M4: 260 | N4: YURTDIŞI | O4: 6 | P4: TRİTON -SKT ATILACAK | Q4: 24-26 CM | R4: 84
B5: =IF(C5="","",CONCATENATE(C5,E5)) -> GERMESHANAMİ GERMES 25CM SADE 250G | C5: GERMES | D5: 8698829380698 | E5: HANAMİ GERMES 25CM SADE 250G | F5: HANAMİ 25 CM SADE (081) | G5: SADE | H5: 30 | I5: 25 | J5: IRAK SOFT | K5: 4 | L5: 30 | M5: 250 | N5: YURTDIŞI | O5: 9 | P5: HANAMİ MAVİ - ÜRETİM ATILACAK | Q5: 24-26 CM | R5: 84 | T5: Ambalaj kaç aylık kontrol?
B6: =IF(C6="","",CONCATENATE(C6,E6)) -> GERMESKırmızı Tortillas-Germes-25cm 375g | C6: GERMES | D6: 8698829380698 | E6: Kırmızı Tortillas-Germes-25cm 375g | F6: KIRMIZI TORTİLLAS 25 CM | G6: SADE | H6: 18 | I6: 25 | J6: IRAK SOFT | K6: 6 | L6: 18 | M6: 375 | N6: YURTDIŞI | O6: 9 | P6: KIRMIZI - ÜRETİM TARİHLİ ETİKET | Q6: 24-26 CM | R6: 84 | T6: BARKOD ETİKETİ
B7: =IF(C7="","",CONCATENATE(C7,E7)) -> LLC KOTORMANETKA PEYNİRLİ 25CM | C7: LLC KOTOR | D7: 8698829380698 | E7: MANETKA PEYNİRLİ 25CM | F7: MANETKA PEYNİRLİ 25 CM | G7: PEYNİRLİ | H7: 30 | I7: 25 | J7: SOFT-AT | K7: 4 | L7: 30 | M7: 250 | N7: YURTDIŞI | O7: 6 | P7: KIRMIZI KOLİ-TARİHLİ KOLİ ETİKETİ | Q7: 24-26 CM | R7: 78
B8: =IF(C8="","",CONCATENATE(C8,E8)) -> MAGNİTMAGNİT MAVİ AMBALAJ 25 CM 260G | C8: MAGNİT | D8: 8698829380698 | E8: MAGNİT MAVİ AMBALAJ 25 CM 260G | F8: MAGNİT MAVİ AMBALAJ 25CM | G8: SADE | H8: 30 | I8: 25 | J8: SOFT | K8: 4 | L8: 30 | M8: 260 | N8: YURTDIŞI | O8: 9 | P8: 25CM TURUNCU KOLİ-SOL ÜST DİKDÖRTGENE ÜRETİM TARİHİ BASILACAK | Q8: 24-26 CM | R8: 84
B9: =IF(C9="","",CONCATENATE(C9,E9)) -> GERMESHANAMİ PEYNİRLİ 25 CM 250G | C9: GERMES | D9: 8698829380698 | E9: HANAMİ PEYNİRLİ 25 CM 250G | F9: HANAMİ PEYNİRLİ 25CM AMBALAJ (098) | G9: PEYNİRLİ | H9: 30 | I9: 25 | J9: IRAK SOFT-AT | K9: 4 | L9: 30 | M9: 250 | N9: YURTDIŞI | O9: 9 | P9: HANAMİ SARI KOLİ-ÜRETİM TARİHİ BASILACAK | Q9: 24-26 CM | R9: 84 | T9: Ambalaj kaç aylık kontrol?
B10: =IF(C10="","",CONCATENATE(C10,E10)) -> SMART LLCTORTİLLAS SAMAKAT 20CM 166G | C10: SMART LLC | D10: 8698829380698 | E10: TORTİLLAS SAMAKAT 20CM 166G | F10: TORTİLLAS 20CM (SAMAKAT BİLGİLERİ EKLİ) | G10: SADE | H10: 14 | I10: 20 | J10: IRAK SOFT | K10: 4 | L10: 14 | M10: 166 | N10: YURTDIŞI | O10: 9 | P10: SİYAH KARE KOLİ- Üretim Tarihi Etiketli | Q10: 19-21 CM | R10: 225
B11: =IF(C11="","",CONCATENATE(C11,E11)) -> LLC KOTORMANETKA SADE 20CM 166G | C11: LLC KOTOR | D11: 8698829380698 | E11: MANETKA SADE 20CM 166G | F11: MANETKA SADE 20CM 166G | G11: SADE | H11: 14 | I11: 20 | J11: IRAK SOFT | K11: 4 | L11: 14 | M11: 166 | N11: YURTDIŞI | O11: 6 | P11: SİYAH KARE KOLİ-ÜRETİM TARİHLİ ETİKET | Q11: 19-21 CM | R11: 225
B12: =IF(C12="","",CONCATENATE(C12,E12)) -> Maydonoz DönerMutlukal Tortillas 15cm 250g | C12: Maydonoz Döner | D12: 8698829380698 | E12: Mutlukal Tortillas 15cm 250g | F12: Mutlukal Tortillas 15cm | G12: SADE | H12: 10 | I12: 12 | J12: IRAK SOFT | K12: 10 | L12: 12 | M12: 250 | N12: YURTİÇİ | O12: 6 | P12: 15CM KOLİ | Q12: KESME-33-35G BEZE, KESİLMEMİŞ 16-18CM, 320-330G- KESİLMİŞ 245-250G | R12: 96
B13: =IF(C13="","",CONCATENATE(C13,E13)) -> Şok MarketTaco 15 cm 6 lı 150 g | C13: Şok Market | D13: 8698829380698 | E13: Taco 15 cm 6 lı 150 g | F13: Taco 15 cm | G13: SADE | H13: 18 | I13: 15 | J13: SOFT-PA3 | K13: 6 | L13: 18 | M13: 250 | N13: YURTİÇİ | O13: 6 | P13: 15 CM KOLİ | Q13: 14-16 CM | R13: 60
B14: =IF(C14="","",CONCATENATE(C14,E14)) -> Aylin KartonHappylla 25 cm 10 lu 650g | C14: Aylin Karton | D14: 8698829380698 | E14: Happylla 25 cm 10 lu 650g | F14: Happylla 25cm (060) | G14: SADE | H14: 12 | I14: 25 | J14: Irak soft | K14: 10 | L14: 12 | M14: 650 | N14: Yurtiçi | O14: 6 | P14: Kırmızı Koli-Etiketli | Q14: 24-26 cm | R14: 50
B15: =IF(C15="","",CONCATENATE(C15,E15)) -> SMART LLCKırmızı tortillas 25cm 4 lü 250g | C15: SMART LLC | D15: 8698829380698 | E15: Kırmızı tortillas 25cm 4 lü 250g | F15: Kırmızı Tortillas 25 cm | G15: SADE | H15: 30 | I15: 25 | J15: Soft | K15: 4 | L15: 30 | M15: 250 | N15: Yurtdışı | O15: 9 | P15: Kırmızı Koli- Üretim Tarihi Etiketli | Q15: 24-26 CM | R15: 84
B16: =IF(C16="","",CONCATENATE(C16,E16)) -> Şok MarketBisto 25 cm 12 pcs 840g | C16: Şok Market | D16: 8698829380698 | E16: Bisto 25 cm 12 pcs 840g | F16: Bisto 25 cm | G16: SADE | H16: 12 | I16: 25 | J16: Standart | K16: 12 | L16: 12 | M16: 840 | N16: Yurtiçi | O16: 6 | P16: Bisto Kolisi | Q16: 24-26 Cm | R16: 48
B17: =IF(C17="","",CONCATENATE(C17,E17)) -> A101Nimet 25cm 12 pcs 840g | C17: A101 | D17: 8698829380698 | E17: Nimet 25cm 12 pcs 840g | F17: Nimet 25 cm | G17: SADE | H17: 12 | I17: 25 | J17: Standart | K17: 12 | L17: 12 | M17: 840 | N17: YURTİÇİ | O17: 5 | P17: Nimet Kolisi | Q17: 24-26 CM | R17: 50
B18: =IF(C18="","",CONCATENATE(C18,E18)) -> SultanoğluTortillove 25 cm 8pcs 520g | C18: Sultanoğlu | D18: 8698829380698 | E18: Tortillove 25 cm 8pcs 520g | F18: Tortillove 25 cm | G18: SADE | H18: 14 | I18: 25 | J18: Irak Soft | K18: 8 | L18: 14 | M18: 520 | N18: YURTİÇİ | O18: 6 | P18: Kırmızı Koli | Q18: 24-26 cm
B19: =IF(C19="","",CONCATENATE(C19,E19)) -> KopuzMutlukal Tortillas 30cm 950g | C19: Kopuz | D19: 8698829380698 | E19: Mutlukal Tortillas 30cm 950g | F19: Mutlukal tortillas 30cm | G19: SADE | H19: 12 | I19: 30 | J19: Irak Soft | K19: 10 | L19: 12 | M19: 950 | N19: Yurtiçi | O19: 6 | P19: Mavi Koli | Q19: 29-31 Cm
B20: =IF(C20="","",CONCATENATE(C20,E20)) -> GERMESHanami 20cm sade 4pcs 166g | C20: GERMES | D20: 8698829380698 | E20: Hanami 20cm sade 4pcs 166g | F20: Hanami 20cm Sade 4 pcs 166g (067) | G20: SADE | H20: 30 | I20: 20 | J20: Irak Soft | K20: 4 | L20: 30 | M20: 166 | N20: Yurtdışı | O20: 9 | P20: Hanami Mavi Koli -Üretim Tarihi+9 AYI KAPATACAK ETİKETLİ | Q20: 19-21 cm | R20: 140 | T20: Ambalaj kaç aylık kontrol?
B21: =IF(C21="","",CONCATENATE(C21,E21)) -> GERMESTortillas 20cm 4 lü 166g | C21: GERMES | D21: 8698829380698 | E21: Tortillas 20cm 4 lü 166g | F21: Tortillas 20cm (Etiketli) | G21: SADE | H21: 30 | I21: 20 | J21: Irak soft | K21: 4 | L21: 30 | M21: 166 | N21: Yurtdışı | O21: 9 | P21: 20cm Koli-Üretim Tarihli Etiket | Q21: 19-21 cm | R21: 140 | T21: Etiketli
B22: =IF(C22="","",CONCATENATE(C22,E22)) -> GERMESHanami Peynirli 20cm 4 lü 166g | C22: GERMES | D22: 8698829380698 | E22: Hanami Peynirli 20cm 4 lü 166g | F22: Hanami Peynirli 20cm (050) | G22: PEYNİRLİ | H22: 30 | I22: 20 | J22: Irak Soft-AT | K22: 4 | L22: 30 | M22: 166 | N22: YURTDIŞI | O22: 9 | P22: HANAMİ SARI KOLİ-ÜRETİM TARİHİ BASILACAK | Q22: 19-21 CM | R22: 140 | T22: Ambalaj kaç aylık kontrol?
B23: =IF(C23="","",CONCATENATE(C23,E23)) -> LLC KOTORManetka 20cm 4 pcs 166g | C23: LLC KOTOR | D23: 8698829380698 | E23: Manetka 20cm 4 pcs 166g | F23: Manetka 20cm | G23: SADE | H23: 14 | I23: 20 | J23: Irak Soft | K23: 4 | L23: 14 | M23: 166 | N23: YURTDIŞI | O23: 6 | P23: Kare Koli-Üretim Tarihli Etiket | Q23: 19-21 cm | R23: 225
B24: =IF(C24="","",CONCATENATE(C24,E24)) -> SMART LLCTortillas 20cm Peynirli 4pcs 166g | C24: SMART LLC | D24: 8698829380698 | E24: Tortillas 20cm Peynirli 4pcs 166g | F24: Tortillas 20cm (Samakat Bilgileri Ekli) | G24: PEYNİRLİ | H24: 14 | I24: 20 | J24: IRAK SOFT-AT | K24: 4 | L24: 14 | M24: 166 | N24: YURTDIŞI | O24: 9 | P24: Kare Koli-Üretim Tarihli Etiket | Q24: 19-21 cm | R24: 225
B25: =IF(C25="","",CONCATENATE(C25,E25)) -> EYALRimini 20 cm 8 pcs 360g | C25: EYAL | D25: 8698829380698 | E25: Rimini 20 cm 8 pcs 360g | F25: Rimini 20cm | G25: SADE | H25: 14 | I25: 20 | J25: Irak soft | K25: 8 | L25: 14 | M25: 360 | N25: YURTDIŞI | P25: 20cm koli-İbranice Etiket | Q25: 19-21 cm | R25: 120
B26: =IF(C26="","",CONCATENATE(C26,E26)) -> ALDİ - KOSOVATortillove 30cm 10pcs 900g | C26: ALDİ - KOSOVA | D26: 8698829380698 | E26: Tortillove 30cm 10pcs 900g | F26: Tortillove 30cm | G26: SADE | H26: 12 | I26: 30 | J26: Irak Soft | K26: 10 | L26: 12 | M26: 900 | N26: Yurtdışı | O26: 12 | P26: 30cm Koli - Tortillove 900g Etiketli | Q26: 29-31 cm | R26: 50 | T26: Arka kısma Arnavutça içerik-Tortillove
B27: =IF(C27="","",CONCATENATE(C27,E27)) -> ALDİ - KOSOVATortillas 30cm 10pcs 900g | C27: ALDİ - KOSOVA | D27: 8698829380698 | E27: Tortillas 30cm 10pcs 900g | F27: Tortillas 30cm | G27: SADE | H27: 12 | I27: 30 | J27: Irak Soft | K27: 10 | L27: 12 | M27: 900 | N27: Yurtdışı | O27: 12 | P27: 30cm Koli - Tortillas 900g Etiketli | Q27: 29-31 cm | R27: 50 | T27: Arka kısma Arnavutça içerik-Tortillas
B28: =IF(C28="","",CONCATENATE(C28,E28)) -> ALDİ - KOSOVATortillove 25cm 6pcs 390g | C28: ALDİ - KOSOVA | D28: 8698829380698 | E28: Tortillove 25cm 6pcs 390g | F28: Tortillove 25cm | G28: SADE | H28: 18 | I28: 25 | J28: Irak Soft | K28: 6 | L28: 18 | M28: 390 | N28: Yurtdışı | O28: 12 | P28: 25cm Koli - Tortillove 390g Etiketli | Q28: 24-26 cm | R28: 84 | T28: Barkod üzerine Arnavutça içerik+Barkod-Tortillove
B29: =IF(C29="","",CONCATENATE(C29,E29)) -> ALDİ - KOSOVATortillas 25cm 6pcs 390g | C29: ALDİ - KOSOVA | D29: 8698829380698 | E29: Tortillas 25cm 6pcs 390g | F29: Tortillas 25cm | G29: SADE | H29: 18 | I29: 25 | J29: Irak Soft | K29: 6 | L29: 18 | M29: 390 | N29: Yurtdışı | O29: 12 | P29: 25cm Koli - Tortillas 390g Etiketli | Q29: 24-26 cm | R29: 84 | T29: Barkod üzerine Arnavutça içerik+Barkod-Tortillas
B30: =IF(C30="","",CONCATENATE(C30,E30)) -> ALDİ - KOSOVATortillove 25cm TB 6pcs 390g | C30: ALDİ - KOSOVA | D30: 8698829380698 | E30: Tortillove 25cm TB 6pcs 390g | F30: Tortillove Tam Buğday 25cm | G30: Tam Buğdaylı | H30: 18 | I30: 25 | J30: Irak Soft | K30: 6 | L30: 18 | M30: 390 | N30: Yurtdışı | O30: 12 | P30: 25cm Koli - Tortillove 390g TB Etiketli | Q30: 24-26 cm | R30: 84 | T30: Barkod üzerine Arnavutça TB içerik+Barkod-Tortillove
B31: =IF(C31="","",CONCATENATE(C31,E31)) -> ALDİ - KOSOVATortillas 25cm TB 6pcs 390g | C31: ALDİ - KOSOVA | D31: 8698829380698 | E31: Tortillas 25cm TB 6pcs 390g | F31: Tortillas Tam Buğday 25cm | G31: Tam Buğdaylı | H31: 18 | I31: 25 | J31: Irak Soft | K31: 6 | L31: 18 | M31: 390 | N31: Yurtdışı | O31: 12 | P31: 25cm Koli - Tortillas 390g TB Etiketli | Q31: 24-26 cm | R31: 84 | T31: Barkod üzerine Arnavutça TB içerik+Barkod-Tortillas
B32: =IF(C32="","",CONCATENATE(C32,E32)) -> ALDİ - KOSOVATortillove 25cm 10pcs 650g | C32: ALDİ - KOSOVA | D32: 8698829380698 | E32: Tortillove 25cm 10pcs 650g | F32: Tortillove 25cm | G32: SADE | H32: 12 | I32: 25 | J32: Irak Soft | K32: 10 | L32: 12 | M32: 650 | N32: Yurtdışı | O32: 12 | P32: 25cm Koli - Tortillove 650g Etiketli | Q32: 24-26 cm | R32: 84 | T32: Arka kısma Arnavutça içerik-Tortillove
B33: =IF(C33="","",CONCATENATE(C33,E33)) -> ALDİ - KOSOVATortillas 25cm 10pcs 650g | C33: ALDİ - KOSOVA | D33: 8698829380698 | E33: Tortillas 25cm 10pcs 650g | F33: Tortillas 25cm | G33: SADE | H33: 12 | I33: 25 | J33: Irak Soft | K33: 10 | L33: 12 | M33: 650 | N33: Yurtdışı | O33: 12 | P33: 25cm Koli - Tortillas 650g Etiketli | Q33: 24-26 cm | R33: 84 | T33: Arka kısma Arnavutça içerik-Tortillas
B34: =IF(C34="","",CONCATENATE(C34,E34)) -> ALDİ - KOSOVAPizza-6 26cm 4pcs 480g | C34: ALDİ - KOSOVA | D34: 8698829380698 | E34: Pizza-6 26cm 4pcs 480g | F34: Pizza-6 26 cm | G34: SADE | H34: 6 | I34: 26 | J34: Irak Soft | K34: 4 | L34: 6 | M34: 480 | N34: YURTDIŞI | O34: 12 | P34: Pizza kolisi | Q34: 26 cm kesme -Beze 145-150g, Kesilmmeiş çap 27-28cm, Kesilmemiş ağı: 520-540g, Kesilmiş:475-485g | R34: 120 | T34: Arka kısma Arnavutça içerik-Pizza 6
B35: =IF(C35="","",CONCATENATE(C35,E35)) -> TASTE LAND-BULGARİSTANTortillas 30cm Sade 18pcs 1620g | C35: TASTE LAND-BULGARİSTAN | D35: 8698829380698 | E35: Tortillas 30cm Sade 18pcs 1620g | F35: Tortillas 30cm Sade | G35: SADE | H35: 6 | I35: 30 | J35: Irak Soft | K35: 18 | L35: 6 | M35: 1620 | N35: Yurtdışı | O35: 9 | P35: 30cm Lacivert Koli- Bulgarca Etiket | Q35: 29-31 cm | R35: 60 | S35: 95x130cm | T35: Barkod üzerine-Bulgarca Barkodlu içerik etiketi (012)
B36: =IF(C36="","",CONCATENATE(C36,E36)) -> TASTE LAND-BULGARİSTANTortillas 30cm Tam Buğday 18pcs 1620g | C36: TASTE LAND-BULGARİSTAN | D36: 8698829380698 | E36: Tortillas 30cm Tam Buğday 18pcs 1620g | F36: Tortillas 30cm Tam Buğday | G36: Tam Buğdaylı | H36: 6 | I36: 30 | J36: Irak Soft | K36: 18 | L36: 6 | M36: 1620 | N36: Yurtdışı | O36: 9 | P36: 30cm Lacivert Koli- Bulgarca TB Etiket | Q36: 29-31 cm | R36: 60 | S36: 95x130cm | T36: Barkod üzerine-Bulgarca Barkodlu TB içerik etiketi (029)
B37: =IF(C37="","",CONCATENATE(C37,E37)) -> TASTE LAND-BULGARİSTANTortillas 25cm Sade 10pcs 650g | C37: TASTE LAND-BULGARİSTAN | D37: 8698829380698 | E37: Tortillas 25cm Sade 10pcs 650g | F37: Tortillas Avrupa 25cm (698) | G37: SADE | H37: 8 | I37: 25 | J37: Irak Soft | K37: 10 | L37: 8 | M37: 650 | N37: Yurtdışı | O37: 9 | P37: 25cm Perforeli-Bulgarca etiket | Q37: 24-26 cm | R37: 120 | S37: 80x120cm -Epal+Epal
B38: =IF(C38="","",CONCATENATE(C38,E38)) -> TASTE LAND-BULGARİSTANTortillas 25cm Tam Buğday 10pcs 650g | C38: TASTE LAND-BULGARİSTAN | D38: 8698829380698 | E38: Tortillas 25cm Tam Buğday 10pcs 650g | F38: Tortillas Avrupa 25cm Tam Buğday (711) | G38: Tam Buğdaylı | H38: 8 | I38: 25 | J38: Irak Soft | K38: 10 | L38: 8 | M38: 650 | N38: Yurtdışı | O38: 9 | P38: 25cm Perforeli-Bulgarca TB etiket | Q38: 24-26 cm | R38: 120 | S38: 80x120cm -Epal+Epal
B39: =IF(C39="","",CONCATENATE(C39,E39)) -> TASTE LAND-BULGARİSTANTortillas 25cm Domatesli 6pcs 390g | C39: TASTE LAND-BULGARİSTAN | D39: 8698829380698 | E39: Tortillas 25cm Domatesli 6pcs 390g | F39: Tortillas Avrupa 25cm Domatesli (074) | G39: Domatesli | H39: 12 | I39: 25 | J39: Irak Soft | K39: 6 | L39: 12 | M39: 390 | N39: Yurtdışı | O39: 9 | P39: 25cm Perforeli-Bulgarca Domatesli etiket | Q39: 24-26 cm | R39: 120 | S39: 80x120cm -Epal+Epal
B40: =IF(C40="","",CONCATENATE(C40,E40)) -> TASTE LAND-BULGARİSTANTortillas 25cm Ispanaklı 6pcs 390g | C40: TASTE LAND-BULGARİSTAN | D40: 8698829380698 | E40: Tortillas 25cm Ispanaklı 6pcs 390g | F40: Tortillas Avrupa 25cm Ispanaklı (081) | G40: Ispanaklı | H40: 12 | I40: 25 | J40: Irak Soft | K40: 6 | L40: 12 | M40: 390 | N40: Yurtdışı | O40: 9 | P40: 25cm Perforeli-Bulgarca Ispanaklı etiket | Q40: 24-26 cm | R40: 120 | S40: 80x120cm -Epal+Epal
B41: =IF(C41="","",CONCATENATE(C41,E41)) -> TASTE LAND-BULGARİSTANTortillas 25cm Peynirli 6pcs 390g | C41: TASTE LAND-BULGARİSTAN | D41: 8698829380698 | E41: Tortillas 25cm Peynirli 6pcs 390g | F41: Tortillas Avrupa 25cm Peynirli (098) | G41: Peynirli | H41: 12 | I41: 25 | J41: Irak Soft-AT | K41: 6 | L41: 12 | M41: 390 | N41: Yurtdışı | O41: 9 | P41: 25cm Perforeli-Bulgarca Peynirli etiket | Q41: 24-26 cm | R41: 120 | S41: 80x120cm -Epal+Epal
B42: =IF(C42="","",CONCATENATE(C42,E42)) -> TASTE LAND-BULGARİSTANTortillas Pizza 26cm 4pcs 480g | C42: TASTE LAND-BULGARİSTAN | D42: 8698829380698 | E42: Tortillas Pizza 26cm 4pcs 480g | F42: Tortillas Avrupa Pizza 26cm (742) | G42: SADE | H42: 8 | I42: 26 | J42: Irak Soft | K42: 4 | L42: 8 | M42: 480 | N42: Yurtdışı | O42: 9 | P42: 26cm Pizza Perforeli-Bulgarca Etiket | Q42: 26 cm kesme -Beze 145-150g, Kesilmmeiş çap 27-28cm, Kesilmemiş ağı: 520-540g, Kesilmiş:475-485g | R42: 120 | S42: 80x120cm -Epal+Epal
B43: =IF(C43="","",CONCATENATE(C43,E43)) -> TASTE LAND-BULGARİSTANTortillas 25cm Sade 6pcs 390g | C43: TASTE LAND-BULGARİSTAN | D43: 8698829380698 | E43: Tortillas 25cm Sade 6pcs 390g | F43: Tortillas Avrupa 25cm (698) | G43: SADE | H43: 18 | I43: 25 | J43: Irak Soft | K43: 6 | L43: 18 | M43: 390 | N43: Yurtdışı | O43: 9 | P43: 25cm Kırmızı koli-Bulgarca Etiket | Q43: 24-26 cm | R43: 84 | S43: 80x120cm -Epal+Epal | T43: Barkod üzerine Barkod Etiketi (050)
B44: =IF(C44="","",CONCATENATE(C44,E44)) -> TASTE LAND-BULGARİSTANTortillas 25cm TB 6pcs 390g | C44: TASTE LAND-BULGARİSTAN | D44: 8698829380698 | E44: Tortillas 25cm TB 6pcs 390g | F44: Tortillas Avrupa 25cm TB (711) | G44: Tam Buğdaylı | H44: 18 | I44: 25 | J44: Irak Soft | K44: 6 | L44: 18 | M44: 390 | N44: Yurtdışı | O44: 9 | P44: 25cm Kırmızı koli-Bulgarca TB Etiket | Q44: 24-26 cm | R44: 84 | S44: 80x120cm -Epal+Epal | T44: Barkod üzerine Barkod Etiketi (067)
B45: =IF(C45="","",CONCATENATE(C45,E45)) -> TASTE LAND-BULGARİSTANTortillas 20cm Sade 6pcs 270g | C45: TASTE LAND-BULGARİSTAN | D45: 8698829380698 | E45: Tortillas 20cm Sade 6pcs 270g | F45: Tortillas 20cm Sade | G45: SADE | H45: 18 | I45: 20 | J45: Irak Soft | K45: 6 | L45: 18 | M45: 270 | N45: Yurtdışı | O45: 9 | P45: 20cm Lacivert-Bulgarca Etiket | Q45: 19-21 cm | R45: 120 | S45: 100x120cm-Epal+Epal | T45: Barkod üzerine Barkod Etiketi (104)
B46: =IF(C46="","",CONCATENATE(C46,E46)) -> Ankara KahveTortillas 26cm Pizza 4pcs 480g | C46: Ankara Kahve | D46: 8698829380698 | E46: Tortillas 26cm Pizza 4pcs 480g | F46: Tortillas 26cm Pizza | G46: SADE | H46: 6 | I46: 26 | J46: Irak Soft | K46: 4 | L46: 6 | M46: 480 | N46: Yurtiçi | O46: 6 | P46: Pizza kolisi | Q46: 26 cm kesme -Beze 145-150g, Kesilmmeiş çap 27-28cm, Kesilmemiş ağı: 520-540g, Kesilmiş:475-485g | S46: 80x120cm
B47: =IF(C47="","",CONCATENATE(C47,E47)) -> LAIKYUZHN-BELARUSTortillas 25cm Tam buğday 4pcs 240g | C47: LAIKYUZHN-BELARUS | D47: 8698829380698 | E47: Tortillas 25cm Tam buğday 4pcs 240g | F47: Tortillas 25cm Tam Buğday | G47: Tam Buğdaylı | H47: 30 | I47: 25 | J47: Soft-PA3 | K47: 4 | L47: 30 | M47: 240 | N47: Yurtdışı | O47: 12 | P47: 25cm Kolisi-Etiketli | Q47: 24-26 cm (Macca Hetto Inkjet Uzun Tarih) | R47: 84 | S47: 80x120cm
B48: =IF(C48="","",CONCATENATE(C48,E48)) -> LAIKYUZHN-BELARUSTortillas 25cm Domatesli 4pcs 240g | C48: LAIKYUZHN-BELARUS | D48: 8698829380698 | E48: Tortillas 25cm Domatesli 4pcs 240g | F48: Tortillas 25cm Domatesli | G48: Domatesli | H48: 30 | I48: 25 | J48: Soft-PA3 | K48: 4 | L48: 30 | M48: 240 | N48: Yurtdışı | O48: 12 | P48: 25cm Kolisi-Etiketli | Q48: 24-26 cm (Macca Hetto Inkjet Uzun Tarih) | R48: 84 | S48: 80x120cm
B49: =IF(C49="","",CONCATENATE(C49,E49)) -> LAIKYUZHN-BELARUSTortillas 25cm Ispanaklı 4pcs 240g | C49: LAIKYUZHN-BELARUS | D49: 8698829380698 | E49: Tortillas 25cm Ispanaklı 4pcs 240g | F49: Tortillas 25cm Ispanaklı | G49: Ispanaklı | H49: 30 | I49: 25 | J49: Soft-PA3 | K49: 4 | L49: 30 | M49: 240 | N49: Yurtdışı | O49: 12 | P49: 25cm Kolisi-Etiketli | Q49: 24-26 cm (Macca Hetto Inkjet Uzun Tarih) | R49: 84 | S49: 80x120cm
B50: =IF(C50="","",CONCATENATE(C50,E50)) -> LAIKYUZHN-BELARUSMagnit Tortillas 25cm Peynirli 4pcs 240g | C50: LAIKYUZHN-BELARUS | D50: 8698829380698 | E50: Magnit Tortillas 25cm Peynirli 4pcs 240g | F50: Magnit Tortillas 25cm Peynirli | G50: Peynirli | H50: 30 | I50: 25 | J50: Soft-PA3-AT | K50: 4 | L50: 30 | M50: 250 | N50: Yurtdışı | O50: 9 | P50: 25cm Kolisi-Etiketli | Q50: 24-26 cm (Macca Hetto Inkjet Uzun Tarih) | R50: 84 | S50: 80x120cm | T50: Etiketli
B51: =IF(C51="","",CONCATENATE(C51,E51)) -> LAIKYUZHN-BELARUSBaskısız 30cm 12pcs 1020g | C51: LAIKYUZHN-BELARUS | D51: 8698829380698 | E51: Baskısız 30cm 12pcs 1020g | F51: Baskısız 30cm | G51: SADE | H51: 10 | I51: 30 | J51: Soft-PA3 | K51: 12 | L51: 10 | M51: 1020 | N51: Yurtdışı | O51: 12 | P51: 30 cm Kolisi | Q51: 24-26 cm (Macca Hetto Inkjet Uzun Tarih) | T51: 8698829381237 Barkod Etiketli
B52: =IF(C52="","",CONCATENATE(C52,E52)) -> LAIKYUZHN-BELARUSKırmızı Tortillas 25cm 4ps 240g | C52: LAIKYUZHN-BELARUS | D52: 8698829380698 | E52: Kırmızı Tortillas 25cm 4ps 240g | F52: Kırmızı Tortillas 25cm | G52: SADE | H52: 30 | I52: 25 | J52: Soft-PA3 | K52: 4 | L52: 30 | M52: 240 | N52: Yurtdışı | O52: 12 | P52: 25cm Kolisi-Etiketli | Q52: 24-26 cm (Macca Hetto Inkjet Uzun Tarih) | R52: 84 | S52: 80x120cm
B53: =IF(C53="","",CONCATENATE(C53,E53)) -> LAIKYUZHN-BELARUSTortillas Pizza 26cm 4pcs 480g | C53: LAIKYUZHN-BELARUS | D53: 8698829380698 | E53: Tortillas Pizza 26cm 4pcs 480g | F53: Tortillas Pizza 26cm | G53: SADE | H53: 12 | I53: 26 | J53: Soft-PA3 | K53: 2 | L53: 12 | M53: 240 | N53: Yurtdışı | O53: 9 | P53: 26 cm pizza kolisi-Etiketli | Q53: 24-26 cm (Macca Hetto Inkjet Uzun Tarih) | R53: 192 | S53: 80x120cm
B54: =IF(C54="","",CONCATENATE(C54,E54)) -> UNITERA-KAZAKİSTANTortillas 25cm Tam Buğday 6pcs 390g | C54: UNITERA-KAZAKİSTAN | D54: 8698829380698 | E54: Tortillas 25cm Tam Buğday 6pcs 390g | F54: Tortillas 25cm Tam Buğday | G54: Tam Buğdaylı | H54: 18 | I54: 25 | J54: Irak Soft | K54: 6 | L54: 18 | M54: 390 | N54: YURTDIŞI | O54: 9 | P54: 25cm Koli-Kazakça Etiketli | Q54: 24-26 cm | R54: 50 | S54: 80x120cm | T54: Arka kısma İçerik
B55: =IF(C55="","",CONCATENATE(C55,E55)) -> UNITERA-KAZAKİSTANTortillas 20cm Sade 6pcs 270g | C55: UNITERA-KAZAKİSTAN | D55: 8698829380698 | E55: Tortillas 20cm Sade 6pcs 270g | F55: Tortillas 20cm Sade | G55: SADE | H55: 18 | I55: 20 | J55: Irak Soft | K55: 6 | L55: 18 | M55: 270 | N55: YURTDIŞI | O55: 9 | P55: 20cm Koli | Q55: 19-21cm | R55: 100 | S55: 80x120cm | T55: Arka kısma İçerik
B56: =IF(C56="","",CONCATENATE(C56,E56)) -> UNITERA-KAZAKİSTANKırmızı Tortillas 25cm Sade 6pcs 390g | C56: UNITERA-KAZAKİSTAN | D56: 8698829380698 | E56: Kırmızı Tortillas 25cm Sade 6pcs 390g | F56: Kırmızı Tortillas 25cm Sade | G56: SADE | H56: 18 | I56: 25 | J56: Irak Soft | K56: 6 | L56: 18 | M56: 390 | N56: YURTDIŞI | O56: 9 | P56: 25cm Koli | Q56: 24-26 cm | R56: 50 | S56: 80x120cm | T56: Arka kısma İçerik
B57: =IF(C57="","",CONCATENATE(C57,E57)) -> SMART LLCTortillas 20cm Çok Tahıllı 4pcs 166g | C57: SMART LLC | D57: 8698829380698 | E57: Tortillas 20cm Çok Tahıllı 4pcs 166g | F57: Tortillas 20cm Çok Tahıllı | G57: Çok Tahıllı | H57: 14 | I57: 20 | J57: Irak Soft | K57: 4 | L57: 14 | M57: 166 | N57: Yurtdışı | O57: 9 | P57: SİYAH KARE KOLİ-Üretim Tarihi Etiketli | Q57: 19-21 cm | R57: 225
B58: =IF(C58="","",CONCATENATE(C58,E58)) -> AjjawiLazeza 30 cm 6pcs 510g | C58: Ajjawi | D58: 8698829380698 | E58: Lazeza 30 cm 6pcs 510g | F58: Lazeza 30cm | G58: SADE | H58: 18 | I58: 30 | J58: Irak Soft | K58: 6 | L58: 18 | M58: 510 | N58: Yurtdışı | O58: 6 | P58: Lazeza Kolisi | Q58: 29-31 cm
B59: =IF(C59="","",CONCATENATE(C59,E59)) -> TVK ImportBaskısız 30cm 12pcs 1020g | C59: TVK Import | D59: 8698829380698 | E59: Baskısız 30cm 12pcs 1020g | F59: Baskısız 30cm | G59: SADE | H59: 10 | I59: 30 | J59: Irak soft | K59: 12 | L59: 10 | M59: 1020 | N59: Yurtdışı | O59: 6 | P59: 30cm Kolisi | Q59: 29-31 cm | T59: Tüm Bilgiler Sade
B60: =IF(C60="","",CONCATENATE(C60,E60)) -> TVK ImportBaskısız 30cm TB 12pcs 1020g | C60: TVK Import | D60: 8698829380698 | E60: Baskısız 30cm TB 12pcs 1020g | F60: Baskısız 30cm | G60: Tam Buğdaylı | H60: 10 | I60: 30 | J60: Irak soft | K60: 12 | L60: 10 | M60: 1020 | N60: Yurtdışı | O60: 6 | P60: 30cm Kolisi-Etiketli | Q60: 29-31 cm | T60: Tüm Bilgiler TB
B61: =IF(C61="","",CONCATENATE(C61,E61)) -> TVK ImportBaskısız 30cm Ispanaklı 12pcs 1020g | C61: TVK Import | D61: 8698829380698 | E61: Baskısız 30cm Ispanaklı 12pcs 1020g | F61: Baskısız 30cm | G61: Ispanaklı | H61: 10 | I61: 30 | J61: Irak soft | K61: 12 | L61: 10 | M61: 1020 | N61: Yurtdışı | O61: 6 | P61: 30cm Kolisi-Etiketli | Q61: 29-31 cm | T61: Tüm Bilgiler Ispanaklı
B62: =IF(C62="","",CONCATENATE(C62,E62)) -> Sons Of HannaHappylla 25cm Sade 6pcs 390g | C62: Sons Of Hanna | D62: 8698829380698 | E62: Happylla 25cm Sade 6pcs 390g | F62: Happylla 25cm | G62: SADE | H62: 18 | I62: 25 | J62: Irak Soft | K62: 6 | L62: 18 | M62: 390 | N62: Yurtdışı | O62: 8 | P62: Kırmızı Koli | Q62: 24-26cm
B63: =IF(C63="","",CONCATENATE(C63,E63)) -> Sons Of HannaHappylla 30cm Sade 6pcs 510g | C63: Sons Of Hanna | D63: 8698829380698 | E63: Happylla 30cm Sade 6pcs 510g | F63: Happylla 30cm | G63: SADE | H63: 18 | I63: 30 | J63: Irak Soft | K63: 6 | L63: 18 | M63: 510 | N63: Yurtdışı | O63: 8 | P63: 30cm Koli | Q63: 29-31 cm
B64: =IF(C64="","",CONCATENATE(C64,E64)) -> Sons Of HannaTortillas 30cm Tam Buğday6pcs 510g | C64: Sons Of Hanna | D64: 8698829380698 | E64: Tortillas 30cm Tam Buğday6pcs 510g | F64: Tortillas 30cm Tam Buğday | G64: Tam Buğdaylı | H64: 18 | I64: 30 | J64: Irak Soft | K64: 6 | L64: 18 | M64: 510 | N64: Yurtdışı | O64: 8 | P64: 30cm Koli - TB Etiketli | Q64: 29-31 cm
B65: =IF(C65="","",CONCATENATE(C65,E65)) -> AjjawiLazeza 25 cm 6pcs 390g | C65: Ajjawi | D65: 8698829380698 | E65: Lazeza 25 cm 6pcs 390g | F65: Lazeza 25cm | G65: SADE | H65: 18 | I65: 25 | J65: Irak Soft | K65: 6 | L65: 18 | M65: 390 | N65: Yurtdışı | O65: 6 | P65: Lazeza Kolisi | Q65: 24-26 cm
B66: =IF(C66="","",CONCATENATE(C66,E66)) -> Gülbahar CompanyBaskısız 25cm Sade 8pcs 480g | C66: Gülbahar Company | D66: 8698829380698 | E66: Baskısız 25cm Sade 8pcs 480g | F66: Baskısız 25 cm | G66: SADE | H66: 14 | I66: 25 | J66: Irak Soft | K66: 8 | L66: 14 | M66: 480 | N66: Yurtdışı | O66: 6 | P66: Kırmızı Koli | Q66: 24-26 cm | T66: Lana 25cm 8pcs 480g Yuvarlak
B67: =IF(C67="","",CONCATENATE(C67,E67)) -> GERMESHanami Germes Tako 15cm 6pcs 150g | C67: GERMES | D67: 8698829380698 | E67: Hanami Germes Tako 15cm 6pcs 150g | F67: Hanami Tako 15cm | G67: SADE | H67: 20 | I67: 15 | J67: Irak Soft | K67: 6 | L67: 20 | M67: 150 | N67: Yurtdışı | O67: 9 | P67: Hanami Tako 15cm-Üretim Tarihi Atılacak | Q67: 14-16 cm | T67: Ambalaj kaç aylık kontrol?
B68: =IF(C68="","",CONCATENATE(C68,E68)) -> Gülbahar CompanyBaskısız 15cm Sade 8pcs 220g | C68: Gülbahar Company | D68: 8698829380698 | E68: Baskısız 15cm Sade 8pcs 220g | F68: Baskısız 15 cm | G68: SADE | H68: 14 | I68: 15 | J68: Irak Soft | K68: 8 | L68: 14 | M68: 220 | N68: Yurtdışı | O68: 6 | P68: 15cm koli | Q68: 24-26 cm (Inkjet ile Bilgiler Atılacak) | T68: Lana 15cm 8pcs 220g Yuvarlak
B69: =IF(C69="","",CONCATENATE(C69,E69)) -> EYALDurum 3 lü paket sade 1620g | C69: EYAL | D69: 8698829380698 | E69: Durum 3 lü paket sade 1620g | F69: Durum 3 lü paket sade 1620g (İç-Dış Ambalaj) | G69: SADE | H69: 4 | I69: 20 | J69: Irak Soft | K69: 36 | L69: 4 | M69: 1620 | N69: Yurtdışı | P69: Lacivert 20cm Koli-İbranice Sade Etiketli | Q69: 19-21 cm
B70: =IF(C70="","",CONCATENATE(C70,E70)) -> EYALDurum 3 lü paket TB 1620g | C70: EYAL | D70: 8698829380698 | E70: Durum 3 lü paket TB 1620g | F70: Durum 3 lü paket TB 1620g (İç-Dış Ambalaj) | G70: Tam Buğdaylı | H70: 4 | I70: 20 | J70: Irak Soft | K70: 36 | L70: 4 | M70: 1620 | N70: Yurtdışı | P70: Lacivert 20cm Koli-İbranice TB Etiketli | Q70: 19-21 cm
B71: =IF(C71="","",CONCATENATE(C71,E71)) -> EYALDurum 30cm sade 18 li 1620g | C71: EYAL | D71: 8698829380698 | E71: Durum 30cm sade 18 li 1620g | F71: Durum 30cm Sade 18pcs 1620g | G71: SADE | H71: 18 | I71: 30 | J71: Irak Soft | K71: 18 | L71: 6 | M71: 1620 | N71: Yurtdışı | P71: 30cm kolisi-Etiketli | Q71: 29-31 cm
B72: =IF(C72="","",CONCATENATE(C72,E72)) -> LAIKYUZHN-BELARUSTortillas 25cm Sade 4pcs 240g | C72: LAIKYUZHN-BELARUS | D72: 8698829380698 | E72: Tortillas 25cm Sade 4pcs 240g | F72: Tortillas 25cm Sade | G72: SADE | H72: 30 | I72: 25 | J72: Soft-PA3 | K72: 4 | L72: 30 | M72: 240 | N72: Yurtdışı | O72: 12 | P72: 25cm Kolisi-Etiketli | Q72: 24-26 cm (Macca Hetto Inkjet Uzun Tarih) | R72: 84 | S72: 80x120cm
B73: =IF(C73="","",CONCATENATE(C73,E73)) -> DonipaDonipa 30cm 18pcs 1710g | C73: Donipa | D73: 8698829380698 | E73: Donipa 30cm 18pcs 1710g | F73: Baskısız 30cm | G73: SADE | H73: 6 | I73: 30 | J73: Irak soft | K73: 18 | L73: 6 | M73: 1710 | N73: Yurtiçi | O73: 6 | P73: 30cm koli-Etiketli | Q73: 29-31 cm | T73: Donipa 30cm 18pcs 1710g etiketli
B74: =IF(C74="","",CONCATENATE(C74,E74)) -> A101Mutlukal Tortillas Sade 25cm 6pcs 390g | C74: A101 | D74: 8698829380698 | E74: Mutlukal Tortillas Sade 25cm 6pcs 390g | F74: Tortillas 25cm | G74: SADE | H74: 20 | I74: 25 | J74: SOFT-PA3 | K74: 6 | L74: 20 | M74: 390 | N74: Yurtiçi | O74: 6 | P74: Kırmızı Koli 25cm-Barkod Etiketli | Q74: 24-26 cm | R74: 54
B75: =IF(C75="","",CONCATENATE(C75,E75)) -> Bağ TicaretHappylla 30cm Sade 10pcs 900g | C75: Bağ Ticaret | D75: 8698829380698 | E75: Happylla 30cm Sade 10pcs 900g | F75: Happylla 30cm | G75: SADE | H75: 12 | I75: 30 | J75: Standart | K75: 10 | L75: 12 | M75: 900 | N75: Yurtdışı | O75: 6 | P75: 30cm kolisi | Q75: 29-31 cm | R75: 60 | S75: 95*130cm
B76: =IF(C76="","",CONCATENATE(C76,E76)) -> Bağ TicaretHappylla 25cm Sade 10pcs 500g | C76: Bağ Ticaret | D76: 8698829380698 | E76: Happylla 25cm Sade 10pcs 500g | F76: Happylla 500g | G76: SADE | H76: 12 | I76: 25 | J76: Irak Soft | K76: 10 | L76: 12 | M76: 500 | N76: Yurtdışı | O76: 6 | P76: Kırmızı Koli 25cm | Q76: 23-26cm | R76: 104 | S76: 110*110cm
B77: =IF(C77="","",CONCATENATE(C77,E77)) -> Bağ TicaretHappylla 25 cm 10 lu 650g | C77: Bağ Ticaret | D77: 8698829380698 | E77: Happylla 25 cm 10 lu 650g | F77: Happylla 25cm | G77: Tam Buğdaylı | H77: 12 | I77: 25 | J77: Standart | K77: 10 | L77: 12 | M77: 650 | N77: Yurtdışı | O77: 6 | P77: Kırmızı Koli 25cm-Arapça etiketli | Q77: 24-26cm | R77: 104 | S77: 110*110cm | T77: Happylla 650g-Etiketli
B78: =IF(C78="","",CONCATENATE(C78,E78)) -> Oqqa NaturalOqqa 25cm 10 lu 650g | C78: Oqqa Natural | D78: 8698829380698 | E78: Oqqa 25cm 10 lu 650g | F78: Oqqa 25cm 650g (Etiketli) | G78: SADE (Folik Asitli Un) | H78: 12 | I78: 25 | J78: Irak Soft | K78: 10 | L78: 12 | M78: 650 | N78: Yurtdışı | O78: 12 | P78: Kırmızı Koli-Etiketli | Q78: 24-26cm | T78: Folik Asit Bilgisi Etiketli-Besin Değerleri
B79: =IF(C79="","",CONCATENATE(C79,E79)) -> WillifoodWillifood 20cm 10 pcs 450g | C79: Willifood | D79: 8698829380698 | E79: Willifood 20cm 10 pcs 450g | F79: Willifood 20cm 10 pcs 450g | G79: SADE | H79: 12 | I79: 20 | J79: Irak Soft | K79: 10 | L79: 12 | M79: 450 | N79: Yurtdışı | O79: Özel Tarih | P79: 20cm koli-Etiketli | Q79: 19-21 cm
B80: =IF(C80="","",CONCATENATE(C80,E80)) -> A101Baskısız 25cm 6 pcs 390g (Deneme) | C80: A101 | D80: 8698829380698 | E80: Baskısız 25cm 6 pcs 390g (Deneme) | F80: Baskısız 25cm proteinli (Deneme) | G80: Proteinli | H80: 20 | I80: 25 | J80: Mauri (5kg yağ+2lt gliserin+gluten 3kg+protein 11.4kg+katkı) | K80: 6 | L80: 20 | M80: 390 | N80: Yurtiçi | O80: 5 | P80: Kırmızı koli-Etiketli | Q80: 24-26 cm
B81: =IF(C81="","",CONCATENATE(C81,E81)) -> WillifoodWillifood 25cm 8 pcs 560g | C81: Willifood | D81: 8698829380698 | E81: Willifood 25cm 8 pcs 560g | F81: Willifood 25cm 8 pcs 560g | G81: SADE | H81: 14 | I81: 25 | J81: ırak Soft | K81: 8 | L81: 14 | M81: 560 | N81: YURTDIŞI | O81: 18 | P81: KIRMIZI KOLİ-ETİKETLİ | Q81: 24-26 CM
B82: =IF(C82="","",CONCATENATE(C82,E82)) -> WillifoodWillifood Pizza 26cm 4 pcs 480g | C82: Willifood | D82: 8698829380698 | E82: Willifood Pizza 26cm 4 pcs 480g | F82: Willifood 26 cm Pizza | G82: Pizza | H82: 12 | I82: 26 | J82: Irak Soft | K82: 4 | L82: 12 | M82: 480 | N82: Yurtdışı | O82: 18 | P82: Dürümek Kolisi-Çift Etiket | Q82: Kesme.Bezeler 145-150 g.Kesilmemiş 27-28 cm. Kesilmemiş ağ 520-540g. Kesilmiş ağ 475-485 g
B83: =IF(C83="","",CONCATENATE(C83,E83)) -> Yüksekbaş GıdaYüksekbaş 15cm 10 pcs 250g | C83: Yüksekbaş Gıda | D83: 8698829380698 | E83: Yüksekbaş 15cm 10 pcs 250g | F83: Tortillove 15cm | G83: SADE | H83: 12 | I83: 15 | J83: Irak Soft | K83: 10 | L83: 12 | M83: 250 | N83: Yurtdışı | O83: 6 | P83: 15cm koli | Q83: 14-16 cm | R83: 100 | S83: 85*115cm
B84: =IF(C84="","",CONCATENATE(C84,E84)) -> Yüksekbaş GıdaYüksekbaş 20cm 10pcs 450g | C84: Yüksekbaş Gıda | D84: 8698829380698 | E84: Yüksekbaş 20cm 10pcs 450g | F84: Tortillove 20cm | G84: SADE | H84: 12 | I84: 20 | J84: Irak Soft | K84: 10 | L84: 12 | M84: 450 | N84: Yurtdışı | O84: 6 | P84: 20cm kolisi | Q84: 19-21 cm | R84: 100 | S84: 100*120cm
B85: =IF(C85="","",CONCATENATE(C85,E85)) -> Yüksekbaş GıdaYüksekbaş 25cm 10pcs 650g | C85: Yüksekbaş Gıda | D85: 8698829380698 | E85: Yüksekbaş 25cm 10pcs 650g | F85: Tortillove 25cm | G85: SADE | H85: 12 | I85: 25 | J85: Irak Soft | K85: 10 | L85: 12 | M85: 650 | N85: Yurtdışı | O85: 6 | P85: 25cm Kırmızı Koli | Q85: 24-26 cm | R85: 100 | S85: 110*110cm
B86: =IF(C86="","",CONCATENATE(C86,E86)) -> Yüksekbaş GıdaYüksekbaş 30cm 10pcs 950g | C86: Yüksekbaş Gıda | D86: 8698829380698 | E86: Yüksekbaş 30cm 10pcs 950g | F86: Tortillove 30cm | G86: SADE | H86: 12 | I86: 30 | J86: Irak Soft | K86: 10 | L86: 12 | M86: 950 | N86: Yurtdışı | O86: 6 | P86: 30cm Kolisi | Q86: 29-31 cm | R86: 66 | S86: 95*130cm
B87: =IF(C87="","",CONCATENATE(C87,E87)) -> Yüksekbaş GıdaYüksekbaş TB 25cm 10pcs 650g | C87: Yüksekbaş Gıda | D87: 8698829380698 | E87: Yüksekbaş TB 25cm 10pcs 650g | F87: Tortillove Tam Buğday 25cm | G87: Tam Buğdaylı | H87: 12 | I87: 25 | J87: Irak Soft | K87: 10 | L87: 12 | M87: 650 | N87: Yurtdışı | O87: 6 | P87: 25cm Kırmızı Koli-Etiketli | Q87: 24-26 cm | R87: 100 | S87: 110*110cm
B88: =IF(C88="","",CONCATENATE(C88,E88)) -> GermesTortillas Domatesli 25cm 4pcs 250g | C88: Germes | D88: 8698829380698 | E88: Tortillas Domatesli 25cm 4pcs 250g | F88: Tortillas Domatesli 25cm (Germes Bilgileri Ekli) | G88: Domatesli | H88: 30 | I88: 25 | J88: Irak Soft | K88: 4 | L88: 30 | M88: 250 | N88: Yurtdışı | O88: 9 | P88: 25cm Kırmızı Koli-Üretim Tarihli Etiketli
B89: =IF(C89="","",CONCATENATE(C89,E89)) -> GermesTortillas Ispanaklı 25cm 4pcs 250g | C89: Germes | D89: 8698829380698 | E89: Tortillas Ispanaklı 25cm 4pcs 250g | F89: Tortillas Ispanaklı 25cm (Germes Bilgileri Ekli) | G89: Ispanaklı | H89: 30 | I89: 25 | J89: Irak Soft | K89: 4 | L89: 30 | M89: 250 | N89: Yurtdışı | O89: 9 | P89: 25cm Kırmızı Koli-Üretim Tarihli Etiketli
B90: =IF(C90="","",CONCATENATE(C90,E90)) -> Fama GroupTortillas 33cm 10pcs 1000g | C90: Fama Group | D90: 8698829380698 | E90: Tortillas 33cm 10pcs 1000g | F90: Tortillas 33cm | G90: Sade | H90: 12 | I90: 33 | J90: Irak Soft | K90: 10 | L90: 12 | M90: 1000 | N90: Yurtdışı | O90: 12 | P90: 33cm Kolisi | Q90: 32-34 cm | R90: 50 | S90: 95*130cm
B91: =IF(C91="","",CONCATENATE(C91,E91)) -> Fama GroupTortillas Pizza 26cm 4pcs 480g | C91: Fama Group | D91: 8698829380698 | E91: Tortillas Pizza 26cm 4pcs 480g | F91: Tortillas Pizza 26cm | G91: Sade | H91: 6 | I91: 26 | J91: Irak Soft | K91: 4 | L91: 6 | M91: 480 | N91: Yurtdışı | O91: 12 | P91: Pizza Kolisi-ETİKETLİ | Q91: 25-27 cm | R91: 50 | S91: 80*120cm
B92: =IF(C92="","",CONCATENATE(C92,E92)) -> Fama GroupTortillas 25cm Tam Buğday 10pcs 650g | C92: Fama Group | D92: 8698829380698 | E92: Tortillas 25cm Tam Buğday 10pcs 650g | F92: Tortillas 25cm Tam Buğday | G92: Tam Buğdaylı | H92: 12 | I92: 25 | J92: Irak Soft | K92: 10 | L92: 12 | M92: 650 | N92: Yurtdışı | O92: 12 | P92: 25cm Kolisi-Etiketli | Q92: 24-26 cm | R92: 50 | S92: 80*120cm
B93: =IF(C93="","",CONCATENATE(C93,E93)) -> Fama GroupTortillas 30cm 10pcs 850g | C93: Fama Group | D93: 8698829380698 | E93: Tortillas 30cm 10pcs 850g | F93: Tortillas 30cm | G93: Sade | H93: 12 | I93: 30 | J93: Irak Soft | K93: 10 | L93: 12 | M93: 850 | N93: Yurtdışı | O93: 12 | P93: 30 cm Kolisi | Q93: 29-31 cm | R93: 50 | S93: 95*130cm
B94: =IF(C94="","",CONCATENATE(C94,E94)) -> Fama GroupTortillas 25cm 10pcs 650g | C94: Fama Group | D94: 8698829380698 | E94: Tortillas 25cm 10pcs 650g | F94: Tortillas 25cm | G94: Sade | H94: 12 | I94: 25 | J94: Irak Soft | K94: 10 | L94: 12 | M94: 650 | N94: Yurtdışı | O94: 12 | P94: 25cm Kolisi | Q94: 24-26cm | R94: 50 | S94: 80*120cm
B95: =IF(C95="","",CONCATENATE(C95,E95)) -> Fama GroupTortillas 20cm 10pcs 450g | C95: Fama Group | D95: 8698829380698 | E95: Tortillas 20cm 10pcs 450g | F95: Tortillas 20cm | G95: Sade | H95: 12 | I95: 20 | J95: Irak Soft | K95: 10 | L95: 12 | M95: 450 | N95: Yurtdışı | O95: 12 | P95: 20cm Siyah Koli | Q95: 19-21cm | R95: 50 | S95: 80*120cm
B96: =IF(C96="","",CONCATENATE(C96,E96)) -> Fama GroupTortillas 15cm 10pcs 250g | C96: Fama Group | D96: 8698829380698 | E96: Tortillas 15cm 10pcs 250g | F96: Tortillas 15cm | G96: Sade | H96: 12 | I96: 15 | J96: Irak Soft | K96: 10 | L96: 12 | M96: 250 | N96: Yurtdışı | O96: 12 | P96: 15cm koli | Q96: 14-16cm | R96: 50 | S96: 80*120cm
B97: =IF(C97="","",CONCATENATE(C97,E97)) -> Yusuf KöseTortillas 33cm 10pcs 1000g | C97: Yusuf Köse | D97: 8698829380698 | E97: Tortillas 33cm 10pcs 1000g | F97: Tortillas 33cm | G97: Sade | H97: 12 | I97: 33 | J97: Irak Soft | K97: 10 | L97: 12 | M97: 1000 | N97: Yurtiçi | O97: 6 | P97: 33cm Kolisi | Q97: 32-34cm | R97: 50 | S97: 95*130cm
B98: =IF(C98="","",CONCATENATE(C98,E98)) -> Yusuf KöseTortillas 30cm 10pcs 950g | C98: Yusuf Köse | D98: 8698829380698 | E98: Tortillas 30cm 10pcs 950g | F98: Tortillas 30cm | G98: Sade | H98: 12 | I98: 30 | J98: Irak Soft | K98: 10 | L98: 12 | M98: 950 | N98: Yurtiçi | O98: 6 | P98: 30cm Kolisi | Q98: 29-31cm | R98: 50 | S98: 100*120cm
B99: =IF(C99="","",CONCATENATE(C99,E99)) -> Yusuf KöseTortillas 15cm 10pcs 250g | C99: Yusuf Köse | D99: 8698829380698 | E99: Tortillas 15cm 10pcs 250g | F99: Tortillas 15cm | G99: Sade | H99: 12 | I99: 15 | J99: Irak Soft | K99: 10 | L99: 12 | M99: 250 | N99: Yurtiçi | O99: 6 | P99: 15cm koli | Q99: 14-16cm | R99: 84 | S99: 80*120cm
B100: =IF(C100="","",CONCATENATE(C100,E100)) -> KopuzTortillas 33cm 10pcs 1000g | C100: Kopuz | D100: 8698829380698 | E100: Tortillas 33cm 10pcs 1000g | F100: Tortillas 33cm | G100: Sade | H100: 12 | I100: 33 | J100: Irak Soft | K100: 10 | L100: 12 | M100: 1000 | N100: Yurtiçi | O100: 6 | P100: 33cm Kolisi | Q100: 32-34cm
B101: =IF(C101="","",CONCATENATE(C101,E101)) -> LLC KOTORMANETKA PEYNİRLİ 25CM Irak Soft | C101: LLC KOTOR | D101: 8698829380698 | E101: MANETKA PEYNİRLİ 25CM Irak Soft | F101: MANETKA PEYNİRLİ 25 CM Irak Soft | G101: PEYNİRLİ | H101: 30 | I101: 25 | J101: IRAK SOFT-AT | K101: 4 | L101: 30 | M101: 250 | N101: YURTDIŞI | O101: 6 | P101: KIRMIZI KOLİ-TARİHLİ KOLİ ETİKETİ | Q101: 24-26 CM | R101: 78
B102: =IF(C102="","",CONCATENATE(C102,E102)) -> Switz TradingSwitz 25cm 8pcs 520g | C102: Switz Trading | D102: 8698829380698 | E102: Switz 25cm 8pcs 520g | F102: Switz 25cm 8pcs 520g | G102: Sade | H102: 14 | I102: 25 | J102: Irak soft | K102: 8 | L102: 14 | M102: 520 | N102: Yurtdışı | O102: 9 | P102: Kırmızı Koli | Q102: 24-26 cm | R102: 100 | S102: 110x110cm
...

Sheet Sayfa1
A1: MUTLUKAL-EK BİNA İŞ EMRİ
A2: MAKİNE 1 | AA2: 46176 | AB2: 0.5625
A3: SIRA | B3: FİRMA | C3: GTIN KODU | D3: ARAÇ SAYISI | E3: PRODUCT NAME / ÜRÜN ADI | F3: ORDER NUMBER / SİPARİŞ NUMARASI | G3: KAREKOD DOSYA ADI | H3: AMBALAJ | I3: AMBALAJ ETİKETİ | J3: CİNSİ | K3: ÜRETİLECEK MİKTAR/ KOLİ | L3: DEPO STOK / KOLİ | M3: ÜRETİLECEK MİKTAR/ PALET | N3: PALET/KOLİ | O3: SÜRE | P3: AMBALAJ MİKTAR | Q3: ÇAP | R3: FORMÜL | S3: PAKET İÇİ | T3: KOLİ İÇİ | U3: PAKET GRAMAJI | V3: TARİH | W3: SKT/AY | X3: ÜRT/PRD | Y3: TETT/EXP | Z3: PRT/LOT | AA3: KOLİ / TARİH | AB3: AÇIKLAMALAR | AC3: Palet Ölçüsü | AD3: Birleştir
A4: 1. | B4: LLC TRİTON | C4: =IF(B4="","",VLOOKUP(AD4,Varsayımlar!$B:$Q,3,0)) -> 8698829380698 | E4: MUTLUKAL WHEAT TORTILLA | F4: KB-006500 | G4: ZP4-021324 | H4: =IF(B4="","",VLOOKUP(AD4,Varsayımlar!$B:$Q,5,0)) -> TORTİLLAS 25 CM 4 PCS 260G | I4: =IF(B4="","",VLOOKUP(AD4,Varsayımlar!B:T,19,0)) -> 0 | J4: =IF(B4="","",VLOOKUP(AD4,Varsayımlar!$B:$Q,6,0)) -> SADE | K4: 2436 | L4: 1372 | M4: =IFERROR(IF(B4="","",K4/VLOOKUP(AD4,Varsayımlar!B:R,17,0)),"") -> 29 | N4: 84 | P4: =IF(B4="","",VLOOKUP(AD4,Varsayımlar!$B:$Q,7,0)*K4) -> 73080 | Q4: =IF(B4="","",VLOOKUP(AD4,Varsayımlar!$B:$Q,8,0)) -> 25 | R4: =IF(B4="","",VLOOKUP(AD4,Varsayımlar!$B:$Q,9,0)) -> SOFT | S4: =IF(B4="","",VLOOKUP(AD4,Varsayımlar!$B:$Q,10,0)) -> 4 | T4: =IF(B4="","",VLOOKUP(AD4,Varsayımlar!$B:$Q,11,0)) -> 30 | U4: =IF(B4="","",VLOOKUP(AD4,Varsayımlar!$B:$Q,12,0)) -> 260 | V4: =IF(B4="","",VLOOKUP(AD4,Varsayımlar!$B:$Q,13,0)) -> YURTDIŞI | W4: =IF(B4="","",VLOOKUP(AD4,Varsayımlar!$B:$Q,14,0)) -> 6 | X4: 46177 | Y4: 46360 | Z4: 26060425-1 | AA4: =IF(B4="","",VLOOKUP(AD4,Varsayımlar!$B:$Q,15,0)) -> TRİTON -SKT ATILACAK | AB4: =IF(B4="","",VLOOKUP(AD4,Varsayımlar!$B:$Q,16,0)) -> 24-26 CM | AC4: =IF(B4="","",VLOOKUP(Sayfa1!AD4,Varsayımlar!B:S,18,0)) -> 0 | AD4: =IF(B4="","",CONCATENATE(B4,E4)) -> LLC TRİTONMUTLUKAL WHEAT TORTILLA | AE4: BİTTİ
A5: 2. | B5: SMART LLC | C5: =IF(B5="","",VLOOKUP(AD5,Varsayımlar!$B:$Q,3,0)) -> 8698829380698 | E5: Tortillas 20cm Peynirli 4pcs 166g | G5: KAREKODSUZ ÜRETİLECEK | H5: =IF(B5="","",VLOOKUP(AD5,Varsayımlar!$B:$Q,5,0)) -> Tortillas 20cm (Samakat Bilgileri Ekli) | I5: =IF(B5="","",VLOOKUP(AD5,Varsayımlar!B:T,19,0)) -> 0 | J5: =IF(B5="","",VLOOKUP(AD5,Varsayımlar!$B:$Q,6,0)) -> PEYNİRLİ | K5: 7200 | M5: =IFERROR(IF(B5="","",K5/VLOOKUP(AD5,Varsayımlar!B:R,17,0)),"") -> 32 | N5: 225 | O5: 35 | P5: =IF(B5="","",VLOOKUP(AD5,Varsayımlar!$B:$Q,7,0)*K5) -> 100800 | Q5: =IF(B5="","",VLOOKUP(AD5,Varsayımlar!$B:$Q,8,0)) -> 20 | R5: =IF(B5="","",VLOOKUP(AD5,Varsayımlar!$B:$Q,9,0)) -> IRAK SOFT-AT | S5: =IF(B5="","",VLOOKUP(AD5,Varsayımlar!$B:$Q,10,0)) -> 4 | T5: =IF(B5="","",VLOOKUP(AD5,Varsayımlar!$B:$Q,11,0)) -> 14 | U5: =IF(B5="","",VLOOKUP(AD5,Varsayımlar!$B:$Q,12,0)) -> 166 | V5: =IF(B5="","",VLOOKUP(AD5,Varsayımlar!$B:$Q,13,0)) -> YURTDIŞI | W5: =IF(B5="","",VLOOKUP(AD5,Varsayımlar!$B:$Q,14,0)) -> 9 | X5: 46184 | Y5: 46457 | Z5: 26061120P | AA5: =IF(B5="","",VLOOKUP(AD5,Varsayımlar!$B:$Q,15,0)) -> Kare Koli-Üretim Tarihli Etiket | AB5: =IF(B5="","",VLOOKUP(AD5,Varsayımlar!$B:$Q,16,0)) -> 19-21 cm | AC5: =IF(B5="","",VLOOKUP(Sayfa1!AD5,Varsayımlar!B:S,18,0)) -> 0 | AD5: =IF(B5="","",CONCATENATE(B5,E5)) -> SMART LLCTortillas 20cm Peynirli 4pcs 166g
A6: 3. | B6: Sons Of Hanna | C6: =IF(B6="","",VLOOKUP(AD6,Varsayımlar!$B:$Q,3,0)) -> 8698829380698 | E6: Happylla 30cm Sade 6pcs 510g | H6: =IF(B6="","",VLOOKUP(AD6,Varsayımlar!$B:$Q,5,0)) -> Happylla 30cm | I6: =IF(B6="","",VLOOKUP(AD6,Varsayımlar!B:T,19,0)) -> 0 | J6: =IF(B6="","",VLOOKUP(AD6,Varsayımlar!$B:$Q,6,0)) -> SADE | K6: 1000 | M6: =IFERROR(IF(B6="","",K6/VLOOKUP(AD6,Varsayımlar!B:R,17,0)),"") | O6: 16 | P6: =IF(B6="","",VLOOKUP(AD6,Varsayımlar!$B:$Q,7,0)*K6) -> 18000 | Q6: =IF(B6="","",VLOOKUP(AD6,Varsayımlar!$B:$Q,8,0)) -> 30 | R6: =IF(B6="","",VLOOKUP(AD6,Varsayımlar!$B:$Q,9,0)) -> Irak Soft | S6: =IF(B6="","",VLOOKUP(AD6,Varsayımlar!$B:$Q,10,0)) -> 6 | T6: =IF(B6="","",VLOOKUP(AD6,Varsayımlar!$B:$Q,11,0)) -> 18 | U6: =IF(B6="","",VLOOKUP(AD6,Varsayımlar!$B:$Q,12,0)) -> 510 | V6: =IF(B6="","",VLOOKUP(AD6,Varsayımlar!$B:$Q,13,0)) -> Yurtdışı | W6: =IF(B6="","",VLOOKUP(AD6,Varsayımlar!$B:$Q,14,0)) -> 8 | AA6: =IF(B6="","",VLOOKUP(AD6,Varsayımlar!$B:$Q,15,0)) -> 30cm Koli | AB6: =IF(B6="","",VLOOKUP(AD6,Varsayımlar!$B:$Q,16,0)) -> 29-31 cm | AC6: =IF(B6="","",VLOOKUP(Sayfa1!AD6,Varsayımlar!B:S,18,0)) -> 0 | AD6: =IF(B6="","",CONCATENATE(B6,E6)) -> Sons Of HannaHappylla 30cm Sade 6pcs 510g
A7: 4. | B7: Sons Of Hanna | C7: =IF(B7="","",VLOOKUP(AD7,Varsayımlar!$B:$Q,3,0)) -> 8698829380698 | E7: Tortillas 30cm Tam Buğday6pcs 510g | H7: =IF(B7="","",VLOOKUP(AD7,Varsayımlar!$B:$Q,5,0)) -> Tortillas 30cm Tam Buğday | I7: =IF(B7="","",VLOOKUP(AD7,Varsayımlar!B:T,19,0)) -> 0 | J7: =IF(B7="","",VLOOKUP(AD7,Varsayımlar!$B:$Q,6,0)) -> Tam Buğdaylı | K7: 100 | M7: =IFERROR(IF(B7="","",K7/VLOOKUP(AD7,Varsayımlar!B:R,17,0)),"") | O7: 2 | P7: =IF(B7="","",VLOOKUP(AD7,Varsayımlar!$B:$Q,7,0)*K7) -> 1800 | Q7: =IF(B7="","",VLOOKUP(AD7,Varsayımlar!$B:$Q,8,0)) -> 30 | R7: =IF(B7="","",VLOOKUP(AD7,Varsayımlar!$B:$Q,9,0)) -> Irak Soft | S7: =IF(B7="","",VLOOKUP(AD7,Varsayımlar!$B:$Q,10,0)) -> 6 | T7: =IF(B7="","",VLOOKUP(AD7,Varsayımlar!$B:$Q,11,0)) -> 18 | U7: =IF(B7="","",VLOOKUP(AD7,Varsayımlar!$B:$Q,12,0)) -> 510 | V7: =IF(B7="","",VLOOKUP(AD7,Varsayımlar!$B:$Q,13,0)) -> Yurtdışı | W7: =IF(B7="","",VLOOKUP(AD7,Varsayımlar!$B:$Q,14,0)) -> 8 | AA7: =IF(B7="","",VLOOKUP(AD7,Varsayımlar!$B:$Q,15,0)) -> 30cm Koli - TB Etiketli | AB7: =IF(B7="","",VLOOKUP(AD7,Varsayımlar!$B:$Q,16,0)) -> 29-31 cm | AC7: =IF(B7="","",VLOOKUP(Sayfa1!AD7,Varsayımlar!B:S,18,0)) -> 0 | AD7: =IF(B7="","",CONCATENATE(B7,E7)) -> Sons Of HannaTortillas 30cm Tam Buğday6pcs 510g
A8: 5. | B8: SMART LLC | C8: =IF(B8="","",VLOOKUP(AD8,Varsayımlar!$B:$Q,3,0)) -> 8698829380698 | E8: Tortillas 20cm Çok Tahıllı 4pcs 166g | G8: KAREKODSUZ ÜRETİLECEK | H8: =IF(B8="","",VLOOKUP(AD8,Varsayımlar!$B:$Q,5,0)) -> Tortillas 20cm Çok Tahıllı | I8: =IF(B8="","",VLOOKUP(AD8,Varsayımlar!B:T,19,0)) -> 0 | J8: =IF(B8="","",VLOOKUP(AD8,Varsayımlar!$B:$Q,6,0)) -> Çok Tahıllı | K8: 5625 | M8: =IFERROR(IF(B8="","",K8/VLOOKUP(AD8,Varsayımlar!B:R,17,0)),"") -> 25 | N8: 225 | O8: 45 | P8: =IF(B8="","",VLOOKUP(AD8,Varsayımlar!$B:$Q,7,0)*K8) -> 78750 | Q8: =IF(B8="","",VLOOKUP(AD8,Varsayımlar!$B:$Q,8,0)) -> 20 | R8: =IF(B8="","",VLOOKUP(AD8,Varsayımlar!$B:$Q,9,0)) -> Irak Soft | S8: =IF(B8="","",VLOOKUP(AD8,Varsayımlar!$B:$Q,10,0)) -> 4 | T8: =IF(B8="","",VLOOKUP(AD8,Varsayımlar!$B:$Q,11,0)) -> 14 | U8: =IF(B8="","",VLOOKUP(AD8,Varsayımlar!$B:$Q,12,0)) -> 166 | V8: =IF(B8="","",VLOOKUP(AD8,Varsayımlar!$B:$Q,13,0)) -> Yurtdışı | W8: =IF(B8="","",VLOOKUP(AD8,Varsayımlar!$B:$Q,14,0)) -> 9 | X8: 46183 | Y8: 46456 | Z8: 26061020G | AA8: =IF(B8="","",VLOOKUP(AD8,Varsayımlar!$B:$Q,15,0)) -> SİYAH KARE KOLİ-Üretim Tarihi Etiketli | AB8: =IF(B8="","",VLOOKUP(AD8,Varsayımlar!$B:$Q,16,0)) -> 19-21 cm | AC8: =IF(B8="","",VLOOKUP(Sayfa1!AD8,Varsayımlar!B:S,18,0)) -> 0 | AD8: =IF(B8="","",CONCATENATE(B8,E8)) -> SMART LLCTortillas 20cm Çok Tahıllı 4pcs 166g
A9: 6. | B9: SMART LLC | C9: =IF(B9="","",VLOOKUP(AD9,Varsayımlar!$B:$Q,3,0)) -> 8698829380698 | E9: Tortillas 20cm Peynirli 4pcs 166g | G9: KAREKODSUZ ÜRETİLECEK | H9: =IF(B9="","",VLOOKUP(AD9,Varsayımlar!$B:$Q,5,0)) -> Tortillas 20cm (Samakat Bilgileri Ekli) | I9: =IF(B9="","",VLOOKUP(AD9,Varsayımlar!B:T,19,0)) -> 0 | J9: =IF(B9="","",VLOOKUP(AD9,Varsayımlar!$B:$Q,6,0)) -> PEYNİRLİ | K9: 1350 | M9: =IFERROR(IF(B9="","",K9/VLOOKUP(AD9,Varsayımlar!B:R,17,0)),"") -> 6 | N9: 225 | O9: 2 | P9: =IF(B9="","",VLOOKUP(AD9,Varsayımlar!$B:$Q,7,0)*K9) -> 18900 | Q9: =IF(B9="","",VLOOKUP(AD9,Varsayımlar!$B:$Q,8,0)) -> 20 | R9: =IF(B9="","",VLOOKUP(AD9,Varsayımlar!$B:$Q,9,0)) -> IRAK SOFT-AT | S9: =IF(B9="","",VLOOKUP(AD9,Varsayımlar!$B:$Q,10,0)) -> 4 | T9: =IF(B9="","",VLOOKUP(AD9,Varsayımlar!$B:$Q,11,0)) -> 14 | U9: =IF(B9="","",VLOOKUP(AD9,Varsayımlar!$B:$Q,12,0)) -> 166 | V9: =IF(B9="","",VLOOKUP(AD9,Varsayımlar!$B:$Q,13,0)) -> YURTDIŞI | W9: =IF(B9="","",VLOOKUP(AD9,Varsayımlar!$B:$Q,14,0)) -> 9 | X9: 46188 | Y9: 46461 | Z9: 26061520P | AA9: =IF(B9="","",VLOOKUP(AD9,Varsayımlar!$B:$Q,15,0)) -> Kare Koli-Üretim Tarihli Etiket | AB9: =IF(B9="","",VLOOKUP(AD9,Varsayımlar!$B:$Q,16,0)) -> 19-21 cm | AC9: =IF(B9="","",VLOOKUP(Sayfa1!AD9,Varsayımlar!B:S,18,0)) -> 0 | AD9: =IF(B9="","",CONCATENATE(B9,E9)) -> SMART LLCTortillas 20cm Peynirli 4pcs 166g
A10: 7. | B10: Ajjawi | C10: =IF(B10="","",VLOOKUP(AD10,Varsayımlar!$B:$Q,3,0)) -> 8698829380698 | E10: Lazeza 30 cm 6pcs 510g | H10: =IF(B10="","",VLOOKUP(AD10,Varsayımlar!$B:$Q,5,0)) -> Lazeza 30cm | I10: =IF(B10="","",VLOOKUP(AD10,Varsayımlar!B:T,19,0)) -> 0 | J10: =IF(B10="","",VLOOKUP(AD10,Varsayımlar!$B:$Q,6,0)) -> SADE | K10: 1700 | M10: =IFERROR(IF(B10="","",K10/VLOOKUP(AD10,Varsayımlar!B:R,17,0)),"") | O10: 25 | P10: =IF(B10="","",VLOOKUP(AD10,Varsayımlar!$B:$Q,7,0)*K10) -> 30600 | Q10: =IF(B10="","",VLOOKUP(AD10,Varsayımlar!$B:$Q,8,0)) -> 30 | R10: =IF(B10="","",VLOOKUP(AD10,Varsayımlar!$B:$Q,9,0)) -> Irak Soft | S10: =IF(B10="","",VLOOKUP(AD10,Varsayımlar!$B:$Q,10,0)) -> 6 | T10: =IF(B10="","",VLOOKUP(AD10,Varsayımlar!$B:$Q,11,0)) -> 18 | U10: =IF(B10="","",VLOOKUP(AD10,Varsayımlar!$B:$Q,12,0)) -> 510 | V10: =IF(B10="","",VLOOKUP(AD10,Varsayımlar!$B:$Q,13,0)) -> Yurtdışı | W10: =IF(B10="","",VLOOKUP(AD10,Varsayımlar!$B:$Q,14,0)) -> 6 | AA10: =IF(B10="","",VLOOKUP(AD10,Varsayımlar!$B:$Q,15,0)) -> Lazeza Kolisi | AB10: =IF(B10="","",VLOOKUP(AD10,Varsayımlar!$B:$Q,16,0)) -> 29-31 cm | AC10: =IF(B10="","",VLOOKUP(Sayfa1!AD10,Varsayımlar!B:S,18,0)) -> 0 | AD10: =IF(B10="","",CONCATENATE(B10,E10)) -> AjjawiLazeza 30 cm 6pcs 510g
A11: 8. | B11: TVK Import | C11: =IF(B11="","",VLOOKUP(AD11,Varsayımlar!$B:$Q,3,0)) -> 8698829380698 | E11: Baskısız 30cm 12pcs 1020g | G11: KAREKODSUZ ÜRETİLECEK | H11: =IF(B11="","",VLOOKUP(AD11,Varsayımlar!$B:$Q,5,0)) -> Baskısız 30cm | I11: =IF(B11="","",VLOOKUP(AD11,Varsayımlar!B:T,19,0)) -> Tüm Bilgiler Sade | J11: =IF(B11="","",VLOOKUP(AD11,Varsayımlar!$B:$Q,6,0)) -> SADE | K11: 792 | M11: =IFERROR(IF(B11="","",K11/VLOOKUP(AD11,Varsayımlar!B:R,17,0)),"") | O11: 13 | P11: =IF(B11="","",VLOOKUP(AD11,Varsayımlar!$B:$Q,7,0)*K11) -> 7920 | Q11: =IF(B11="","",VLOOKUP(AD11,Varsayımlar!$B:$Q,8,0)) -> 30 | R11: =IF(B11="","",VLOOKUP(AD11,Varsayımlar!$B:$Q,9,0)) -> Irak soft | S11: =IF(B11="","",VLOOKUP(AD11,Varsayımlar!$B:$Q,10,0)) -> 12 | T11: =IF(B11="","",VLOOKUP(AD11,Varsayımlar!$B:$Q,11,0)) -> 10 | U11: =IF(B11="","",VLOOKUP(AD11,Varsayımlar!$B:$Q,12,0)) -> 1020 | V11: =IF(B11="","",VLOOKUP(AD11,Varsayımlar!$B:$Q,13,0)) -> Yurtdışı | W11: =IF(B11="","",VLOOKUP(AD11,Varsayımlar!$B:$Q,14,0)) -> 6 | X11: 46190 | Y11: 46373 | Z11: 26061730 | AA11: =IF(B11="","",VLOOKUP(AD11,Varsayımlar!$B:$Q,15,0)) -> 30cm Kolisi | AB11: =IF(B11="","",VLOOKUP(AD11,Varsayımlar!$B:$Q,16,0)) -> 29-31 cm | AC11: =IF(B11="","",VLOOKUP(Sayfa1!AD11,Varsayımlar!B:S,18,0)) -> 0 | AD11: =IF(B11="","",CONCATENATE(B11,E11)) -> TVK ImportBaskısız 30cm 12pcs 1020g
A12: 9. | B12: TVK Import | C12: =IF(B12="","",VLOOKUP(AD12,Varsayımlar!$B:$Q,3,0)) -> 8698829380698 | E12: Baskısız 30cm TB 12pcs 1020g | G12: KAREKODSUZ ÜRETİLECEK | H12: =IF(B12="","",VLOOKUP(AD12,Varsayımlar!$B:$Q,5,0)) -> Baskısız 30cm | I12: =IF(B12="","",VLOOKUP(AD12,Varsayımlar!B:T,19,0)) -> Tüm Bilgiler TB | J12: =IF(B12="","",VLOOKUP(AD12,Varsayımlar!$B:$Q,6,0)) -> Tam Buğdaylı | K12: 576 | M12: =IFERROR(IF(B12="","",K12/VLOOKUP(AD12,Varsayımlar!B:R,17,0)),"") | O12: 10 | P12: =IF(B12="","",VLOOKUP(AD12,Varsayımlar!$B:$Q,7,0)*K12) -> 5760 | Q12: =IF(B12="","",VLOOKUP(AD12,Varsayımlar!$B:$Q,8,0)) -> 30 | R12: =IF(B12="","",VLOOKUP(AD12,Varsayımlar!$B:$Q,9,0)) -> Irak soft | S12: =IF(B12="","",VLOOKUP(AD12,Varsayımlar!$B:$Q,10,0)) -> 12 | T12: =IF(B12="","",VLOOKUP(AD12,Varsayımlar!$B:$Q,11,0)) -> 10 | U12: =IF(B12="","",VLOOKUP(AD12,Varsayımlar!$B:$Q,12,0)) -> 1020 | V12: =IF(B12="","",VLOOKUP(AD12,Varsayımlar!$B:$Q,13,0)) -> Yurtdışı | W12: =IF(B12="","",VLOOKUP(AD12,Varsayımlar!$B:$Q,14,0)) -> 6 | X12: 46190 | Y12: 46373 | Z12: 26061730T | AA12: =IF(B12="","",VLOOKUP(AD12,Varsayımlar!$B:$Q,15,0)) -> 30cm Kolisi-Etiketli | AB12: =IF(B12="","",VLOOKUP(AD12,Varsayımlar!$B:$Q,16,0)) -> 29-31 cm | AC12: =IF(B12="","",VLOOKUP(Sayfa1!AD12,Varsayımlar!B:S,18,0)) -> 0 | AD12: =IF(B12="","",CONCATENATE(B12,E12)) -> TVK ImportBaskısız 30cm TB 12pcs 1020g
A13: 10. | B13: TVK Import | C13: =IF(B13="","",VLOOKUP(AD13,Varsayımlar!$B:$Q,3,0)) -> 8698829380698 | E13: Baskısız 30cm Ispanaklı 12pcs 1020g | G13: KAREKODSUZ ÜRETİLECEK | H13: =IF(B13="","",VLOOKUP(AD13,Varsayımlar!$B:$Q,5,0)) -> Baskısız 30cm | I13: =IF(B13="","",VLOOKUP(AD13,Varsayımlar!B:T,19,0)) -> Tüm Bilgiler Ispanaklı | J13: =IF(B13="","",VLOOKUP(AD13,Varsayımlar!$B:$Q,6,0)) -> Ispanaklı | K13: 144 | M13: =IFERROR(IF(B13="","",K13/VLOOKUP(AD13,Varsayımlar!B:R,17,0)),"") | O13: 3 | P13: =IF(B13="","",VLOOKUP(AD13,Varsayımlar!$B:$Q,7,0)*K13) -> 1440 | Q13: =IF(B13="","",VLOOKUP(AD13,Varsayımlar!$B:$Q,8,0)) -> 30 | R13: =IF(B13="","",VLOOKUP(AD13,Varsayımlar!$B:$Q,9,0)) -> Irak soft | S13: =IF(B13="","",VLOOKUP(AD13,Varsayımlar!$B:$Q,10,0)) -> 12 | T13: =IF(B13="","",VLOOKUP(AD13,Varsayımlar!$B:$Q,11,0)) -> 10 | U13: =IF(B13="","",VLOOKUP(AD13,Varsayımlar!$B:$Q,12,0)) -> 1020 | V13: =IF(B13="","",VLOOKUP(AD13,Varsayımlar!$B:$Q,13,0)) -> Yurtdışı | W13: =IF(B13="","",VLOOKUP(AD13,Varsayımlar!$B:$Q,14,0)) -> 6 | X13: 46190 | Y13: 46373 | Z13: 26061730I | AA13: =IF(B13="","",VLOOKUP(AD13,Varsayımlar!$B:$Q,15,0)) -> 30cm Kolisi-Etiketli | AB13: =IF(B13="","",VLOOKUP(AD13,Varsayımlar!$B:$Q,16,0)) -> 29-31 cm | AC13: =IF(B13="","",VLOOKUP(Sayfa1!AD13,Varsayımlar!B:S,18,0)) -> 0 | AD13: =IF(B13="","",CONCATENATE(B13,E13)) -> TVK ImportBaskısız 30cm Ispanaklı 12pcs 1020g
A14: 11. | B14: SMART LLC | C14: =IF(B14="","",VLOOKUP(AD14,Varsayımlar!$B:$Q,3,0)) -> 8698829380698 | E14: Tortillas 20cm Çok Tahıllı 4pcs 166g | G14: KAREKODSUZ ÜRETİLECEK | H14: =IF(B14="","",VLOOKUP(AD14,Varsayımlar!$B:$Q,5,0)) -> Tortillas 20cm Çok Tahıllı | I14: =IF(B14="","",VLOOKUP(AD14,Varsayımlar!B:T,19,0)) -> 0 | J14: =IF(B14="","",VLOOKUP(AD14,Varsayımlar!$B:$Q,6,0)) -> Çok Tahıllı | K14: 225 | M14: =IFERROR(IF(B14="","",K14/VLOOKUP(AD14,Varsayımlar!B:R,17,0)),"") -> 1 | O14: 26 | P14: =IF(B14="","",VLOOKUP(AD14,Varsayımlar!$B:$Q,7,0)*K14) -> 3150 | Q14: =IF(B14="","",VLOOKUP(AD14,Varsayımlar!$B:$Q,8,0)) -> 20 | R14: =IF(B14="","",VLOOKUP(AD14,Varsayımlar!$B:$Q,9,0)) -> Irak Soft | S14: =IF(B14="","",VLOOKUP(AD14,Varsayımlar!$B:$Q,10,0)) -> 4 | T14: =IF(B14="","",VLOOKUP(AD14,Varsayımlar!$B:$Q,11,0)) -> 14 | U14: =IF(B14="","",VLOOKUP(AD14,Varsayımlar!$B:$Q,12,0)) -> 166 | V14: =IF(B14="","",VLOOKUP(AD14,Varsayımlar!$B:$Q,13,0)) -> Yurtdışı | W14: =IF(B14="","",VLOOKUP(AD14,Varsayımlar!$B:$Q,14,0)) -> 9 | X14: 46195 | Y14: 46468 | Z14: 26062220G | AA14: =IF(B14="","",VLOOKUP(AD14,Varsayımlar!$B:$Q,15,0)) -> SİYAH KARE KOLİ-Üretim Tarihi Etiketli | AB14: =IF(B14="","",VLOOKUP(AD14,Varsayımlar!$B:$Q,16,0)) -> 19-21 cm | AC14: =IF(B14="","",VLOOKUP(Sayfa1!AD14,Varsayımlar!B:S,18,0)) -> 0 | AD14: =IF(B14="","",CONCATENATE(B14,E14)) -> SMART LLCTortillas 20cm Çok Tahıllı 4pcs 166g
A15: 12. | B15: SMART LLC | C15: =IF(B15="","",VLOOKUP(AD15,Varsayımlar!$B:$Q,3,0)) -> 8698829380698 | E15: Tortillas 20cm Çok Tahıllı 4pcs 166g | G15: KAREKODSUZ ÜRETİLECEK | H15: =IF(B15="","",VLOOKUP(AD15,Varsayımlar!$B:$Q,5,0)) -> Tortillas 20cm Çok Tahıllı | I15: =IF(B15="","",VLOOKUP(AD15,Varsayımlar!B:T,19,0)) -> 0 | J15: =IF(B15="","",VLOOKUP(AD15,Varsayımlar!$B:$Q,6,0)) -> Çok Tahıllı | K15: 1800 | M15: =IFERROR(IF(B15="","",K15/VLOOKUP(AD15,Varsayımlar!B:R,17,0)),"") -> 8 | O15: 15 | P15: =IF(B15="","",VLOOKUP(AD15,Varsayımlar!$B:$Q,7,0)*K15) -> 25200 | Q15: =IF(B15="","",VLOOKUP(AD15,Varsayımlar!$B:$Q,8,0)) -> 20 | R15: =IF(B15="","",VLOOKUP(AD15,Varsayımlar!$B:$Q,9,0)) -> Irak Soft | S15: =IF(B15="","",VLOOKUP(AD15,Varsayımlar!$B:$Q,10,0)) -> 4 | T15: =IF(B15="","",VLOOKUP(AD15,Varsayımlar!$B:$Q,11,0)) -> 14 | U15: =IF(B15="","",VLOOKUP(AD15,Varsayımlar!$B:$Q,12,0)) -> 166 | V15: =IF(B15="","",VLOOKUP(AD15,Varsayımlar!$B:$Q,13,0)) -> Yurtdışı | W15: =IF(B15="","",VLOOKUP(AD15,Varsayımlar!$B:$Q,14,0)) -> 9 | X15: 46196 | Y15: 46469 | Z15: 26060320G | AA15: =IF(B15="","",VLOOKUP(AD15,Varsayımlar!$B:$Q,15,0)) -> SİYAH KARE KOLİ-Üretim Tarihi Etiketli | AB15: =IF(B15="","",VLOOKUP(AD15,Varsayımlar!$B:$Q,16,0)) -> 19-21 cm | AC15: =IF(B15="","",VLOOKUP(Sayfa1!AD15,Varsayımlar!B:S,18,0)) -> 0 | AD15: =IF(B15="","",CONCATENATE(B15,E15)) -> SMART LLCTortillas 20cm Çok Tahıllı 4pcs 166g
A16: 13. | B16: SMART LLC | C16: =IF(B16="","",VLOOKUP(AD16,Varsayımlar!$B:$Q,3,0)) -> 8698829380698 | E16: TORTİLLAS SAMAKAT 20CM 166G | G16: KAREKODSUZ ÜRETİLECEK | H16: =IF(B16="","",VLOOKUP(AD16,Varsayımlar!$B:$Q,5,0)) -> TORTİLLAS 20CM (SAMAKAT BİLGİLERİ EKLİ) | I16: =IF(B16="","",VLOOKUP(AD16,Varsayımlar!B:T,19,0)) -> 0 | J16: =IF(B16="","",VLOOKUP(AD16,Varsayımlar!$B:$Q,6,0)) -> SADE | K16: 6975 | M16: =IFERROR(IF(B16="","",K16/VLOOKUP(AD16,Varsayımlar!B:R,17,0)),"") -> 31 | O16: 56 | P16: =IF(B16="","",VLOOKUP(AD16,Varsayımlar!$B:$Q,7,0)*K16) -> 97650 | Q16: =IF(B16="","",VLOOKUP(AD16,Varsayımlar!$B:$Q,8,0)) -> 20 | R16: =IF(B16="","",VLOOKUP(AD16,Varsayımlar!$B:$Q,9,0)) -> IRAK SOFT | S16: =IF(B16="","",VLOOKUP(AD16,Varsayımlar!$B:$Q,10,0)) -> 4 | T16: =IF(B16="","",VLOOKUP(AD16,Varsayımlar!$B:$Q,11,0)) -> 14 | U16: =IF(B16="","",VLOOKUP(AD16,Varsayımlar!$B:$Q,12,0)) -> 166 | V16: =IF(B16="","",VLOOKUP(AD16,Varsayımlar!$B:$Q,13,0)) -> YURTDIŞI | W16: =IF(B16="","",VLOOKUP(AD16,Varsayımlar!$B:$Q,14,0)) -> 9 | X16: 46195 | Y16: 46468 | Z16: 26062220 | AA16: =IF(B16="","",VLOOKUP(AD16,Varsayımlar!$B:$Q,15,0)) -> SİYAH KARE KOLİ- Üretim Tarihi Etiketli | AB16: =IF(B16="","",VLOOKUP(AD16,Varsayımlar!$B:$Q,16,0)) -> 19-21 CM | AC16: =IF(B16="","",VLOOKUP(Sayfa1!AD16,Varsayımlar!B:S,18,0)) -> 0 | AD16: =IF(B16="","",CONCATENATE(B16,E16)) -> SMART LLCTORTİLLAS SAMAKAT 20CM 166G
A17: 14. | B17: SMART LLC | C17: =IF(B17="","",VLOOKUP(AD17,Varsayımlar!$B:$Q,3,0)) -> 8698829380698 | E17: Tortillas 20cm Peynirli 4pcs 166g | G17: KAREKODSUZ ÜRETİLECEK | H17: =IF(B17="","",VLOOKUP(AD17,Varsayımlar!$B:$Q,5,0)) -> Tortillas 20cm (Samakat Bilgileri Ekli) | I17: =IF(B17="","",VLOOKUP(AD17,Varsayımlar!B:T,19,0)) -> 0 | J17: =IF(B17="","",VLOOKUP(AD17,Varsayımlar!$B:$Q,6,0)) -> PEYNİRLİ | K17: 2925 | M17: =IFERROR(IF(B17="","",K17/VLOOKUP(AD17,Varsayımlar!B:R,17,0)),"") -> 13 | O17: 24 | P17: =IF(B17="","",VLOOKUP(AD17,Varsayımlar!$B:$Q,7,0)*K17) -> 40950 | Q17: =IF(B17="","",VLOOKUP(AD17,Varsayımlar!$B:$Q,8,0)) -> 20 | R17: =IF(B17="","",VLOOKUP(AD17,Varsayımlar!$B:$Q,9,0)) -> IRAK SOFT-AT | S17: =IF(B17="","",VLOOKUP(AD17,Varsayımlar!$B:$Q,10,0)) -> 4 | T17: =IF(B17="","",VLOOKUP(AD17,Varsayımlar!$B:$Q,11,0)) -> 14 | U17: =IF(B17="","",VLOOKUP(AD17,Varsayımlar!$B:$Q,12,0)) -> 166 | V17: =IF(B17="","",VLOOKUP(AD17,Varsayımlar!$B:$Q,13,0)) -> YURTDIŞI | W17: =IF(B17="","",VLOOKUP(AD17,Varsayımlar!$B:$Q,14,0)) -> 9 | X17: 46196 | Y17: 46469 | Z17: 26062320P | AA17: =IF(B17="","",VLOOKUP(AD17,Varsayımlar!$B:$Q,15,0)) -> Kare Koli-Üretim Tarihli Etiket | AB17: =IF(B17="","",VLOOKUP(AD17,Varsayımlar!$B:$Q,16,0)) -> 19-21 cm | AC17: =IF(B17="","",VLOOKUP(Sayfa1!AD17,Varsayımlar!B:S,18,0)) -> 0 | AD17: =IF(B17="","",CONCATENATE(B17,E17)) -> SMART LLCTortillas 20cm Peynirli 4pcs 166g
A18: 15. | B18: TASTE LAND-BULGARİSTAN | C18: =IF(B18="","",VLOOKUP(AD18,Varsayımlar!$B:$Q,3,0)) -> 8698829380698 | D18: 1. ARAÇ | E18: Tortillas 30cm Sade 18pcs 1620g | F18: 26042906 | H18: =IF(B18="","",VLOOKUP(AD18,Varsayımlar!$B:$Q,5,0)) -> Tortillas 30cm Sade | I18: =IF(B18="","",VLOOKUP(AD18,Varsayımlar!B:T,19,0)) -> Barkod üzerine-Bulgarca Barkodlu içerik etiketi (012) | J18: =IF(B18="","",VLOOKUP(AD18,Varsayımlar!$B:$Q,6,0)) -> SADE | K18: 120 | M18: =IFERROR(IF(B18="","",K18/VLOOKUP(AD18,Varsayımlar!B:R,17,0)),"") -> 2 | O18: 2 | P18: =IF(B18="","",VLOOKUP(AD18,Varsayımlar!$B:$Q,7,0)*K18) -> 720 | Q18: =IF(B18="","",VLOOKUP(AD18,Varsayımlar!$B:$Q,8,0)) -> 30 | R18: =IF(B18="","",VLOOKUP(AD18,Varsayımlar!$B:$Q,9,0)) -> Irak Soft | S18: =IF(B18="","",VLOOKUP(AD18,Varsayımlar!$B:$Q,10,0)) -> 18 | T18: =IF(B18="","",VLOOKUP(AD18,Varsayımlar!$B:$Q,11,0)) -> 6 | U18: =IF(B18="","",VLOOKUP(AD18,Varsayımlar!$B:$Q,12,0)) -> 1620 | V18: =IF(B18="","",VLOOKUP(AD18,Varsayımlar!$B:$Q,13,0)) -> Yurtdışı | W18: =IF(B18="","",VLOOKUP(AD18,Varsayımlar!$B:$Q,14,0)) -> 9 | AA18: =IF(B18="","",VLOOKUP(AD18,Varsayımlar!$B:$Q,15,0)) -> 30cm Lacivert Koli- Bulgarca Etiket | AB18: =IF(B18="","",VLOOKUP(AD18,Varsayımlar!$B:$Q,16,0)) -> 29-31 cm | AC18: =IF(B18="","",VLOOKUP(Sayfa1!AD18,Varsayımlar!B:S,18,0)) -> 95x130cm | AD18: =IF(B18="","",CONCATENATE(B18,E18)) -> TASTE LAND-BULGARİSTANTortillas 30cm Sade 18pcs 1620g
A19: 16. | B19: TASTE LAND-BULGARİSTAN | C19: =IF(B19="","",VLOOKUP(AD19,Varsayımlar!$B:$Q,3,0)) -> 8698829380698 | D19: 1. ARAÇ | E19: Tortillas 30cm Tam Buğday 18pcs 1620g | F19: 26042906 | H19: =IF(B19="","",VLOOKUP(AD19,Varsayımlar!$B:$Q,5,0)) -> Tortillas 30cm Tam Buğday | I19: =IF(B19="","",VLOOKUP(AD19,Varsayımlar!B:T,19,0)) -> Barkod üzerine-Bulgarca Barkodlu TB içerik etiketi (029) | J19: =IF(B19="","",VLOOKUP(AD19,Varsayımlar!$B:$Q,6,0)) -> Tam Buğdaylı | K19: 60 | M19: =IFERROR(IF(B19="","",K19/VLOOKUP(AD19,Varsayımlar!B:R,17,0)),"") -> 1 | O19: 1 | P19: =IF(B19="","",VLOOKUP(AD19,Varsayımlar!$B:$Q,7,0)*K19) -> 360 | Q19: =IF(B19="","",VLOOKUP(AD19,Varsayımlar!$B:$Q,8,0)) -> 30 | R19: =IF(B19="","",VLOOKUP(AD19,Varsayımlar!$B:$Q,9,0)) -> Irak Soft | S19: =IF(B19="","",VLOOKUP(AD19,Varsayımlar!$B:$Q,10,0)) -> 18 | T19: =IF(B19="","",VLOOKUP(AD19,Varsayımlar!$B:$Q,11,0)) -> 6 | U19: =IF(B19="","",VLOOKUP(AD19,Varsayımlar!$B:$Q,12,0)) -> 1620 | V19: =IF(B19="","",VLOOKUP(AD19,Varsayımlar!$B:$Q,13,0)) -> Yurtdışı | W19: =IF(B19="","",VLOOKUP(AD19,Varsayımlar!$B:$Q,14,0)) -> 9 | AA19: =IF(B19="","",VLOOKUP(AD19,Varsayımlar!$B:$Q,15,0)) -> 30cm Lacivert Koli- Bulgarca TB Etiket | AB19: =IF(B19="","",VLOOKUP(AD19,Varsayımlar!$B:$Q,16,0)) -> 29-31 cm | AC19: =IF(B19="","",VLOOKUP(Sayfa1!AD19,Varsayımlar!B:S,18,0)) -> 95x130cm | AD19: =IF(B19="","",CONCATENATE(B19,E19)) -> TASTE LAND-BULGARİSTANTortillas 30cm Tam Buğday 18pcs 1620g
A20: 17. | B20: TASTE LAND-BULGARİSTAN | C20: =IF(B20="","",VLOOKUP(AD20,Varsayımlar!$B:$Q,3,0)) -> 8698829380698 | D20: 3. ARAÇ | E20: Tortillas 30cm Tam Buğday 18pcs 1620g | F20: 26042908-2 | H20: =IF(B20="","",VLOOKUP(AD20,Varsayımlar!$B:$Q,5,0)) -> Tortillas 30cm Tam Buğday | I20: =IF(B20="","",VLOOKUP(AD20,Varsayımlar!B:T,19,0)) -> Barkod üzerine-Bulgarca Barkodlu TB içerik etiketi (029) | J20: =IF(B20="","",VLOOKUP(AD20,Varsayımlar!$B:$Q,6,0)) -> Tam Buğdaylı | K20: 60 | M20: =IFERROR(IF(B20="","",K20/VLOOKUP(AD20,Varsayımlar!B:R,17,0)),"") -> 1 | O20: 1 | P20: =IF(B20="","",VLOOKUP(AD20,Varsayımlar!$B:$Q,7,0)*K20) -> 360 | Q20: =IF(B20="","",VLOOKUP(AD20,Varsayımlar!$B:$Q,8,0)) -> 30 | R20: =IF(B20="","",VLOOKUP(AD20,Varsayımlar!$B:$Q,9,0)) -> Irak Soft | S20: =IF(B20="","",VLOOKUP(AD20,Varsayımlar!$B:$Q,10,0)) -> 18 | T20: =IF(B20="","",VLOOKUP(AD20,Varsayımlar!$B:$Q,11,0)) -> 6 | U20: =IF(B20="","",VLOOKUP(AD20,Varsayımlar!$B:$Q,12,0)) -> 1620 | V20: =IF(B20="","",VLOOKUP(AD20,Varsayımlar!$B:$Q,13,0)) -> Yurtdışı | W20: =IF(B20="","",VLOOKUP(AD20,Varsayımlar!$B:$Q,14,0)) -> 9 | AA20: =IF(B20="","",VLOOKUP(AD20,Varsayımlar!$B:$Q,15,0)) -> 30cm Lacivert Koli- Bulgarca TB Etiket | AB20: =IF(B20="","",VLOOKUP(AD20,Varsayımlar!$B:$Q,16,0)) -> 29-31 cm | AC20: =IF(B20="","",VLOOKUP(Sayfa1!AD20,Varsayımlar!B:S,18,0)) -> 95x130cm | AD20: =IF(B20="","",CONCATENATE(B20,E20)) -> TASTE LAND-BULGARİSTANTortillas 30cm Tam Buğday 18pcs 1620g
A21: 18. | B21: TASTE LAND-BULGARİSTAN | C21: =IF(B21="","",VLOOKUP(AD21,Varsayımlar!$B:$Q,3,0)) -> 8698829380698 | D21: 3. ARAÇ | E21: Tortillas 20cm Sade 6pcs 270g | F21: 26042908-2 | H21: =IF(B21="","",VLOOKUP(AD21,Varsayımlar!$B:$Q,5,0)) -> Tortillas 20cm Sade | I21: =IF(B21="","",VLOOKUP(AD21,Varsayımlar!B:T,19,0)) -> Barkod üzerine Barkod Etiketi (104) | J21: =IF(B21="","",VLOOKUP(AD21,Varsayımlar!$B:$Q,6,0)) -> SADE | K21: 120 | M21: =IFERROR(IF(B21="","",K21/VLOOKUP(AD21,Varsayımlar!B:R,17,0)),"") -> 1 | O21: 2 | P21: =IF(B21="","",VLOOKUP(AD21,Varsayımlar!$B:$Q,7,0)*K21) -> 2160 | Q21: =IF(B21="","",VLOOKUP(AD21,Varsayımlar!$B:$Q,8,0)) -> 20 | R21: =IF(B21="","",VLOOKUP(AD21,Varsayımlar!$B:$Q,9,0)) -> Irak Soft | S21: =IF(B21="","",VLOOKUP(AD21,Varsayımlar!$B:$Q,10,0)) -> 6 | T21: =IF(B21="","",VLOOKUP(AD21,Varsayımlar!$B:$Q,11,0)) -> 18 | U21: =IF(B21="","",VLOOKUP(AD21,Varsayımlar!$B:$Q,12,0)) -> 270 | V21: =IF(B21="","",VLOOKUP(AD21,Varsayımlar!$B:$Q,13,0)) -> Yurtdışı | W21: =IF(B21="","",VLOOKUP(AD21,Varsayımlar!$B:$Q,14,0)) -> 9 | AA21: =IF(B21="","",VLOOKUP(AD21,Varsayımlar!$B:$Q,15,0)) -> 20cm Lacivert-Bulgarca Etiket | AB21: =IF(B21="","",VLOOKUP(AD21,Varsayımlar!$B:$Q,16,0)) -> 19-21 cm | AC21: =IF(B21="","",VLOOKUP(Sayfa1!AD21,Varsayımlar!B:S,18,0)) -> 100x120cm-Epal+Epal | AD21: =IF(B21="","",CONCATENATE(B21,E21)) -> TASTE LAND-BULGARİSTANTortillas 20cm Sade 6pcs 270g
A22: 19. | B22: LAIKYUZHN-BELARUS | C22: =IF(B22="","",VLOOKUP(AD22,Varsayımlar!$B:$Q,3,0)) -> 8698829380698 | D22: 1. ARAÇ | E22: Tortillas 25cm Sade 4pcs 240g | F22: 20250825 | G22: KAREKODSUZ ÜRETİLECEK | H22: =IF(B22="","",VLOOKUP(AD22,Varsayımlar!$B:$Q,5,0)) -> Tortillas 25cm Sade | I22: =IF(B22="","",VLOOKUP(AD22,Varsayımlar!B:T,19,0)) -> 0 | J22: =IF(B22="","",VLOOKUP(AD22,Varsayımlar!$B:$Q,6,0)) -> SADE | K22: 672 | M22: =IFERROR(IF(B22="","",K22/VLOOKUP(AD22,Varsayımlar!B:R,17,0)),"") -> 8 | P22: =IF(B22="","",VLOOKUP(AD22,Varsayımlar!$B:$Q,7,0)*K22) -> 20160 | Q22: =IF(B22="","",VLOOKUP(AD22,Varsayımlar!$B:$Q,8,0)) -> 25 | R22: =IF(B22="","",VLOOKUP(AD22,Varsayımlar!$B:$Q,9,0)) -> Soft-PA3 | S22: =IF(B22="","",VLOOKUP(AD22,Varsayımlar!$B:$Q,10,0)) -> 4 | T22: =IF(B22="","",VLOOKUP(AD22,Varsayımlar!$B:$Q,11,0)) -> 30 | U22: =IF(B22="","",VLOOKUP(AD22,Varsayımlar!$B:$Q,12,0)) -> 240 | V22: =IF(B22="","",VLOOKUP(AD22,Varsayımlar!$B:$Q,13,0)) -> Yurtdışı | W22: =IF(B22="","",VLOOKUP(AD22,Varsayımlar!$B:$Q,14,0)) -> 12 | AA22: =IF(B22="","",VLOOKUP(AD22,Varsayımlar!$B:$Q,15,0)) -> 25cm Kolisi-Etiketli | AB22: =IF(B22="","",VLOOKUP(AD22,Varsayımlar!$B:$Q,16,0)) -> 24-26 cm (Macca Hetto Inkjet Uzun Tarih) | AC22: =IF(B22="","",VLOOKUP(Sayfa1!AD22,Varsayımlar!B:S,18,0)) -> 80x120cm | AD22: =IF(B22="","",CONCATENATE(B22,E22)) -> LAIKYUZHN-BELARUSTortillas 25cm Sade 4pcs 240g
A23: 20. | B23: LAIKYUZHN-BELARUS | C23: =IF(B23="","",VLOOKUP(AD23,Varsayımlar!$B:$Q,3,0)) -> 8698829380698 | D23: 1. ARAÇ | E23: Tortillas 25cm Tam buğday 4pcs 240g | F23: 20250825 | G23: KAREKODSUZ ÜRETİLECEK | H23: =IF(B23="","",VLOOKUP(AD23,Varsayımlar!$B:$Q,5,0)) -> Tortillas 25cm Tam Buğday | I23: =IF(B23="","",VLOOKUP(AD23,Varsayımlar!B:T,19,0)) -> 0 | J23: =IF(B23="","",VLOOKUP(AD23,Varsayımlar!$B:$Q,6,0)) -> Tam Buğdaylı | K23: 252 | M23: =IFERROR(IF(B23="","",K23/VLOOKUP(AD23,Varsayımlar!B:R,17,0)),"") -> 3 | P23: =IF(B23="","",VLOOKUP(AD23,Varsayımlar!$B:$Q,7,0)*K23) -> 7560 | Q23: =IF(B23="","",VLOOKUP(AD23,Varsayımlar!$B:$Q,8,0)) -> 25 | R23: =IF(B23="","",VLOOKUP(AD23,Varsayımlar!$B:$Q,9,0)) -> Soft-PA3 | S23: =IF(B23="","",VLOOKUP(AD23,Varsayımlar!$B:$Q,10,0)) -> 4 | T23: =IF(B23="","",VLOOKUP(AD23,Varsayımlar!$B:$Q,11,0)) -> 30 | U23: =IF(B23="","",VLOOKUP(AD23,Varsayımlar!$B:$Q,12,0)) -> 240 | V23: =IF(B23="","",VLOOKUP(AD23,Varsayımlar!$B:$Q,13,0)) -> Yurtdışı | W23: =IF(B23="","",VLOOKUP(AD23,Varsayımlar!$B:$Q,14,0)) -> 12 | AA23: =IF(B23="","",VLOOKUP(AD23,Varsayımlar!$B:$Q,15,0)) -> 25cm Kolisi-Etiketli | AB23: =IF(B23="","",VLOOKUP(AD23,Varsayımlar!$B:$Q,16,0)) -> 24-26 cm (Macca Hetto Inkjet Uzun Tarih) | AC23: =IF(B23="","",VLOOKUP(Sayfa1!AD23,Varsayımlar!B:S,18,0)) -> 80x120cm | AD23: =IF(B23="","",CONCATENATE(B23,E23)) -> LAIKYUZHN-BELARUSTortillas 25cm Tam buğday 4pcs 240g
A24: 21. | B24: LAIKYUZHN-BELARUS | C24: =IF(B24="","",VLOOKUP(AD24,Varsayımlar!$B:$Q,3,0)) -> 8698829380698 | D24: 1. ARAÇ | E24: Tortillas 25cm Domatesli 4pcs 240g | F24: 20250825 | G24: KAREKODSUZ ÜRETİLECEK | H24: =IF(B24="","",VLOOKUP(AD24,Varsayımlar!$B:$Q,5,0)) -> Tortillas 25cm Domatesli | I24: =IF(B24="","",VLOOKUP(AD24,Varsayımlar!B:T,19,0)) -> 0 | J24: =IF(B24="","",VLOOKUP(AD24,Varsayımlar!$B:$Q,6,0)) -> Domatesli | K24: 252 | M24: =IFERROR(IF(B24="","",K24/VLOOKUP(AD24,Varsayımlar!B:R,17,0)),"") -> 3 | P24: =IF(B24="","",VLOOKUP(AD24,Varsayımlar!$B:$Q,7,0)*K24) -> 7560 | Q24: =IF(B24="","",VLOOKUP(AD24,Varsayımlar!$B:$Q,8,0)) -> 25 | R24: =IF(B24="","",VLOOKUP(AD24,Varsayımlar!$B:$Q,9,0)) -> Soft-PA3 | S24: =IF(B24="","",VLOOKUP(AD24,Varsayımlar!$B:$Q,10,0)) -> 4 | T24: =IF(B24="","",VLOOKUP(AD24,Varsayımlar!$B:$Q,11,0)) -> 30 | U24: =IF(B24="","",VLOOKUP(AD24,Varsayımlar!$B:$Q,12,0)) -> 240 | V24: =IF(B24="","",VLOOKUP(AD24,Varsayımlar!$B:$Q,13,0)) -> Yurtdışı | W24: =IF(B24="","",VLOOKUP(AD24,Varsayımlar!$B:$Q,14,0)) -> 12 | AA24: =IF(B24="","",VLOOKUP(AD24,Varsayımlar!$B:$Q,15,0)) -> 25cm Kolisi-Etiketli | AB24: =IF(B24="","",VLOOKUP(AD24,Varsayımlar!$B:$Q,16,0)) -> 24-26 cm (Macca Hetto Inkjet Uzun Tarih) | AC24: =IF(B24="","",VLOOKUP(Sayfa1!AD24,Varsayımlar!B:S,18,0)) -> 80x120cm | AD24: =IF(B24="","",CONCATENATE(B24,E24)) -> LAIKYUZHN-BELARUSTortillas 25cm Domatesli 4pcs 240g
A25: 22. | B25: LAIKYUZHN-BELARUS | C25: =IF(B25="","",VLOOKUP(AD25,Varsayımlar!$B:$Q,3,0)) -> 8698829380698 | D25: 1. ARAÇ | E25: Tortillas 25cm Ispanaklı 4pcs 240g | F25: 20250825 | G25: KAREKODSUZ ÜRETİLECEK | H25: =IF(B25="","",VLOOKUP(AD25,Varsayımlar!$B:$Q,5,0)) -> Tortillas 25cm Ispanaklı | I25: =IF(B25="","",VLOOKUP(AD25,Varsayımlar!B:T,19,0)) -> 0 | J25: =IF(B25="","",VLOOKUP(AD25,Varsayımlar!$B:$Q,6,0)) -> Ispanaklı | K25: 420 | M25: =IFERROR(IF(B25="","",K25/VLOOKUP(AD25,Varsayımlar!B:R,17,0)),"") -> 5 | P25: =IF(B25="","",VLOOKUP(AD25,Varsayımlar!$B:$Q,7,0)*K25) -> 12600 | Q25: =IF(B25="","",VLOOKUP(AD25,Varsayımlar!$B:$Q,8,0)) -> 25 | R25: =IF(B25="","",VLOOKUP(AD25,Varsayımlar!$B:$Q,9,0)) -> Soft-PA3 | S25: =IF(B25="","",VLOOKUP(AD25,Varsayımlar!$B:$Q,10,0)) -> 4 | T25: =IF(B25="","",VLOOKUP(AD25,Varsayımlar!$B:$Q,11,0)) -> 30 | U25: =IF(B25="","",VLOOKUP(AD25,Varsayımlar!$B:$Q,12,0)) -> 240 | V25: =IF(B25="","",VLOOKUP(AD25,Varsayımlar!$B:$Q,13,0)) -> Yurtdışı | W25: =IF(B25="","",VLOOKUP(AD25,Varsayımlar!$B:$Q,14,0)) -> 12 | AA25: =IF(B25="","",VLOOKUP(AD25,Varsayımlar!$B:$Q,15,0)) -> 25cm Kolisi-Etiketli | AB25: =IF(B25="","",VLOOKUP(AD25,Varsayımlar!$B:$Q,16,0)) -> 24-26 cm (Macca Hetto Inkjet Uzun Tarih) | AC25: =IF(B25="","",VLOOKUP(Sayfa1!AD25,Varsayımlar!B:S,18,0)) -> 80x120cm | AD25: =IF(B25="","",CONCATENATE(B25,E25)) -> LAIKYUZHN-BELARUSTortillas 25cm Ispanaklı 4pcs 240g
A26: 23. | B26: LAIKYUZHN-BELARUS | C26: =IF(B26="","",VLOOKUP(AD26,Varsayımlar!$B:$Q,3,0)) -> 8698829380698 | D26: 1. ARAÇ | E26: Magnit Tortillas 25cm Peynirli 4pcs 240g | F26: 20250825 | G26: KAREKODSUZ ÜRETİLECEK | H26: =IF(B26="","",VLOOKUP(AD26,Varsayımlar!$B:$Q,5,0)) -> Magnit Tortillas 25cm Peynirli | I26: =IF(B26="","",VLOOKUP(AD26,Varsayımlar!B:T,19,0)) -> Etiketli | J26: =IF(B26="","",VLOOKUP(AD26,Varsayımlar!$B:$Q,6,0)) -> Peynirli | K26: 420 | M26: =IFERROR(IF(B26="","",K26/VLOOKUP(AD26,Varsayımlar!B:R,17,0)),"") -> 5 | P26: =IF(B26="","",VLOOKUP(AD26,Varsayımlar!$B:$Q,7,0)*K26) -> 12600 | Q26: =IF(B26="","",VLOOKUP(AD26,Varsayımlar!$B:$Q,8,0)) -> 25 | R26: =IF(B26="","",VLOOKUP(AD26,Varsayımlar!$B:$Q,9,0)) -> Soft-PA3-AT | S26: =IF(B26="","",VLOOKUP(AD26,Varsayımlar!$B:$Q,10,0)) -> 4 | T26: =IF(B26="","",VLOOKUP(AD26,Varsayımlar!$B:$Q,11,0)) -> 30 | U26: =IF(B26="","",VLOOKUP(AD26,Varsayımlar!$B:$Q,12,0)) -> 250 | V26: =IF(B26="","",VLOOKUP(AD26,Varsayımlar!$B:$Q,13,0)) -> Yurtdışı | W26: =IF(B26="","",VLOOKUP(AD26,Varsayımlar!$B:$Q,14,0)) -> 9 | AA26: =IF(B26="","",VLOOKUP(AD26,Varsayımlar!$B:$Q,15,0)) -> 25cm Kolisi-Etiketli | AB26: =IF(B26="","",VLOOKUP(AD26,Varsayımlar!$B:$Q,16,0)) -> 24-26 cm (Macca Hetto Inkjet Uzun Tarih) | AC26: =IF(B26="","",VLOOKUP(Sayfa1!AD26,Varsayımlar!B:S,18,0)) -> 80x120cm | AD26: =IF(B26="","",CONCATENATE(B26,E26)) -> LAIKYUZHN-BELARUSMagnit Tortillas 25cm Peynirli 4pcs 240g
A27: 24. | B27: ALDİ - KOSOVA | C27: =IF(B27="","",VLOOKUP(AD27,Varsayımlar!$B:$Q,3,0)) -> 8698829380698 | E27: Tortillove 30cm 10pcs 900g | F27: 26060101 | H27: =IF(B27="","",VLOOKUP(AD27,Varsayımlar!$B:$Q,5,0)) -> Tortillove 30cm | I27: =IF(B27="","",VLOOKUP(AD27,Varsayımlar!B:T,19,0)) -> Arka kısma Arnavutça içerik-Tortillove | J27: =IF(B27="","",VLOOKUP(AD27,Varsayımlar!$B:$Q,6,0)) -> SADE | K27: 100 | M27: =IFERROR(IF(B27="","",K27/VLOOKUP(AD27,Varsayımlar!B:R,17,0)),"") -> 2 | P27: =IF(B27="","",VLOOKUP(AD27,Varsayımlar!$B:$Q,7,0)*K27) -> 1200 | Q27: =IF(B27="","",VLOOKUP(AD27,Varsayımlar!$B:$Q,8,0)) -> 30 | R27: =IF(B27="","",VLOOKUP(AD27,Varsayımlar!$B:$Q,9,0)) -> Irak Soft | S27: =IF(B27="","",VLOOKUP(AD27,Varsayımlar!$B:$Q,10,0)) -> 10 | T27: =IF(B27="","",VLOOKUP(AD27,Varsayımlar!$B:$Q,11,0)) -> 12 | U27: =IF(B27="","",VLOOKUP(AD27,Varsayımlar!$B:$Q,12,0)) -> 900 | V27: =IF(B27="","",VLOOKUP(AD27,Varsayımlar!$B:$Q,13,0)) -> Yurtdışı | W27: =IF(B27="","",VLOOKUP(AD27,Varsayımlar!$B:$Q,14,0)) -> 12 | AA27: =IF(B27="","",VLOOKUP(AD27,Varsayımlar!$B:$Q,15,0)) -> 30cm Koli - Tortillove 900g Etiketli | AB27: =IF(B27="","",VLOOKUP(AD27,Varsayımlar!$B:$Q,16,0)) -> 29-31 cm | AC27: =IF(B27="","",VLOOKUP(Sayfa1!AD27,Varsayımlar!B:S,18,0)) -> 0 | AD27: =IF(B27="","",CONCATENATE(B27,E27)) -> ALDİ - KOSOVATortillove 30cm 10pcs 900g
A28: 25. | B28: ALDİ - KOSOVA | C28: =IF(B28="","",VLOOKUP(AD28,Varsayımlar!$B:$Q,3,0)) -> 8698829380698 | E28: Tortillas 30cm 10pcs 900g | F28: 26060101 | H28: =IF(B28="","",VLOOKUP(AD28,Varsayımlar!$B:$Q,5,0)) -> Tortillas 30cm | I28: =IF(B28="","",VLOOKUP(AD28,Varsayımlar!B:T,19,0)) -> Arka kısma Arnavutça içerik-Tortillas | J28: =IF(B28="","",VLOOKUP(AD28,Varsayımlar!$B:$Q,6,0)) -> SADE | K28: 50 | M28: =IFERROR(IF(B28="","",K28/VLOOKUP(AD28,Varsayımlar!B:R,17,0)),"") -> 1 | P28: =IF(B28="","",VLOOKUP(AD28,Varsayımlar!$B:$Q,7,0)*K28) -> 600 | Q28: =IF(B28="","",VLOOKUP(AD28,Varsayımlar!$B:$Q,8,0)) -> 30 | R28: =IF(B28="","",VLOOKUP(AD28,Varsayımlar!$B:$Q,9,0)) -> Irak Soft | S28: =IF(B28="","",VLOOKUP(AD28,Varsayımlar!$B:$Q,10,0)) -> 10 | T28: =IF(B28="","",VLOOKUP(AD28,Varsayımlar!$B:$Q,11,0)) -> 12 | U28: =IF(B28="","",VLOOKUP(AD28,Varsayımlar!$B:$Q,12,0)) -> 900 | V28: =IF(B28="","",VLOOKUP(AD28,Varsayımlar!$B:$Q,13,0)) -> Yurtdışı | W28: =IF(B28="","",VLOOKUP(AD28,Varsayımlar!$B:$Q,14,0)) -> 12 | AA28: =IF(B28="","",VLOOKUP(AD28,Varsayımlar!$B:$Q,15,0)) -> 30cm Koli - Tortillas 900g Etiketli | AB28: =IF(B28="","",VLOOKUP(AD28,Varsayımlar!$B:$Q,16,0)) -> 29-31 cm | AC28: =IF(B28="","",VLOOKUP(Sayfa1!AD28,Varsayımlar!B:S,18,0)) -> 0 | AD28: =IF(B28="","",CONCATENATE(B28,E28)) -> ALDİ - KOSOVATortillas 30cm 10pcs 900g
A29: 26. | B29: ALDİ - KOSOVA | C29: =IF(B29="","",VLOOKUP(AD29,Varsayımlar!$B:$Q,3,0)) -> 8698829380698 | E29: Tortillove 25cm 6pcs 390g | F29: 26060101 | H29: =IF(B29="","",VLOOKUP(AD29,Varsayımlar!$B:$Q,5,0)) -> Tortillove 25cm | I29: =IF(B29="","",VLOOKUP(AD29,Varsayımlar!B:T,19,0)) -> Barkod üzerine Arnavutça içerik+Barkod-Tortillove | J29: =IF(B29="","",VLOOKUP(AD29,Varsayımlar!$B:$Q,6,0)) -> SADE | K29: 84 | M29: =IFERROR(IF(B29="","",K29/VLOOKUP(AD29,Varsayımlar!B:R,17,0)),"") -> 1 | P29: =IF(B29="","",VLOOKUP(AD29,Varsayımlar!$B:$Q,7,0)*K29) -> 1512 | Q29: =IF(B29="","",VLOOKUP(AD29,Varsayımlar!$B:$Q,8,0)) -> 25 | R29: =IF(B29="","",VLOOKUP(AD29,Varsayımlar!$B:$Q,9,0)) -> Irak Soft | S29: =IF(B29="","",VLOOKUP(AD29,Varsayımlar!$B:$Q,10,0)) -> 6 | T29: =IF(B29="","",VLOOKUP(AD29,Varsayımlar!$B:$Q,11,0)) -> 18 | U29: =IF(B29="","",VLOOKUP(AD29,Varsayımlar!$B:$Q,12,0)) -> 390 | V29: =IF(B29="","",VLOOKUP(AD29,Varsayımlar!$B:$Q,13,0)) -> Yurtdışı | W29: =IF(B29="","",VLOOKUP(AD29,Varsayımlar!$B:$Q,14,0)) -> 12 | AA29: =IF(B29="","",VLOOKUP(AD29,Varsayımlar!$B:$Q,15,0)) -> 25cm Koli - Tortillove 390g Etiketli | AB29: =IF(B29="","",VLOOKUP(AD29,Varsayımlar!$B:$Q,16,0)) -> 24-26 cm | AC29: =IF(B29="","",VLOOKUP(Sayfa1!AD29,Varsayımlar!B:S,18,0)) -> 0 | AD29: =IF(B29="","",CONCATENATE(B29,E29)) -> ALDİ - KOSOVATortillove 25cm 6pcs 390g
A30: 27. | B30: ALDİ - KOSOVA | C30: =IF(B30="","",VLOOKUP(AD30,Varsayımlar!$B:$Q,3,0)) -> 8698829380698 | E30: Tortillas 25cm 6pcs 390g | F30: 26060101 | H30: =IF(B30="","",VLOOKUP(AD30,Varsayımlar!$B:$Q,5,0)) -> Tortillas 25cm | I30: =IF(B30="","",VLOOKUP(AD30,Varsayımlar!B:T,19,0)) -> Barkod üzerine Arnavutça içerik+Barkod-Tortillas | J30: =IF(B30="","",VLOOKUP(AD30,Varsayımlar!$B:$Q,6,0)) -> SADE | K30: 84 | M30: =IFERROR(IF(B30="","",K30/VLOOKUP(AD30,Varsayımlar!B:R,17,0)),"") -> 1 | P30: =IF(B30="","",VLOOKUP(AD30,Varsayımlar!$B:$Q,7,0)*K30) -> 1512 | Q30: =IF(B30="","",VLOOKUP(AD30,Varsayımlar!$B:$Q,8,0)) -> 25 | R30: =IF(B30="","",VLOOKUP(AD30,Varsayımlar!$B:$Q,9,0)) -> Irak Soft | S30: =IF(B30="","",VLOOKUP(AD30,Varsayımlar!$B:$Q,10,0)) -> 6 | T30: =IF(B30="","",VLOOKUP(AD30,Varsayımlar!$B:$Q,11,0)) -> 18 | U30: =IF(B30="","",VLOOKUP(AD30,Varsayımlar!$B:$Q,12,0)) -> 390 | V30: =IF(B30="","",VLOOKUP(AD30,Varsayımlar!$B:$Q,13,0)) -> Yurtdışı | W30: =IF(B30="","",VLOOKUP(AD30,Varsayımlar!$B:$Q,14,0)) -> 12 | AA30: =IF(B30="","",VLOOKUP(AD30,Varsayımlar!$B:$Q,15,0)) -> 25cm Koli - Tortillas 390g Etiketli | AB30: =IF(B30="","",VLOOKUP(AD30,Varsayımlar!$B:$Q,16,0)) -> 24-26 cm | AC30: =IF(B30="","",VLOOKUP(Sayfa1!AD30,Varsayımlar!B:S,18,0)) -> 0 | AD30: =IF(B30="","",CONCATENATE(B30,E30)) -> ALDİ - KOSOVATortillas 25cm 6pcs 390g
A31: 28. | B31: ALDİ - KOSOVA | C31: =IF(B31="","",VLOOKUP(AD31,Varsayımlar!$B:$Q,3,0)) -> 8698829380698 | E31: Tortillove 25cm 6pcs 390g | F31: 26060101 | H31: =IF(B31="","",VLOOKUP(AD31,Varsayımlar!$B:$Q,5,0)) -> Tortillove 25cm | I31: =IF(B31="","",VLOOKUP(AD31,Varsayımlar!B:T,19,0)) -> Barkod üzerine Arnavutça içerik+Barkod-Tortillove | J31: =IF(B31="","",VLOOKUP(AD31,Varsayımlar!$B:$Q,6,0)) -> SADE | K31: 168 | M31: =IFERROR(IF(B31="","",K31/VLOOKUP(AD31,Varsayımlar!B:R,17,0)),"") -> 2 | P31: =IF(B31="","",VLOOKUP(AD31,Varsayımlar!$B:$Q,7,0)*K31) -> 3024 | Q31: =IF(B31="","",VLOOKUP(AD31,Varsayımlar!$B:$Q,8,0)) -> 25 | R31: =IF(B31="","",VLOOKUP(AD31,Varsayımlar!$B:$Q,9,0)) -> Irak Soft | S31: =IF(B31="","",VLOOKUP(AD31,Varsayımlar!$B:$Q,10,0)) -> 6 | T31: =IF(B31="","",VLOOKUP(AD31,Varsayımlar!$B:$Q,11,0)) -> 18 | U31: =IF(B31="","",VLOOKUP(AD31,Varsayımlar!$B:$Q,12,0)) -> 390 | V31: =IF(B31="","",VLOOKUP(AD31,Varsayımlar!$B:$Q,13,0)) -> Yurtdışı | W31: =IF(B31="","",VLOOKUP(AD31,Varsayımlar!$B:$Q,14,0)) -> 12 | AA31: =IF(B31="","",VLOOKUP(AD31,Varsayımlar!$B:$Q,15,0)) -> 25cm Koli - Tortillove 390g Etiketli | AB31: =IF(B31="","",VLOOKUP(AD31,Varsayımlar!$B:$Q,16,0)) -> 24-26 cm | AC31: =IF(B31="","",VLOOKUP(Sayfa1!AD31,Varsayımlar!B:S,18,0)) -> 0 | AD31: =IF(B31="","",CONCATENATE(B31,E31)) -> ALDİ - KOSOVATortillove 25cm 6pcs 390g
A32: 29. | B32: ALDİ - KOSOVA | C32: =IF(B32="","",VLOOKUP(AD32,Varsayımlar!$B:$Q,3,0)) -> 8698829380698 | E32: Tortillas 25cm 6pcs 390g | F32: 26060101 | H32: =IF(B32="","",VLOOKUP(AD32,Varsayımlar!$B:$Q,5,0)) -> Tortillas 25cm | I32: =IF(B32="","",VLOOKUP(AD32,Varsayımlar!B:T,19,0)) -> Barkod üzerine Arnavutça içerik+Barkod-Tortillas | J32: =IF(B32="","",VLOOKUP(AD32,Varsayımlar!$B:$Q,6,0)) -> SADE | K32: 84 | M32: =IFERROR(IF(B32="","",K32/VLOOKUP(AD32,Varsayımlar!B:R,17,0)),"") -> 1 | P32: =IF(B32="","",VLOOKUP(AD32,Varsayımlar!$B:$Q,7,0)*K32) -> 1512 | Q32: =IF(B32="","",VLOOKUP(AD32,Varsayımlar!$B:$Q,8,0)) -> 25 | R32: =IF(B32="","",VLOOKUP(AD32,Varsayımlar!$B:$Q,9,0)) -> Irak Soft | S32: =IF(B32="","",VLOOKUP(AD32,Varsayımlar!$B:$Q,10,0)) -> 6 | T32: =IF(B32="","",VLOOKUP(AD32,Varsayımlar!$B:$Q,11,0)) -> 18 | U32: =IF(B32="","",VLOOKUP(AD32,Varsayımlar!$B:$Q,12,0)) -> 390 | V32: =IF(B32="","",VLOOKUP(AD32,Varsayımlar!$B:$Q,13,0)) -> Yurtdışı | W32: =IF(B32="","",VLOOKUP(AD32,Varsayımlar!$B:$Q,14,0)) -> 12 | AA32: =IF(B32="","",VLOOKUP(AD32,Varsayımlar!$B:$Q,15,0)) -> 25cm Koli - Tortillas 390g Etiketli | AB32: =IF(B32="","",VLOOKUP(AD32,Varsayımlar!$B:$Q,16,0)) -> 24-26 cm | AC32: =IF(B32="","",VLOOKUP(Sayfa1!AD32,Varsayımlar!B:S,18,0)) -> 0 | AD32: =IF(B32="","",CONCATENATE(B32,E32)) -> ALDİ - KOSOVATortillas 25cm 6pcs 390g
A33: 30. | B33: ALDİ - KOSOVA | C33: =IF(B33="","",VLOOKUP(AD33,Varsayımlar!$B:$Q,3,0)) -> 8698829380698 | E33: Tortillove 25cm 10pcs 650g | F33: 26060101 | H33: =IF(B33="","",VLOOKUP(AD33,Varsayımlar!$B:$Q,5,0)) -> Tortillove 25cm | I33: =IF(B33="","",VLOOKUP(AD33,Varsayımlar!B:T,19,0)) -> Arka kısma Arnavutça içerik-Tortillove | J33: =IF(B33="","",VLOOKUP(AD33,Varsayımlar!$B:$Q,6,0)) -> SADE | K33: 168 | M33: =IFERROR(IF(B33="","",K33/VLOOKUP(AD33,Varsayımlar!B:R,17,0)),"") -> 2 | P33: =IF(B33="","",VLOOKUP(AD33,Varsayımlar!$B:$Q,7,0)*K33) -> 2016 | Q33: =IF(B33="","",VLOOKUP(AD33,Varsayımlar!$B:$Q,8,0)) -> 25 | R33: =IF(B33="","",VLOOKUP(AD33,Varsayımlar!$B:$Q,9,0)) -> Irak Soft | S33: =IF(B33="","",VLOOKUP(AD33,Varsayımlar!$B:$Q,10,0)) -> 10 | T33: =IF(B33="","",VLOOKUP(AD33,Varsayımlar!$B:$Q,11,0)) -> 12 | U33: =IF(B33="","",VLOOKUP(AD33,Varsayımlar!$B:$Q,12,0)) -> 650 | V33: =IF(B33="","",VLOOKUP(AD33,Varsayımlar!$B:$Q,13,0)) -> Yurtdışı | W33: =IF(B33="","",VLOOKUP(AD33,Varsayımlar!$B:$Q,14,0)) -> 12 | AA33: =IF(B33="","",VLOOKUP(AD33,Varsayımlar!$B:$Q,15,0)) -> 25cm Koli - Tortillove 650g Etiketli | AB33: =IF(B33="","",VLOOKUP(AD33,Varsayımlar!$B:$Q,16,0)) -> 24-26 cm | AC33: =IF(B33="","",VLOOKUP(Sayfa1!AD33,Varsayımlar!B:S,18,0)) -> 0 | AD33: =IF(B33="","",CONCATENATE(B33,E33)) -> ALDİ - KOSOVATortillove 25cm 10pcs 650g
A34: 31. | B34: ALDİ - KOSOVA | C34: =IF(B34="","",VLOOKUP(AD34,Varsayımlar!$B:$Q,3,0)) -> 8698829380698 | E34: Tortillas 25cm 10pcs 650g | F34: 26060101 | H34: =IF(B34="","",VLOOKUP(AD34,Varsayımlar!$B:$Q,5,0)) -> Tortillas 25cm | I34: =IF(B34="","",VLOOKUP(AD34,Varsayımlar!B:T,19,0)) -> Arka kısma Arnavutça içerik-Tortillas | J34: =IF(B34="","",VLOOKUP(AD34,Varsayımlar!$B:$Q,6,0)) -> SADE | K34: 84 | M34: =IFERROR(IF(B34="","",K34/VLOOKUP(AD34,Varsayımlar!B:R,17,0)),"") -> 1 | P34: =IF(B34="","",VLOOKUP(AD34,Varsayımlar!$B:$Q,7,0)*K34) -> 1008 | Q34: =IF(B34="","",VLOOKUP(AD34,Varsayımlar!$B:$Q,8,0)) -> 25 | R34: =IF(B34="","",VLOOKUP(AD34,Varsayımlar!$B:$Q,9,0)) -> Irak Soft | S34: =IF(B34="","",VLOOKUP(AD34,Varsayımlar!$B:$Q,10,0)) -> 10 | T34: =IF(B34="","",VLOOKUP(AD34,Varsayımlar!$B:$Q,11,0)) -> 12 | U34: =IF(B34="","",VLOOKUP(AD34,Varsayımlar!$B:$Q,12,0)) -> 650 | V34: =IF(B34="","",VLOOKUP(AD34,Varsayımlar!$B:$Q,13,0)) -> Yurtdışı | W34: =IF(B34="","",VLOOKUP(AD34,Varsayımlar!$B:$Q,14,0)) -> 12 | AA34: =IF(B34="","",VLOOKUP(AD34,Varsayımlar!$B:$Q,15,0)) -> 25cm Koli - Tortillas 650g Etiketli | AB34: =IF(B34="","",VLOOKUP(AD34,Varsayımlar!$B:$Q,16,0)) -> 24-26 cm | AC34: =IF(B34="","",VLOOKUP(Sayfa1!AD34,Varsayımlar!B:S,18,0)) -> 0 | AD34: =IF(B34="","",CONCATENATE(B34,E34)) -> ALDİ - KOSOVATortillas 25cm 10pcs 650g
A35: 32. | B35: LAIKYUZHN-BELARUS | C35: =IF(B35="","",VLOOKUP(AD35,Varsayımlar!$B:$Q,3,0)) -> 8698829380698 | D35: 2. ARAÇ | E35: Tortillas 25cm Sade 4pcs 240g | F35: 20252825-2 | G35: KAREKODSUZ ÜRETİLECEK | H35: =IF(B35="","",VLOOKUP(AD35,Varsayımlar!$B:$Q,5,0)) -> Tortillas 25cm Sade | I35: =IF(B35="","",VLOOKUP(AD35,Varsayımlar!B:T,19,0)) -> 0 | J35: =IF(B35="","",VLOOKUP(AD35,Varsayımlar!$B:$Q,6,0)) -> SADE | K35: 420 | M35: =IFERROR(IF(B35="","",K35/VLOOKUP(AD35,Varsayımlar!B:R,17,0)),"") -> 5 | P35: =IF(B35="","",VLOOKUP(AD35,Varsayımlar!$B:$Q,7,0)*K35) -> 12600 | Q35: =IF(B35="","",VLOOKUP(AD35,Varsayımlar!$B:$Q,8,0)) -> 25 | R35: =IF(B35="","",VLOOKUP(AD35,Varsayımlar!$B:$Q,9,0)) -> Soft-PA3 | S35: =IF(B35="","",VLOOKUP(AD35,Varsayımlar!$B:$Q,10,0)) -> 4 | T35: =IF(B35="","",VLOOKUP(AD35,Varsayımlar!$B:$Q,11,0)) -> 30 | U35: =IF(B35="","",VLOOKUP(AD35,Varsayımlar!$B:$Q,12,0)) -> 240 | V35: =IF(B35="","",VLOOKUP(AD35,Varsayımlar!$B:$Q,13,0)) -> Yurtdışı | W35: =IF(B35="","",VLOOKUP(AD35,Varsayımlar!$B:$Q,14,0)) -> 12 | AA35: =IF(B35="","",VLOOKUP(AD35,Varsayımlar!$B:$Q,15,0)) -> 25cm Kolisi-Etiketli | AB35: =IF(B35="","",VLOOKUP(AD35,Varsayımlar!$B:$Q,16,0)) -> 24-26 cm (Macca Hetto Inkjet Uzun Tarih) | AC35: =IF(B35="","",VLOOKUP(Sayfa1!AD35,Varsayımlar!B:S,18,0)) -> 80x120cm | AD35: =IF(B35="","",CONCATENATE(B35,E35)) -> LAIKYUZHN-BELARUSTortillas 25cm Sade 4pcs 240g
A36: 33. | B36: LAIKYUZHN-BELARUS | C36: =IF(B36="","",VLOOKUP(AD36,Varsayımlar!$B:$Q,3,0)) -> 8698829380698 | D36: 2. ARAÇ | E36: Tortillas 25cm Tam buğday 4pcs 240g | F36: 20252825-2 | G36: KAREKODSUZ ÜRETİLECEK | H36: =IF(B36="","",VLOOKUP(AD36,Varsayımlar!$B:$Q,5,0)) -> Tortillas 25cm Tam Buğday | I36: =IF(B36="","",VLOOKUP(AD36,Varsayımlar!B:T,19,0)) -> 0 | J36: =IF(B36="","",VLOOKUP(AD36,Varsayımlar!$B:$Q,6,0)) -> Tam Buğdaylı | K36: 336 | M36: =IFERROR(IF(B36="","",K36/VLOOKUP(AD36,Varsayımlar!B:R,17,0)),"") -> 4 | P36: =IF(B36="","",VLOOKUP(AD36,Varsayımlar!$B:$Q,7,0)*K36) -> 10080 | Q36: =IF(B36="","",VLOOKUP(AD36,Varsayımlar!$B:$Q,8,0)) -> 25 | R36: =IF(B36="","",VLOOKUP(AD36,Varsayımlar!$B:$Q,9,0)) -> Soft-PA3 | S36: =IF(B36="","",VLOOKUP(AD36,Varsayımlar!$B:$Q,10,0)) -> 4 | T36: =IF(B36="","",VLOOKUP(AD36,Varsayımlar!$B:$Q,11,0)) -> 30 | U36: =IF(B36="","",VLOOKUP(AD36,Varsayımlar!$B:$Q,12,0)) -> 240 | V36: =IF(B36="","",VLOOKUP(AD36,Varsayımlar!$B:$Q,13,0)) -> Yurtdışı | W36: =IF(B36="","",VLOOKUP(AD36,Varsayımlar!$B:$Q,14,0)) -> 12 | AA36: =IF(B36="","",VLOOKUP(AD36,Varsayımlar!$B:$Q,15,0)) -> 25cm Kolisi-Etiketli | AB36: =IF(B36="","",VLOOKUP(AD36,Varsayımlar!$B:$Q,16,0)) -> 24-26 cm (Macca Hetto Inkjet Uzun Tarih) | AC36: =IF(B36="","",VLOOKUP(Sayfa1!AD36,Varsayımlar!B:S,18,0)) -> 80x120cm | AD36: =IF(B36="","",CONCATENATE(B36,E36)) -> LAIKYUZHN-BELARUSTortillas 25cm Tam buğday 4pcs 240g
A37: 34. | B37: LAIKYUZHN-BELARUS | C37: =IF(B37="","",VLOOKUP(AD37,Varsayımlar!$B:$Q,3,0)) -> 8698829380698 | D37: 2. ARAÇ | E37: Tortillas 25cm Domatesli 4pcs 240g | F37: 20252825-2 | G37: KAREKODSUZ ÜRETİLECEK | H37: =IF(B37="","",VLOOKUP(AD37,Varsayımlar!$B:$Q,5,0)) -> Tortillas 25cm Domatesli | I37: =IF(B37="","",VLOOKUP(AD37,Varsayımlar!B:T,19,0)) -> 0 | J37: =IF(B37="","",VLOOKUP(AD37,Varsayımlar!$B:$Q,6,0)) -> Domatesli | K37: 420 | M37: =IFERROR(IF(B37="","",K37/VLOOKUP(AD37,Varsayımlar!B:R,17,0)),"") -> 5 | P37: =IF(B37="","",VLOOKUP(AD37,Varsayımlar!$B:$Q,7,0)*K37) -> 12600 | Q37: =IF(B37="","",VLOOKUP(AD37,Varsayımlar!$B:$Q,8,0)) -> 25 | R37: =IF(B37="","",VLOOKUP(AD37,Varsayımlar!$B:$Q,9,0)) -> Soft-PA3 | S37: =IF(B37="","",VLOOKUP(AD37,Varsayımlar!$B:$Q,10,0)) -> 4 | T37: =IF(B37="","",VLOOKUP(AD37,Varsayımlar!$B:$Q,11,0)) -> 30 | U37: =IF(B37="","",VLOOKUP(AD37,Varsayımlar!$B:$Q,12,0)) -> 240 | V37: =IF(B37="","",VLOOKUP(AD37,Varsayımlar!$B:$Q,13,0)) -> Yurtdışı | W37: =IF(B37="","",VLOOKUP(AD37,Varsayımlar!$B:$Q,14,0)) -> 12 | AA37: =IF(B37="","",VLOOKUP(AD37,Varsayımlar!$B:$Q,15,0)) -> 25cm Kolisi-Etiketli | AB37: =IF(B37="","",VLOOKUP(AD37,Varsayımlar!$B:$Q,16,0)) -> 24-26 cm (Macca Hetto Inkjet Uzun Tarih) | AC37: =IF(B37="","",VLOOKUP(Sayfa1!AD37,Varsayımlar!B:S,18,0)) -> 80x120cm | AD37: =IF(B37="","",CONCATENATE(B37,E37)) -> LAIKYUZHN-BELARUSTortillas 25cm Domatesli 4pcs 240g
A38: 35. | B38: LAIKYUZHN-BELARUS | C38: =IF(B38="","",VLOOKUP(AD38,Varsayımlar!$B:$Q,3,0)) -> 8698829380698 | D38: 2. ARAÇ | E38: Tortillas 25cm Ispanaklı 4pcs 240g | F38: 20252825-2 | G38: KAREKODSUZ ÜRETİLECEK | H38: =IF(B38="","",VLOOKUP(AD38,Varsayımlar!$B:$Q,5,0)) -> Tortillas 25cm Ispanaklı | I38: =IF(B38="","",VLOOKUP(AD38,Varsayımlar!B:T,19,0)) -> 0 | J38: =IF(B38="","",VLOOKUP(AD38,Varsayımlar!$B:$Q,6,0)) -> Ispanaklı | K38: 336 | M38: =IFERROR(IF(B38="","",K38/VLOOKUP(AD38,Varsayımlar!B:R,17,0)),"") -> 4 | P38: =IF(B38="","",VLOOKUP(AD38,Varsayımlar!$B:$Q,7,0)*K38) -> 10080 | Q38: =IF(B38="","",VLOOKUP(AD38,Varsayımlar!$B:$Q,8,0)) -> 25 | R38: =IF(B38="","",VLOOKUP(AD38,Varsayımlar!$B:$Q,9,0)) -> Soft-PA3 | S38: =IF(B38="","",VLOOKUP(AD38,Varsayımlar!$B:$Q,10,0)) -> 4 | T38: =IF(B38="","",VLOOKUP(AD38,Varsayımlar!$B:$Q,11,0)) -> 30 | U38: =IF(B38="","",VLOOKUP(AD38,Varsayımlar!$B:$Q,12,0)) -> 240 | V38: =IF(B38="","",VLOOKUP(AD38,Varsayımlar!$B:$Q,13,0)) -> Yurtdışı | W38: =IF(B38="","",VLOOKUP(AD38,Varsayımlar!$B:$Q,14,0)) -> 12 | AA38: =IF(B38="","",VLOOKUP(AD38,Varsayımlar!$B:$Q,15,0)) -> 25cm Kolisi-Etiketli | AB38: =IF(B38="","",VLOOKUP(AD38,Varsayımlar!$B:$Q,16,0)) -> 24-26 cm (Macca Hetto Inkjet Uzun Tarih) | AC38: =IF(B38="","",VLOOKUP(Sayfa1!AD38,Varsayımlar!B:S,18,0)) -> 80x120cm | AD38: =IF(B38="","",CONCATENATE(B38,E38)) -> LAIKYUZHN-BELARUSTortillas 25cm Ispanaklı 4pcs 240g
A39: 36. | B39: LAIKYUZHN-BELARUS | C39: =IF(B39="","",VLOOKUP(AD39,Varsayımlar!$B:$Q,3,0)) -> 8698829380698 | D39: 2. ARAÇ | E39: Magnit Tortillas 25cm Peynirli 4pcs 240g | F39: 20252825-2 | G39: KAREKODSUZ ÜRETİLECEK | H39: =IF(B39="","",VLOOKUP(AD39,Varsayımlar!$B:$Q,5,0)) -> Magnit Tortillas 25cm Peynirli | I39: =IF(B39="","",VLOOKUP(AD39,Varsayımlar!B:T,19,0)) -> Etiketli | J39: =IF(B39="","",VLOOKUP(AD39,Varsayımlar!$B:$Q,6,0)) -> Peynirli | K39: 504 | M39: =IFERROR(IF(B39="","",K39/VLOOKUP(AD39,Varsayımlar!B:R,17,0)),"") -> 6 | P39: =IF(B39="","",VLOOKUP(AD39,Varsayımlar!$B:$Q,7,0)*K39) -> 15120 | Q39: =IF(B39="","",VLOOKUP(AD39,Varsayımlar!$B:$Q,8,0)) -> 25 | R39: =IF(B39="","",VLOOKUP(AD39,Varsayımlar!$B:$Q,9,0)) -> Soft-PA3-AT | S39: =IF(B39="","",VLOOKUP(AD39,Varsayımlar!$B:$Q,10,0)) -> 4 | T39: =IF(B39="","",VLOOKUP(AD39,Varsayımlar!$B:$Q,11,0)) -> 30 | U39: =IF(B39="","",VLOOKUP(AD39,Varsayımlar!$B:$Q,12,0)) -> 250 | V39: =IF(B39="","",VLOOKUP(AD39,Varsayımlar!$B:$Q,13,0)) -> Yurtdışı | W39: =IF(B39="","",VLOOKUP(AD39,Varsayımlar!$B:$Q,14,0)) -> 9 | AA39: =IF(B39="","",VLOOKUP(AD39,Varsayımlar!$B:$Q,15,0)) -> 25cm Kolisi-Etiketli | AB39: =IF(B39="","",VLOOKUP(AD39,Varsayımlar!$B:$Q,16,0)) -> 24-26 cm (Macca Hetto Inkjet Uzun Tarih) | AC39: =IF(B39="","",VLOOKUP(Sayfa1!AD39,Varsayımlar!B:S,18,0)) -> 80x120cm | AD39: =IF(B39="","",CONCATENATE(B39,E39)) -> LAIKYUZHN-BELARUSMagnit Tortillas 25cm Peynirli 4pcs 240g
A40: 37. | B40: UNITERA-KAZAKİSTAN | C40: =IF(B40="","",VLOOKUP(AD40,Varsayımlar!$B:$Q,3,0)) -> 8698829380698 | E40: Tortillas 25cm Tam Buğday 6pcs 390g | F40: 20201016 | G40: KAREKODSUZ ÜRETİLECEK | H40: =IF(B40="","",VLOOKUP(AD40,Varsayımlar!$B:$Q,5,0)) -> Tortillas 25cm Tam Buğday | I40: =IF(B40="","",VLOOKUP(AD40,Varsayımlar!B:T,19,0)) -> Arka kısma İçerik | J40: =IF(B40="","",VLOOKUP(AD40,Varsayımlar!$B:$Q,6,0)) -> Tam Buğdaylı | K40: 250 | M40: =IFERROR(IF(B40="","",K40/VLOOKUP(AD40,Varsayımlar!B:R,17,0)),"") -> 5 | P40: =IF(B40="","",VLOOKUP(AD40,Varsayımlar!$B:$Q,7,0)*K40) -> 4500 | Q40: =IF(B40="","",VLOOKUP(AD40,Varsayımlar!$B:$Q,8,0)) -> 25 | R40: =IF(B40="","",VLOOKUP(AD40,Varsayımlar!$B:$Q,9,0)) -> Irak Soft | S40: =IF(B40="","",VLOOKUP(AD40,Varsayımlar!$B:$Q,10,0)) -> 6 | T40: =IF(B40="","",VLOOKUP(AD40,Varsayımlar!$B:$Q,11,0)) -> 18 | U40: =IF(B40="","",VLOOKUP(AD40,Varsayımlar!$B:$Q,12,0)) -> 390 | V40: =IF(B40="","",VLOOKUP(AD40,Varsayımlar!$B:$Q,13,0)) -> YURTDIŞI | W40: =IF(B40="","",VLOOKUP(AD40,Varsayımlar!$B:$Q,14,0)) -> 9 | AA40: =IF(B40="","",VLOOKUP(AD40,Varsayımlar!$B:$Q,15,0)) -> 25cm Koli-Kazakça Etiketli | AB40: =IF(B40="","",VLOOKUP(AD40,Varsayımlar!$B:$Q,16,0)) -> 24-26 cm | AC40: =IF(B40="","",VLOOKUP(Sayfa1!AD40,Varsayımlar!B:S,18,0)) -> 80x120cm | AD40: =IF(B40="","",CONCATENATE(B40,E40)) -> UNITERA-KAZAKİSTANTortillas 25cm Tam Buğday 6pcs 390g
A41: 38. | B41: UNITERA-KAZAKİSTAN | C41: =IF(B41="","",VLOOKUP(AD41,Varsayımlar!$B:$Q,3,0)) -> 8698829380698 | E41: Tortillas 20cm Sade 6pcs 270g | F41: 20201016 | G41: KAREKODSUZ ÜRETİLECEK | H41: =IF(B41="","",VLOOKUP(AD41,Varsayımlar!$B:$Q,5,0)) -> Tortillas 20cm Sade | I41: =IF(B41="","",VLOOKUP(AD41,Varsayımlar!B:T,19,0)) -> Arka kısma İçerik | J41: =IF(B41="","",VLOOKUP(AD41,Varsayımlar!$B:$Q,6,0)) -> SADE | K41: 300 | M41: =IFERROR(IF(B41="","",K41/VLOOKUP(AD41,Varsayımlar!B:R,17,0)),"") -> 3 | P41: =IF(B41="","",VLOOKUP(AD41,Varsayımlar!$B:$Q,7,0)*K41) -> 5400 | Q41: =IF(B41="","",VLOOKUP(AD41,Varsayımlar!$B:$Q,8,0)) -> 20 | R41: =IF(B41="","",VLOOKUP(AD41,Varsayımlar!$B:$Q,9,0)) -> Irak Soft | S41: =IF(B41="","",VLOOKUP(AD41,Varsayımlar!$B:$Q,10,0)) -> 6 | T41: =IF(B41="","",VLOOKUP(AD41,Varsayımlar!$B:$Q,11,0)) -> 18 | U41: =IF(B41="","",VLOOKUP(AD41,Varsayımlar!$B:$Q,12,0)) -> 270 | V41: =IF(B41="","",VLOOKUP(AD41,Varsayımlar!$B:$Q,13,0)) -> YURTDIŞI | W41: =IF(B41="","",VLOOKUP(AD41,Varsayımlar!$B:$Q,14,0)) -> 9 | AA41: =IF(B41="","",VLOOKUP(AD41,Varsayımlar!$B:$Q,15,0)) -> 20cm Koli | AB41: =IF(B41="","",VLOOKUP(AD41,Varsayımlar!$B:$Q,16,0)) -> 19-21cm | AC41: =IF(B41="","",VLOOKUP(Sayfa1!AD41,Varsayımlar!B:S,18,0)) -> 80x120cm | AD41: =IF(B41="","",CONCATENATE(B41,E41)) -> UNITERA-KAZAKİSTANTortillas 20cm Sade 6pcs 270g
A42: 39. | B42: UNITERA-KAZAKİSTAN | C42: =IF(B42="","",VLOOKUP(AD42,Varsayımlar!$B:$Q,3,0)) -> 8698829380698 | E42: Kırmızı Tortillas 25cm Sade 6pcs 390g | F42: 20201016 | G42: KAREKODSUZ ÜRETİLECEK | H42: =IF(B42="","",VLOOKUP(AD42,Varsayımlar!$B:$Q,5,0)) -> Kırmızı Tortillas 25cm Sade | I42: =IF(B42="","",VLOOKUP(AD42,Varsayımlar!B:T,19,0)) -> Arka kısma İçerik | J42: =IF(B42="","",VLOOKUP(AD42,Varsayımlar!$B:$Q,6,0)) -> SADE | K42: 250 | M42: =IFERROR(IF(B42="","",K42/VLOOKUP(AD42,Varsayımlar!B:R,17,0)),"") -> 5 | P42: =IF(B42="","",VLOOKUP(AD42,Varsayımlar!$B:$Q,7,0)*K42) -> 4500 | Q42: =IF(B42="","",VLOOKUP(AD42,Varsayımlar!$B:$Q,8,0)) -> 25 | R42: =IF(B42="","",VLOOKUP(AD42,Varsayımlar!$B:$Q,9,0)) -> Irak Soft | S42: =IF(B42="","",VLOOKUP(AD42,Varsayımlar!$B:$Q,10,0)) -> 6 | T42: =IF(B42="","",VLOOKUP(AD42,Varsayımlar!$B:$Q,11,0)) -> 18 | U42: =IF(B42="","",VLOOKUP(AD42,Varsayımlar!$B:$Q,12,0)) -> 390 | V42: =IF(B42="","",VLOOKUP(AD42,Varsayımlar!$B:$Q,13,0)) -> YURTDIŞI | W42: =IF(B42="","",VLOOKUP(AD42,Varsayımlar!$B:$Q,14,0)) -> 9 | AA42: =IF(B42="","",VLOOKUP(AD42,Varsayımlar!$B:$Q,15,0)) -> 25cm Koli | AB42: =IF(B42="","",VLOOKUP(AD42,Varsayımlar!$B:$Q,16,0)) -> 24-26 cm | AC42: =IF(B42="","",VLOOKUP(Sayfa1!AD42,Varsayımlar!B:S,18,0)) -> 80x120cm | AD42: =IF(B42="","",CONCATENATE(B42,E42)) -> UNITERA-KAZAKİSTANKırmızı Tortillas 25cm Sade 6pcs 390g
A43: 40. | C43: =IF(B43="","",VLOOKUP(AD43,Varsayımlar!$B:$Q,3,0)) | H43: =IF(B43="","",VLOOKUP(AD43,Varsayımlar!$B:$Q,5,0)) | I43: =IF(B43="","",VLOOKUP(AD43,Varsayımlar!B:T,19,0)) | J43: =IF(B43="","",VLOOKUP(AD43,Varsayımlar!$B:$Q,6,0)) | M43: =IFERROR(IF(B43="","",K43/VLOOKUP(AD43,Varsayımlar!B:R,17,0)),"") | P43: =IF(B43="","",VLOOKUP(AD43,Varsayımlar!$B:$Q,7,0)*K43) | Q43: =IF(B43="","",VLOOKUP(AD43,Varsayımlar!$B:$Q,8,0)) | R43: =IF(B43="","",VLOOKUP(AD43,Varsayımlar!$B:$Q,9,0)) | S43: =IF(B43="","",VLOOKUP(AD43,Varsayımlar!$B:$Q,10,0)) | T43: =IF(B43="","",VLOOKUP(AD43,Varsayımlar!$B:$Q,11,0)) | U43: =IF(B43="","",VLOOKUP(AD43,Varsayımlar!$B:$Q,12,0)) | V43: =IF(B43="","",VLOOKUP(AD43,Varsayımlar!$B:$Q,13,0)) | W43: =IF(B43="","",VLOOKUP(AD43,Varsayımlar!$B:$Q,14,0)) | AA43: =IF(B43="","",VLOOKUP(AD43,Varsayımlar!$B:$Q,15,0)) | AB43: =IF(B43="","",VLOOKUP(AD43,Varsayımlar!$B:$Q,16,0)) | AC43: =IF(B43="","",VLOOKUP(Sayfa1!AD43,Varsayımlar!B:S,18,0)) | AD43: =IF(B43="","",CONCATENATE(B43,E43))
A44: 41. | C44: =IF(B44="","",VLOOKUP(AD44,Varsayımlar!$B:$Q,3,0)) | H44: =IF(B44="","",VLOOKUP(AD44,Varsayımlar!$B:$Q,5,0)) | I44: =IF(B44="","",VLOOKUP(AD44,Varsayımlar!B:T,19,0)) | J44: =IF(B44="","",VLOOKUP(AD44,Varsayımlar!$B:$Q,6,0)) | M44: =IFERROR(IF(B44="","",K44/VLOOKUP(AD44,Varsayımlar!B:R,17,0)),"") | P44: =IF(B44="","",VLOOKUP(AD44,Varsayımlar!$B:$Q,7,0)*K44) | Q44: =IF(B44="","",VLOOKUP(AD44,Varsayımlar!$B:$Q,8,0)) | R44: =IF(B44="","",VLOOKUP(AD44,Varsayımlar!$B:$Q,9,0)) | S44: =IF(B44="","",VLOOKUP(AD44,Varsayımlar!$B:$Q,10,0)) | T44: =IF(B44="","",VLOOKUP(AD44,Varsayımlar!$B:$Q,11,0)) | U44: =IF(B44="","",VLOOKUP(AD44,Varsayımlar!$B:$Q,12,0)) | V44: =IF(B44="","",VLOOKUP(AD44,Varsayımlar!$B:$Q,13,0)) | W44: =IF(B44="","",VLOOKUP(AD44,Varsayımlar!$B:$Q,14,0)) | AA44: =IF(B44="","",VLOOKUP(AD44,Varsayımlar!$B:$Q,15,0)) | AB44: =IF(B44="","",VLOOKUP(AD44,Varsayımlar!$B:$Q,16,0)) | AC44: =IF(B44="","",VLOOKUP(Sayfa1!AD44,Varsayımlar!B:S,18,0)) | AD44: =IF(B44="","",CONCATENATE(B44,E44))
A45: 42. | C45: =IF(B45="","",VLOOKUP(AD45,Varsayımlar!$B:$Q,3,0)) | H45: =IF(B45="","",VLOOKUP(AD45,Varsayımlar!$B:$Q,5,0)) | I45: =IF(B45="","",VLOOKUP(AD45,Varsayımlar!B:T,19,0)) | J45: =IF(B45="","",VLOOKUP(AD45,Varsayımlar!$B:$Q,6,0)) | M45: =IFERROR(IF(B45="","",K45/VLOOKUP(AD45,Varsayımlar!B:R,17,0)),"") | P45: =IF(B45="","",VLOOKUP(AD45,Varsayımlar!$B:$Q,7,0)*K45) | Q45: =IF(B45="","",VLOOKUP(AD45,Varsayımlar!$B:$Q,8,0)) | R45: =IF(B45="","",VLOOKUP(AD45,Varsayımlar!$B:$Q,9,0)) | S45: =IF(B45="","",VLOOKUP(AD45,Varsayımlar!$B:$Q,10,0)) | T45: =IF(B45="","",VLOOKUP(AD45,Varsayımlar!$B:$Q,11,0)) | U45: =IF(B45="","",VLOOKUP(AD45,Varsayımlar!$B:$Q,12,0)) | V45: =IF(B45="","",VLOOKUP(AD45,Varsayımlar!$B:$Q,13,0)) | W45: =IF(B45="","",VLOOKUP(AD45,Varsayımlar!$B:$Q,14,0)) | AA45: =IF(B45="","",VLOOKUP(AD45,Varsayımlar!$B:$Q,15,0)) | AB45: =IF(B45="","",VLOOKUP(AD45,Varsayımlar!$B:$Q,16,0)) | AC45: =IF(B45="","",VLOOKUP(Sayfa1!AD45,Varsayımlar!B:S,18,0)) | AD45: =IF(B45="","",CONCATENATE(B45,E45))
A46: MAKİNE 2
A47: SIRA | B47: FİRMA | C47: GTIN KODU | D47: ARAÇ SAYISI | E47: PRODUCT NAME / ÜRÜN ADI | F47: ORDER NUMBER / SİPARİŞ NUMARASI | G47: KAREKOD DOSYA ADI | H47: AMBALAJ | I47: AMBALAJ ETİKETİ | J47: CİNSİ | K47: ÜRETİLECEK MİKTAR/ KOLİ | L47: DEPO STOK / KOLİ | M47: ÜRETİLECEK MİKTAR/ PALET | N47: PALET/KOLİ | O47: SÜRE | P47: AMBALAJ MİKTAR | Q47: ÇAP | R47: FORMÜL | S47: PAKET İÇİ | T47: KOLİ İÇİ | U47: PAKET GRAMAJI | V47: TARİH | W47: SKT/ AY | X47: ÜRT/PRD | Y47: TETT/EXP | Z47: PRT/LOT | AA47: KOLİ / TARİH | AB47: AÇIKLAMALAR | AC47: Palet Ölçüsü | AD47: Birleştir
A48: 1. | B48: Ajjawi | C48: =IF(B48="","",VLOOKUP(AD48,Varsayımlar!$B:$Q,3,0)) -> 8698829380698 | E48: Lazeza 25 cm 6pcs 390g | H48: =IF(B48="","",VLOOKUP(AD48,Varsayımlar!$B:$Q,5,0)) -> Lazeza 25cm | J48: =IF(B48="","",VLOOKUP(AD48,Varsayımlar!$B:$Q,6,0)) -> SADE | K48: 1120 | M48: =IFERROR(IF(B48="","",K48/VLOOKUP(AD48,Varsayımlar!B:R,17,0)),"") | P48: =IF(B48="","",VLOOKUP(AD48,Varsayımlar!$B:$Q,7,0)*K48) -> 20160 | Q48: =IF(B48="","",VLOOKUP(AD48,Varsayımlar!$B:$Q,8,0)) -> 25 | R48: =IF(B48="","",VLOOKUP(AD48,Varsayımlar!$B:$Q,9,0)) -> Irak Soft | S48: =IF(B48="","",VLOOKUP(AD48,Varsayımlar!$B:$Q,10,0)) -> 6 | T48: =IF(B48="","",VLOOKUP(AD48,Varsayımlar!$B:$Q,11,0)) -> 18 | U48: =IF(B48="","",VLOOKUP(AD48,Varsayımlar!$B:$Q,12,0)) -> 390 | V48: =IF(B48="","",VLOOKUP(AD48,Varsayımlar!$B:$Q,13,0)) -> Yurtdışı | W48: =IF(B48="","",VLOOKUP(AD48,Varsayımlar!$B:$Q,14,0)) -> 6 | AA48: =IF(B48="","",VLOOKUP(AD48,Varsayımlar!$B:$Q,15,0)) -> Lazeza Kolisi | AB48: =IF(B48="","",VLOOKUP(AD48,Varsayımlar!$B:$Q,16,0)) -> 24-26 cm | AD48: =IF(B48="","",CONCATENATE(B48,E48)) -> AjjawiLazeza 25 cm 6pcs 390g
A49: 2. | B49: Gülbahar Company | C49: =IF(B49="","",VLOOKUP(AD49,Varsayımlar!$B:$Q,3,0)) -> 8698829380698 | E49: Baskısız 25cm Sade 8pcs 480g | H49: =IF(B49="","",VLOOKUP(AD49,Varsayımlar!$B:$Q,5,0)) -> Baskısız 25 cm | J49: =IF(B49="","",VLOOKUP(AD49,Varsayımlar!$B:$Q,6,0)) -> SADE | K49: 750 | M49: =IFERROR(IF(B49="","",K49/VLOOKUP(AD49,Varsayımlar!B:R,17,0)),"") | P49: =IF(B49="","",VLOOKUP(AD49,Varsayımlar!$B:$Q,7,0)*K49) -> 10500 | Q49: =IF(B49="","",VLOOKUP(AD49,Varsayımlar!$B:$Q,8,0)) -> 25 | R49: =IF(B49="","",VLOOKUP(AD49,Varsayımlar!$B:$Q,9,0)) -> Irak Soft | S49: =IF(B49="","",VLOOKUP(AD49,Varsayımlar!$B:$Q,10,0)) -> 8 | T49: =IF(B49="","",VLOOKUP(AD49,Varsayımlar!$B:$Q,11,0)) -> 14 | U49: =IF(B49="","",VLOOKUP(AD49,Varsayımlar!$B:$Q,12,0)) -> 480 | V49: =IF(B49="","",VLOOKUP(AD49,Varsayımlar!$B:$Q,13,0)) -> Yurtdışı | W49: =IF(B49="","",VLOOKUP(AD49,Varsayımlar!$B:$Q,14,0)) -> 6 | X49: 46185 | Y49: 46368 | Z49: 26061225 | AA49: =IF(B49="","",VLOOKUP(AD49,Varsayımlar!$B:$Q,15,0)) -> Kırmızı Koli | AB49: =IF(B49="","",VLOOKUP(AD49,Varsayımlar!$B:$Q,16,0)) -> 24-26 cm | AD49: =IF(B49="","",CONCATENATE(B49,E49)) -> Gülbahar CompanyBaskısız 25cm Sade 8pcs 480g
A50: 3. | B50: Sons Of Hanna | C50: =IF(B50="","",VLOOKUP(AD50,Varsayımlar!$B:$Q,3,0)) -> 8698829380698 | E50: Happylla 25cm Sade 6pcs 390g | H50: =IF(B50="","",VLOOKUP(AD50,Varsayımlar!$B:$Q,5,0)) -> Happylla 25cm | I50: =IF(B50="","",VLOOKUP(AD50,Varsayımlar!B:T,19,0)) -> 0 | J50: =IF(B50="","",VLOOKUP(AD50,Varsayımlar!$B:$Q,6,0)) -> SADE | K50: 300 | M50: =IFERROR(IF(B50="","",K50/VLOOKUP(AD50,Varsayımlar!B:R,17,0)),"") | O50: 5 | P50: =IF(B50="","",VLOOKUP(AD50,Varsayımlar!$B:$Q,7,0)*K50) -> 5400 | Q50: =IF(B50="","",VLOOKUP(AD50,Varsayımlar!$B:$Q,8,0)) -> 25 | R50: =IF(B50="","",VLOOKUP(AD50,Varsayımlar!$B:$Q,9,0)) -> Irak Soft | S50: =IF(B50="","",VLOOKUP(AD50,Varsayımlar!$B:$Q,10,0)) -> 6 | T50: =IF(B50="","",VLOOKUP(AD50,Varsayımlar!$B:$Q,11,0)) -> 18 | U50: =IF(B50="","",VLOOKUP(AD50,Varsayımlar!$B:$Q,12,0)) -> 390 | V50: =IF(B50="","",VLOOKUP(AD50,Varsayımlar!$B:$Q,13,0)) -> Yurtdışı | W50: =IF(B50="","",VLOOKUP(AD50,Varsayımlar!$B:$Q,14,0)) -> 8 | AA50: =IF(B50="","",VLOOKUP(AD50,Varsayımlar!$B:$Q,15,0)) -> Kırmızı Koli | AB50: =IF(B50="","",VLOOKUP(AD50,Varsayımlar!$B:$Q,16,0)) -> 24-26cm | AC50: =IF(B50="","",VLOOKUP(Sayfa1!AD50,Varsayımlar!B:S,18,0)) -> 0 | AD50: =IF(B50="","",CONCATENATE(B50,E50)) -> Sons Of HannaHappylla 25cm Sade 6pcs 390g
A51: 4. | B51: TASTE LAND-BULGARİSTAN | C51: =IF(B51="","",VLOOKUP(AD51,Varsayımlar!$B:$Q,3,0)) -> 8698829380698 | D51: 1. ARAÇ | E51: Tortillas 25cm Sade 10pcs 650g | F51: 26042906 | H51: =IF(B51="","",VLOOKUP(AD51,Varsayımlar!$B:$Q,5,0)) -> Tortillas Avrupa 25cm (698) | I51: =IF(B51="","",VLOOKUP(AD51,Varsayımlar!B:T,19,0)) -> 0 | J51: =IF(B51="","",VLOOKUP(AD51,Varsayımlar!$B:$Q,6,0)) -> SADE | K51: 720 | M51: =IFERROR(IF(B51="","",K51/VLOOKUP(AD51,Varsayımlar!B:R,17,0)),"") -> 6 | O51: 8 | P51: =IF(B51="","",VLOOKUP(AD51,Varsayımlar!$B:$Q,7,0)*K51) -> 5760 | Q51: =IF(B51="","",VLOOKUP(AD51,Varsayımlar!$B:$Q,8,0)) -> 25 | R51: =IF(B51="","",VLOOKUP(AD51,Varsayımlar!$B:$Q,9,0)) -> Irak Soft | S51: =IF(B51="","",VLOOKUP(AD51,Varsayımlar!$B:$Q,10,0)) -> 10 | T51: =IF(B51="","",VLOOKUP(AD51,Varsayımlar!$B:$Q,11,0)) -> 8 | U51: =IF(B51="","",VLOOKUP(AD51,Varsayımlar!$B:$Q,12,0)) -> 650 | V51: =IF(B51="","",VLOOKUP(AD51,Varsayımlar!$B:$Q,13,0)) -> Yurtdışı | W51: =IF(B51="","",VLOOKUP(AD51,Varsayımlar!$B:$Q,14,0)) -> 9 | AA51: =IF(B51="","",VLOOKUP(AD51,Varsayımlar!$B:$Q,15,0)) -> 25cm Perforeli-Bulgarca etiket | AB51: =IF(B51="","",VLOOKUP(AD51,Varsayımlar!$B:$Q,16,0)) -> 24-26 cm | AC51: =IF(B51="","",VLOOKUP(Sayfa1!AD51,Varsayımlar!B:S,18,0)) -> 80x120cm -Epal+Epal | AD51: =IF(B51="","",CONCATENATE(B51,E51)) -> TASTE LAND-BULGARİSTANTortillas 25cm Sade 10pcs 650g
A52: 5. | B52: TASTE LAND-BULGARİSTAN | C52: =IF(B52="","",VLOOKUP(AD52,Varsayımlar!$B:$Q,3,0)) -> 8698829380698 | D52: 1. ARAÇ | E52: Tortillas 25cm Tam Buğday 10pcs 650g | F52: 26042906 | H52: =IF(B52="","",VLOOKUP(AD52,Varsayımlar!$B:$Q,5,0)) -> Tortillas Avrupa 25cm Tam Buğday (711) | I52: =IF(B52="","",VLOOKUP(AD52,Varsayımlar!B:T,19,0)) -> 0 | J52: =IF(B52="","",VLOOKUP(AD52,Varsayımlar!$B:$Q,6,0)) -> Tam Buğdaylı | K52: 840 | M52: =IFERROR(IF(B52="","",K52/VLOOKUP(AD52,Varsayımlar!B:R,17,0)),"") -> 7 | O52: 10 | P52: =IF(B52="","",VLOOKUP(AD52,Varsayımlar!$B:$Q,7,0)*K52) -> 6720 | Q52: =IF(B52="","",VLOOKUP(AD52,Varsayımlar!$B:$Q,8,0)) -> 25 | R52: =IF(B52="","",VLOOKUP(AD52,Varsayımlar!$B:$Q,9,0)) -> Irak Soft | S52: =IF(B52="","",VLOOKUP(AD52,Varsayımlar!$B:$Q,10,0)) -> 10 | T52: =IF(B52="","",VLOOKUP(AD52,Varsayımlar!$B:$Q,11,0)) -> 8 | U52: =IF(B52="","",VLOOKUP(AD52,Varsayımlar!$B:$Q,12,0)) -> 650 | V52: =IF(B52="","",VLOOKUP(AD52,Varsayımlar!$B:$Q,13,0)) -> Yurtdışı | W52: =IF(B52="","",VLOOKUP(AD52,Varsayımlar!$B:$Q,14,0)) -> 9 | AA52: =IF(B52="","",VLOOKUP(AD52,Varsayımlar!$B:$Q,15,0)) -> 25cm Perforeli-Bulgarca TB etiket | AB52: =IF(B52="","",VLOOKUP(AD52,Varsayımlar!$B:$Q,16,0)) -> 24-26 cm | AC52: =IF(B52="","",VLOOKUP(Sayfa1!AD52,Varsayımlar!B:S,18,0)) -> 80x120cm -Epal+Epal | AD52: =IF(B52="","",CONCATENATE(B52,E52)) -> TASTE LAND-BULGARİSTANTortillas 25cm Tam Buğday 10pcs 650g
A53: 6. | B53: TASTE LAND-BULGARİSTAN | C53: =IF(B53="","",VLOOKUP(AD53,Varsayımlar!$B:$Q,3,0)) -> 8698829380698 | D53: 1. ARAÇ | E53: Tortillas 25cm Domatesli 6pcs 390g | F53: 26042906 | H53: =IF(B53="","",VLOOKUP(AD53,Varsayımlar!$B:$Q,5,0)) -> Tortillas Avrupa 25cm Domatesli (074) | I53: =IF(B53="","",VLOOKUP(AD53,Varsayımlar!B:T,19,0)) -> 0 | J53: =IF(B53="","",VLOOKUP(AD53,Varsayımlar!$B:$Q,6,0)) -> Domatesli | K53: 360 | M53: =IFERROR(IF(B53="","",K53/VLOOKUP(AD53,Varsayımlar!B:R,17,0)),"") -> 3 | O53: 4 | P53: =IF(B53="","",VLOOKUP(AD53,Varsayımlar!$B:$Q,7,0)*K53) -> 4320 | Q53: =IF(B53="","",VLOOKUP(AD53,Varsayımlar!$B:$Q,8,0)) -> 25 | R53: =IF(B53="","",VLOOKUP(AD53,Varsayımlar!$B:$Q,9,0)) -> Irak Soft | S53: =IF(B53="","",VLOOKUP(AD53,Varsayımlar!$B:$Q,10,0)) -> 6 | T53: =IF(B53="","",VLOOKUP(AD53,Varsayımlar!$B:$Q,11,0)) -> 12 | U53: =IF(B53="","",VLOOKUP(AD53,Varsayımlar!$B:$Q,12,0)) -> 390 | V53: =IF(B53="","",VLOOKUP(AD53,Varsayımlar!$B:$Q,13,0)) -> Yurtdışı | W53: =IF(B53="","",VLOOKUP(AD53,Varsayımlar!$B:$Q,14,0)) -> 9 | AA53: =IF(B53="","",VLOOKUP(AD53,Varsayımlar!$B:$Q,15,0)) -> 25cm Perforeli-Bulgarca Domatesli etiket | AB53: =IF(B53="","",VLOOKUP(AD53,Varsayımlar!$B:$Q,16,0)) -> 24-26 cm | AC53: =IF(B53="","",VLOOKUP(Sayfa1!AD53,Varsayımlar!B:S,18,0)) -> 80x120cm -Epal+Epal | AD53: =IF(B53="","",CONCATENATE(B53,E53)) -> TASTE LAND-BULGARİSTANTortillas 25cm Domatesli 6pcs 390g
A54: 7. | B54: TASTE LAND-BULGARİSTAN | C54: =IF(B54="","",VLOOKUP(AD54,Varsayımlar!$B:$Q,3,0)) -> 8698829380698 | D54: 1. ARAÇ | E54: Tortillas 25cm Ispanaklı 6pcs 390g | F54: 26042906 | H54: =IF(B54="","",VLOOKUP(AD54,Varsayımlar!$B:$Q,5,0)) -> Tortillas Avrupa 25cm Ispanaklı (081) | I54: =IF(B54="","",VLOOKUP(AD54,Varsayımlar!B:T,19,0)) -> 0 | J54: =IF(B54="","",VLOOKUP(AD54,Varsayımlar!$B:$Q,6,0)) -> Ispanaklı | K54: 360 | M54: =IFERROR(IF(B54="","",K54/VLOOKUP(AD54,Varsayımlar!B:R,17,0)),"") -> 3 | O54: 4 | P54: =IF(B54="","",VLOOKUP(AD54,Varsayımlar!$B:$Q,7,0)*K54) -> 4320 | Q54: =IF(B54="","",VLOOKUP(AD54,Varsayımlar!$B:$Q,8,0)) -> 25 | R54: =IF(B54="","",VLOOKUP(AD54,Varsayımlar!$B:$Q,9,0)) -> Irak Soft | S54: =IF(B54="","",VLOOKUP(AD54,Varsayımlar!$B:$Q,10,0)) -> 6 | T54: =IF(B54="","",VLOOKUP(AD54,Varsayımlar!$B:$Q,11,0)) -> 12 | U54: =IF(B54="","",VLOOKUP(AD54,Varsayımlar!$B:$Q,12,0)) -> 390 | V54: =IF(B54="","",VLOOKUP(AD54,Varsayımlar!$B:$Q,13,0)) -> Yurtdışı | W54: =IF(B54="","",VLOOKUP(AD54,Varsayımlar!$B:$Q,14,0)) -> 9 | AA54: =IF(B54="","",VLOOKUP(AD54,Varsayımlar!$B:$Q,15,0)) -> 25cm Perforeli-Bulgarca Ispanaklı etiket | AB54: =IF(B54="","",VLOOKUP(AD54,Varsayımlar!$B:$Q,16,0)) -> 24-26 cm | AC54: =IF(B54="","",VLOOKUP(Sayfa1!AD54,Varsayımlar!B:S,18,0)) -> 80x120cm -Epal+Epal | AD54: =IF(B54="","",CONCATENATE(B54,E54)) -> TASTE LAND-BULGARİSTANTortillas 25cm Ispanaklı 6pcs 390g
A55: 8. | B55: TASTE LAND-BULGARİSTAN | C55: =IF(B55="","",VLOOKUP(AD55,Varsayımlar!$B:$Q,3,0)) -> 8698829380698 | D55: 1. ARAÇ | E55: Tortillas 25cm Peynirli 6pcs 390g | F55: 26042906 | H55: =IF(B55="","",VLOOKUP(AD55,Varsayımlar!$B:$Q,5,0)) -> Tortillas Avrupa 25cm Peynirli (098) | I55: =IF(B55="","",VLOOKUP(AD55,Varsayımlar!B:T,19,0)) -> 0 | J55: =IF(B55="","",VLOOKUP(AD55,Varsayımlar!$B:$Q,6,0)) -> Peynirli | K55: 240 | M55: =IFERROR(IF(B55="","",K55/VLOOKUP(AD55,Varsayımlar!B:R,17,0)),"") -> 2 | O55: 3 | P55: =IF(B55="","",VLOOKUP(AD55,Varsayımlar!$B:$Q,7,0)*K55) -> 2880 | Q55: =IF(B55="","",VLOOKUP(AD55,Varsayımlar!$B:$Q,8,0)) -> 25 | R55: =IF(B55="","",VLOOKUP(AD55,Varsayımlar!$B:$Q,9,0)) -> Irak Soft-AT | S55: =IF(B55="","",VLOOKUP(AD55,Varsayımlar!$B:$Q,10,0)) -> 6 | T55: =IF(B55="","",VLOOKUP(AD55,Varsayımlar!$B:$Q,11,0)) -> 12 | U55: =IF(B55="","",VLOOKUP(AD55,Varsayımlar!$B:$Q,12,0)) -> 390 | V55: =IF(B55="","",VLOOKUP(AD55,Varsayımlar!$B:$Q,13,0)) -> Yurtdışı | W55: =IF(B55="","",VLOOKUP(AD55,Varsayımlar!$B:$Q,14,0)) -> 9 | AA55: =IF(B55="","",VLOOKUP(AD55,Varsayımlar!$B:$Q,15,0)) -> 25cm Perforeli-Bulgarca Peynirli etiket | AB55: =IF(B55="","",VLOOKUP(AD55,Varsayımlar!$B:$Q,16,0)) -> 24-26 cm | AC55: =IF(B55="","",VLOOKUP(Sayfa1!AD55,Varsayımlar!B:S,18,0)) -> 80x120cm -Epal+Epal | AD55: =IF(B55="","",CONCATENATE(B55,E55)) -> TASTE LAND-BULGARİSTANTortillas 25cm Peynirli 6pcs 390g
A56: 9. | B56: TASTE LAND-BULGARİSTAN | C56: =IF(B56="","",VLOOKUP(AD56,Varsayımlar!$B:$Q,3,0)) -> 8698829380698 | D56: 2. ARAÇ | E56: Tortillas 25cm Sade 10pcs 650g | F56: 26042907 | H56: =IF(B56="","",VLOOKUP(AD56,Varsayımlar!$B:$Q,5,0)) -> Tortillas Avrupa 25cm (698) | I56: =IF(B56="","",VLOOKUP(AD56,Varsayımlar!B:T,19,0)) -> 0 | J56: =IF(B56="","",VLOOKUP(AD56,Varsayımlar!$B:$Q,6,0)) -> SADE | K56: 720 | M56: =IFERROR(IF(B56="","",K56/VLOOKUP(AD56,Varsayımlar!B:R,17,0)),"") -> 6 | O56: 8 | P56: =IF(B56="","",VLOOKUP(AD56,Varsayımlar!$B:$Q,7,0)*K56) -> 5760 | Q56: =IF(B56="","",VLOOKUP(AD56,Varsayımlar!$B:$Q,8,0)) -> 25 | R56: =IF(B56="","",VLOOKUP(AD56,Varsayımlar!$B:$Q,9,0)) -> Irak Soft | S56: =IF(B56="","",VLOOKUP(AD56,Varsayımlar!$B:$Q,10,0)) -> 10 | T56: =IF(B56="","",VLOOKUP(AD56,Varsayımlar!$B:$Q,11,0)) -> 8 | U56: =IF(B56="","",VLOOKUP(AD56,Varsayımlar!$B:$Q,12,0)) -> 650 | V56: =IF(B56="","",VLOOKUP(AD56,Varsayımlar!$B:$Q,13,0)) -> Yurtdışı | W56: =IF(B56="","",VLOOKUP(AD56,Varsayımlar!$B:$Q,14,0)) -> 9 | AA56: =IF(B56="","",VLOOKUP(AD56,Varsayımlar!$B:$Q,15,0)) -> 25cm Perforeli-Bulgarca etiket | AB56: =IF(B56="","",VLOOKUP(AD56,Varsayımlar!$B:$Q,16,0)) -> 24-26 cm | AC56: =IF(B56="","",VLOOKUP(Sayfa1!AD56,Varsayımlar!B:S,18,0)) -> 80x120cm -Epal+Epal | AD56: =IF(B56="","",CONCATENATE(B56,E56)) -> TASTE LAND-BULGARİSTANTortillas 25cm Sade 10pcs 650g
A57: 10. | B57: TASTE LAND-BULGARİSTAN | C57: =IF(B57="","",VLOOKUP(AD57,Varsayımlar!$B:$Q,3,0)) -> 8698829380698 | D57: 2. ARAÇ | E57: Tortillas 25cm Tam Buğday 10pcs 650g | F57: 26042907 | H57: =IF(B57="","",VLOOKUP(AD57,Varsayımlar!$B:$Q,5,0)) -> Tortillas Avrupa 25cm Tam Buğday (711) | I57: =IF(B57="","",VLOOKUP(AD57,Varsayımlar!B:T,19,0)) -> 0 | J57: =IF(B57="","",VLOOKUP(AD57,Varsayımlar!$B:$Q,6,0)) -> Tam Buğdaylı | K57: 840 | M57: =IFERROR(IF(B57="","",K57/VLOOKUP(AD57,Varsayımlar!B:R,17,0)),"") -> 7 | O57: 10 | P57: =IF(B57="","",VLOOKUP(AD57,Varsayımlar!$B:$Q,7,0)*K57) -> 6720 | Q57: =IF(B57="","",VLOOKUP(AD57,Varsayımlar!$B:$Q,8,0)) -> 25 | R57: =IF(B57="","",VLOOKUP(AD57,Varsayımlar!$B:$Q,9,0)) -> Irak Soft | S57: =IF(B57="","",VLOOKUP(AD57,Varsayımlar!$B:$Q,10,0)) -> 10 | T57: =IF(B57="","",VLOOKUP(AD57,Varsayımlar!$B:$Q,11,0)) -> 8 | U57: =IF(B57="","",VLOOKUP(AD57,Varsayımlar!$B:$Q,12,0)) -> 650 | V57: =IF(B57="","",VLOOKUP(AD57,Varsayımlar!$B:$Q,13,0)) -> Yurtdışı | W57: =IF(B57="","",VLOOKUP(AD57,Varsayımlar!$B:$Q,14,0)) -> 9 | AA57: =IF(B57="","",VLOOKUP(AD57,Varsayımlar!$B:$Q,15,0)) -> 25cm Perforeli-Bulgarca TB etiket | AB57: =IF(B57="","",VLOOKUP(AD57,Varsayımlar!$B:$Q,16,0)) -> 24-26 cm | AC57: =IF(B57="","",VLOOKUP(Sayfa1!AD57,Varsayımlar!B:S,18,0)) -> 80x120cm -Epal+Epal | AD57: =IF(B57="","",CONCATENATE(B57,E57)) -> TASTE LAND-BULGARİSTANTortillas 25cm Tam Buğday 10pcs 650g
A58: 11. | B58: TASTE LAND-BULGARİSTAN | C58: =IF(B58="","",VLOOKUP(AD58,Varsayımlar!$B:$Q,3,0)) -> 8698829380698 | D58: 2. ARAÇ | E58: Tortillas 25cm Domatesli 6pcs 390g | F58: 26042907 | H58: =IF(B58="","",VLOOKUP(AD58,Varsayımlar!$B:$Q,5,0)) -> Tortillas Avrupa 25cm Domatesli (074) | I58: =IF(B58="","",VLOOKUP(AD58,Varsayımlar!B:T,19,0)) -> 0 | J58: =IF(B58="","",VLOOKUP(AD58,Varsayımlar!$B:$Q,6,0)) -> Domatesli | K58: 480 | M58: =IFERROR(IF(B58="","",K58/VLOOKUP(AD58,Varsayımlar!B:R,17,0)),"") -> 4 | O58: 5 | P58: =IF(B58="","",VLOOKUP(AD58,Varsayımlar!$B:$Q,7,0)*K58) -> 5760 | Q58: =IF(B58="","",VLOOKUP(AD58,Varsayımlar!$B:$Q,8,0)) -> 25 | R58: =IF(B58="","",VLOOKUP(AD58,Varsayımlar!$B:$Q,9,0)) -> Irak Soft | S58: =IF(B58="","",VLOOKUP(AD58,Varsayımlar!$B:$Q,10,0)) -> 6 | T58: =IF(B58="","",VLOOKUP(AD58,Varsayımlar!$B:$Q,11,0)) -> 12 | U58: =IF(B58="","",VLOOKUP(AD58,Varsayımlar!$B:$Q,12,0)) -> 390 | V58: =IF(B58="","",VLOOKUP(AD58,Varsayımlar!$B:$Q,13,0)) -> Yurtdışı | W58: =IF(B58="","",VLOOKUP(AD58,Varsayımlar!$B:$Q,14,0)) -> 9 | AA58: =IF(B58="","",VLOOKUP(AD58,Varsayımlar!$B:$Q,15,0)) -> 25cm Perforeli-Bulgarca Domatesli etiket | AB58: =IF(B58="","",VLOOKUP(AD58,Varsayımlar!$B:$Q,16,0)) -> 24-26 cm | AC58: =IF(B58="","",VLOOKUP(Sayfa1!AD58,Varsayımlar!B:S,18,0)) -> 80x120cm -Epal+Epal | AD58: =IF(B58="","",CONCATENATE(B58,E58)) -> TASTE LAND-BULGARİSTANTortillas 25cm Domatesli 6pcs 390g
A59: 12. | B59: TASTE LAND-BULGARİSTAN | C59: =IF(B59="","",VLOOKUP(AD59,Varsayımlar!$B:$Q,3,0)) -> 8698829380698 | D59: 2. ARAÇ | E59: Tortillas 25cm Ispanaklı 6pcs 390g | F59: 26042907 | H59: =IF(B59="","",VLOOKUP(AD59,Varsayımlar!$B:$Q,5,0)) -> Tortillas Avrupa 25cm Ispanaklı (081) | I59: =IF(B59="","",VLOOKUP(AD59,Varsayımlar!B:T,19,0)) -> 0 | J59: =IF(B59="","",VLOOKUP(AD59,Varsayımlar!$B:$Q,6,0)) -> Ispanaklı | K59: 480 | M59: =IFERROR(IF(B59="","",K59/VLOOKUP(AD59,Varsayımlar!B:R,17,0)),"") -> 4 | O59: 5 | P59: =IF(B59="","",VLOOKUP(AD59,Varsayımlar!$B:$Q,7,0)*K59) -> 5760 | Q59: =IF(B59="","",VLOOKUP(AD59,Varsayımlar!$B:$Q,8,0)) -> 25 | R59: =IF(B59="","",VLOOKUP(AD59,Varsayımlar!$B:$Q,9,0)) -> Irak Soft | S59: =IF(B59="","",VLOOKUP(AD59,Varsayımlar!$B:$Q,10,0)) -> 6 | T59: =IF(B59="","",VLOOKUP(AD59,Varsayımlar!$B:$Q,11,0)) -> 12 | U59: =IF(B59="","",VLOOKUP(AD59,Varsayımlar!$B:$Q,12,0)) -> 390 | V59: =IF(B59="","",VLOOKUP(AD59,Varsayımlar!$B:$Q,13,0)) -> Yurtdışı | W59: =IF(B59="","",VLOOKUP(AD59,Varsayımlar!$B:$Q,14,0)) -> 9 | AA59: =IF(B59="","",VLOOKUP(AD59,Varsayımlar!$B:$Q,15,0)) -> 25cm Perforeli-Bulgarca Ispanaklı etiket | AB59: =IF(B59="","",VLOOKUP(AD59,Varsayımlar!$B:$Q,16,0)) -> 24-26 cm | AC59: =IF(B59="","",VLOOKUP(Sayfa1!AD59,Varsayımlar!B:S,18,0)) -> 80x120cm -Epal+Epal | AD59: =IF(B59="","",CONCATENATE(B59,E59)) -> TASTE LAND-BULGARİSTANTortillas 25cm Ispanaklı 6pcs 390g
A60: 13. | B60: TASTE LAND-BULGARİSTAN | C60: =IF(B60="","",VLOOKUP(AD60,Varsayımlar!$B:$Q,3,0)) -> 8698829380698 | D60: 2. ARAÇ | E60: Tortillas 25cm Peynirli 6pcs 390g | F60: 26042907 | H60: =IF(B60="","",VLOOKUP(AD60,Varsayımlar!$B:$Q,5,0)) -> Tortillas Avrupa 25cm Peynirli (098) | I60: =IF(B60="","",VLOOKUP(AD60,Varsayımlar!B:T,19,0)) -> 0 | J60: =IF(B60="","",VLOOKUP(AD60,Varsayımlar!$B:$Q,6,0)) -> Peynirli | K60: 360 | M60: =IFERROR(IF(B60="","",K60/VLOOKUP(AD60,Varsayımlar!B:R,17,0)),"") -> 3 | O60: 4 | P60: =IF(B60="","",VLOOKUP(AD60,Varsayımlar!$B:$Q,7,0)*K60) -> 4320 | Q60: =IF(B60="","",VLOOKUP(AD60,Varsayımlar!$B:$Q,8,0)) -> 25 | R60: =IF(B60="","",VLOOKUP(AD60,Varsayımlar!$B:$Q,9,0)) -> Irak Soft-AT | S60: =IF(B60="","",VLOOKUP(AD60,Varsayımlar!$B:$Q,10,0)) -> 6 | T60: =IF(B60="","",VLOOKUP(AD60,Varsayımlar!$B:$Q,11,0)) -> 12 | U60: =IF(B60="","",VLOOKUP(AD60,Varsayımlar!$B:$Q,12,0)) -> 390 | V60: =IF(B60="","",VLOOKUP(AD60,Varsayımlar!$B:$Q,13,0)) -> Yurtdışı | W60: =IF(B60="","",VLOOKUP(AD60,Varsayımlar!$B:$Q,14,0)) -> 9 | AA60: =IF(B60="","",VLOOKUP(AD60,Varsayımlar!$B:$Q,15,0)) -> 25cm Perforeli-Bulgarca Peynirli etiket | AB60: =IF(B60="","",VLOOKUP(AD60,Varsayımlar!$B:$Q,16,0)) -> 24-26 cm | AC60: =IF(B60="","",VLOOKUP(Sayfa1!AD60,Varsayımlar!B:S,18,0)) -> 80x120cm -Epal+Epal | AD60: =IF(B60="","",CONCATENATE(B60,E60)) -> TASTE LAND-BULGARİSTANTortillas 25cm Peynirli 6pcs 390g
A61: 14. | B61: TASTE LAND-BULGARİSTAN | C61: =IF(B61="","",VLOOKUP(AD61,Varsayımlar!$B:$Q,3,0)) -> 8698829380698 | D61: 3. ARAÇ | E61: Tortillas 25cm Sade 10pcs 650g | F61: 26042908-2 | H61: =IF(B61="","",VLOOKUP(AD61,Varsayımlar!$B:$Q,5,0)) -> Tortillas Avrupa 25cm (698) | I61: =IF(B61="","",VLOOKUP(AD61,Varsayımlar!B:T,19,0)) -> 0 | J61: =IF(B61="","",VLOOKUP(AD61,Varsayımlar!$B:$Q,6,0)) -> SADE | K61: 720 | M61: =IFERROR(IF(B61="","",K61/VLOOKUP(AD61,Varsayımlar!B:R,17,0)),"") -> 6 | O61: 8 | P61: =IF(B61="","",VLOOKUP(AD61,Varsayımlar!$B:$Q,7,0)*K61) -> 5760 | Q61: =IF(B61="","",VLOOKUP(AD61,Varsayımlar!$B:$Q,8,0)) -> 25 | R61: =IF(B61="","",VLOOKUP(AD61,Varsayımlar!$B:$Q,9,0)) -> Irak Soft | S61: =IF(B61="","",VLOOKUP(AD61,Varsayımlar!$B:$Q,10,0)) -> 10 | T61: =IF(B61="","",VLOOKUP(AD61,Varsayımlar!$B:$Q,11,0)) -> 8 | U61: =IF(B61="","",VLOOKUP(AD61,Varsayımlar!$B:$Q,12,0)) -> 650 | V61: =IF(B61="","",VLOOKUP(AD61,Varsayımlar!$B:$Q,13,0)) -> Yurtdışı | W61: =IF(B61="","",VLOOKUP(AD61,Varsayımlar!$B:$Q,14,0)) -> 9 | AA61: =IF(B61="","",VLOOKUP(AD61,Varsayımlar!$B:$Q,15,0)) -> 25cm Perforeli-Bulgarca etiket | AB61: =IF(B61="","",VLOOKUP(AD61,Varsayımlar!$B:$Q,16,0)) -> 24-26 cm | AC61: =IF(B61="","",VLOOKUP(Sayfa1!AD61,Varsayımlar!B:S,18,0)) -> 80x120cm -Epal+Epal | AD61: =IF(B61="","",CONCATENATE(B61,E61)) -> TASTE LAND-BULGARİSTANTortillas 25cm Sade 10pcs 650g
A62: 15. | B62: TASTE LAND-BULGARİSTAN | C62: =IF(B62="","",VLOOKUP(AD62,Varsayımlar!$B:$Q,3,0)) -> 8698829380698 | D62: 3. ARAÇ | E62: Tortillas 25cm Sade 6pcs 390g | F62: 26042908-2 | H62: =IF(B62="","",VLOOKUP(AD62,Varsayımlar!$B:$Q,5,0)) -> Tortillas Avrupa 25cm (698) | I62: =IF(B62="","",VLOOKUP(AD62,Varsayımlar!B:T,19,0)) -> Barkod üzerine Barkod Etiketi (050) | J62: =IF(B62="","",VLOOKUP(AD62,Varsayımlar!$B:$Q,6,0)) -> SADE | K62: 168 | M62: =IFERROR(IF(B62="","",K62/VLOOKUP(AD62,Varsayımlar!B:R,17,0)),"") -> 2 | O62: 3 | P62: =IF(B62="","",VLOOKUP(AD62,Varsayımlar!$B:$Q,7,0)*K62) -> 3024 | Q62: =IF(B62="","",VLOOKUP(AD62,Varsayımlar!$B:$Q,8,0)) -> 25 | R62: =IF(B62="","",VLOOKUP(AD62,Varsayımlar!$B:$Q,9,0)) -> Irak Soft | S62: =IF(B62="","",VLOOKUP(AD62,Varsayımlar!$B:$Q,10,0)) -> 6 | T62: =IF(B62="","",VLOOKUP(AD62,Varsayımlar!$B:$Q,11,0)) -> 18 | U62: =IF(B62="","",VLOOKUP(AD62,Varsayımlar!$B:$Q,12,0)) -> 390 | V62: =IF(B62="","",VLOOKUP(AD62,Varsayımlar!$B:$Q,13,0)) -> Yurtdışı | W62: =IF(B62="","",VLOOKUP(AD62,Varsayımlar!$B:$Q,14,0)) -> 9 | AA62: =IF(B62="","",VLOOKUP(AD62,Varsayımlar!$B:$Q,15,0)) -> 25cm Kırmızı koli-Bulgarca Etiket | AB62: =IF(B62="","",VLOOKUP(AD62,Varsayımlar!$B:$Q,16,0)) -> 24-26 cm | AC62: =IF(B62="","",VLOOKUP(Sayfa1!AD62,Varsayımlar!B:S,18,0)) -> 80x120cm -Epal+Epal | AD62: =IF(B62="","",CONCATENATE(B62,E62)) -> TASTE LAND-BULGARİSTANTortillas 25cm Sade 6pcs 390g
A63: 16. | B63: TASTE LAND-BULGARİSTAN | C63: =IF(B63="","",VLOOKUP(AD63,Varsayımlar!$B:$Q,3,0)) -> 8698829380698 | D63: 3. ARAÇ | E63: Tortillas 25cm Tam Buğday 10pcs 650g | F63: 26042908-2 | H63: =IF(B63="","",VLOOKUP(AD63,Varsayımlar!$B:$Q,5,0)) -> Tortillas Avrupa 25cm Tam Buğday (711) | I63: =IF(B63="","",VLOOKUP(AD63,Varsayımlar!B:T,19,0)) -> 0 | J63: =IF(B63="","",VLOOKUP(AD63,Varsayımlar!$B:$Q,6,0)) -> Tam Buğdaylı | K63: 840 | M63: =IFERROR(IF(B63="","",K63/VLOOKUP(AD63,Varsayımlar!B:R,17,0)),"") -> 7 | O63: 10 | P63: =IF(B63="","",VLOOKUP(AD63,Varsayımlar!$B:$Q,7,0)*K63) -> 6720 | Q63: =IF(B63="","",VLOOKUP(AD63,Varsayımlar!$B:$Q,8,0)) -> 25 | R63: =IF(B63="","",VLOOKUP(AD63,Varsayımlar!$B:$Q,9,0)) -> Irak Soft | S63: =IF(B63="","",VLOOKUP(AD63,Varsayımlar!$B:$Q,10,0)) -> 10 | T63: =IF(B63="","",VLOOKUP(AD63,Varsayımlar!$B:$Q,11,0)) -> 8 | U63: =IF(B63="","",VLOOKUP(AD63,Varsayımlar!$B:$Q,12,0)) -> 650 | V63: =IF(B63="","",VLOOKUP(AD63,Varsayımlar!$B:$Q,13,0)) -> Yurtdışı | W63: =IF(B63="","",VLOOKUP(AD63,Varsayımlar!$B:$Q,14,0)) -> 9 | AA63: =IF(B63="","",VLOOKUP(AD63,Varsayımlar!$B:$Q,15,0)) -> 25cm Perforeli-Bulgarca TB etiket | AB63: =IF(B63="","",VLOOKUP(AD63,Varsayımlar!$B:$Q,16,0)) -> 24-26 cm | AC63: =IF(B63="","",VLOOKUP(Sayfa1!AD63,Varsayımlar!B:S,18,0)) -> 80x120cm -Epal+Epal | AD63: =IF(B63="","",CONCATENATE(B63,E63)) -> TASTE LAND-BULGARİSTANTortillas 25cm Tam Buğday 10pcs 650g
A64: 17. | B64: TASTE LAND-BULGARİSTAN | C64: =IF(B64="","",VLOOKUP(AD64,Varsayımlar!$B:$Q,3,0)) -> 8698829380698 | D64: 3. ARAÇ | E64: Tortillas 25cm TB 6pcs 390g | F64: 26042908-2 | H64: =IF(B64="","",VLOOKUP(AD64,Varsayımlar!$B:$Q,5,0)) -> Tortillas Avrupa 25cm TB (711) | I64: =IF(B64="","",VLOOKUP(AD64,Varsayımlar!B:T,19,0)) -> Barkod üzerine Barkod Etiketi (067) | J64: =IF(B64="","",VLOOKUP(AD64,Varsayımlar!$B:$Q,6,0)) -> Tam Buğdaylı | K64: 84 | M64: =IFERROR(IF(B64="","",K64/VLOOKUP(AD64,Varsayımlar!B:R,17,0)),"") -> 1 | O64: 2 | P64: =IF(B64="","",VLOOKUP(AD64,Varsayımlar!$B:$Q,7,0)*K64) -> 1512 | Q64: =IF(B64="","",VLOOKUP(AD64,Varsayımlar!$B:$Q,8,0)) -> 25 | R64: =IF(B64="","",VLOOKUP(AD64,Varsayımlar!$B:$Q,9,0)) -> Irak Soft | S64: =IF(B64="","",VLOOKUP(AD64,Varsayımlar!$B:$Q,10,0)) -> 6 | T64: =IF(B64="","",VLOOKUP(AD64,Varsayımlar!$B:$Q,11,0)) -> 18 | U64: =IF(B64="","",VLOOKUP(AD64,Varsayımlar!$B:$Q,12,0)) -> 390 | V64: =IF(B64="","",VLOOKUP(AD64,Varsayımlar!$B:$Q,13,0)) -> Yurtdışı | W64: =IF(B64="","",VLOOKUP(AD64,Varsayımlar!$B:$Q,14,0)) -> 9 | AA64: =IF(B64="","",VLOOKUP(AD64,Varsayımlar!$B:$Q,15,0)) -> 25cm Kırmızı koli-Bulgarca TB Etiket | AB64: =IF(B64="","",VLOOKUP(AD64,Varsayımlar!$B:$Q,16,0)) -> 24-26 cm | AC64: =IF(B64="","",VLOOKUP(Sayfa1!AD64,Varsayımlar!B:S,18,0)) -> 80x120cm -Epal+Epal | AD64: =IF(B64="","",CONCATENATE(B64,E64)) -> TASTE LAND-BULGARİSTANTortillas 25cm TB 6pcs 390g
A65: 18. | B65: TASTE LAND-BULGARİSTAN | C65: =IF(B65="","",VLOOKUP(AD65,Varsayımlar!$B:$Q,3,0)) -> 8698829380698 | D65: 3. ARAÇ | E65: Tortillas 25cm Domatesli 6pcs 390g | F65: 26042908-2 | H65: =IF(B65="","",VLOOKUP(AD65,Varsayımlar!$B:$Q,5,0)) -> Tortillas Avrupa 25cm Domatesli (074) | I65: =IF(B65="","",VLOOKUP(AD65,Varsayımlar!B:T,19,0)) -> 0 | J65: =IF(B65="","",VLOOKUP(AD65,Varsayımlar!$B:$Q,6,0)) -> Domatesli | K65: 240 | M65: =IFERROR(IF(B65="","",K65/VLOOKUP(AD65,Varsayımlar!B:R,17,0)),"") -> 2 | O65: 3 | P65: =IF(B65="","",VLOOKUP(AD65,Varsayımlar!$B:$Q,7,0)*K65) -> 2880 | Q65: =IF(B65="","",VLOOKUP(AD65,Varsayımlar!$B:$Q,8,0)) -> 25 | R65: =IF(B65="","",VLOOKUP(AD65,Varsayımlar!$B:$Q,9,0)) -> Irak Soft | S65: =IF(B65="","",VLOOKUP(AD65,Varsayımlar!$B:$Q,10,0)) -> 6 | T65: =IF(B65="","",VLOOKUP(AD65,Varsayımlar!$B:$Q,11,0)) -> 12 | U65: =IF(B65="","",VLOOKUP(AD65,Varsayımlar!$B:$Q,12,0)) -> 390 | V65: =IF(B65="","",VLOOKUP(AD65,Varsayımlar!$B:$Q,13,0)) -> Yurtdışı | W65: =IF(B65="","",VLOOKUP(AD65,Varsayımlar!$B:$Q,14,0)) -> 9 | AA65: =IF(B65="","",VLOOKUP(AD65,Varsayımlar!$B:$Q,15,0)) -> 25cm Perforeli-Bulgarca Domatesli etiket | AB65: =IF(B65="","",VLOOKUP(AD65,Varsayımlar!$B:$Q,16,0)) -> 24-26 cm | AC65: =IF(B65="","",VLOOKUP(Sayfa1!AD65,Varsayımlar!B:S,18,0)) -> 80x120cm -Epal+Epal | AD65: =IF(B65="","",CONCATENATE(B65,E65)) -> TASTE LAND-BULGARİSTANTortillas 25cm Domatesli 6pcs 390g
A66: 19. | B66: TASTE LAND-BULGARİSTAN | C66: =IF(B66="","",VLOOKUP(AD66,Varsayımlar!$B:$Q,3,0)) -> 8698829380698 | D66: 3. ARAÇ | E66: Tortillas 25cm Ispanaklı 6pcs 390g | F66: 26042908-2 | H66: =IF(B66="","",VLOOKUP(AD66,Varsayımlar!$B:$Q,5,0)) -> Tortillas Avrupa 25cm Ispanaklı (081) | I66: =IF(B66="","",VLOOKUP(AD66,Varsayımlar!B:T,19,0)) -> 0 | J66: =IF(B66="","",VLOOKUP(AD66,Varsayımlar!$B:$Q,6,0)) -> Ispanaklı | K66: 240 | M66: =IFERROR(IF(B66="","",K66/VLOOKUP(AD66,Varsayımlar!B:R,17,0)),"") -> 2 | O66: 3 | P66: =IF(B66="","",VLOOKUP(AD66,Varsayımlar!$B:$Q,7,0)*K66) -> 2880 | Q66: =IF(B66="","",VLOOKUP(AD66,Varsayımlar!$B:$Q,8,0)) -> 25 | R66: =IF(B66="","",VLOOKUP(AD66,Varsayımlar!$B:$Q,9,0)) -> Irak Soft | S66: =IF(B66="","",VLOOKUP(AD66,Varsayımlar!$B:$Q,10,0)) -> 6 | T66: =IF(B66="","",VLOOKUP(AD66,Varsayımlar!$B:$Q,11,0)) -> 12 | U66: =IF(B66="","",VLOOKUP(AD66,Varsayımlar!$B:$Q,12,0)) -> 390 | V66: =IF(B66="","",VLOOKUP(AD66,Varsayımlar!$B:$Q,13,0)) -> Yurtdışı | W66: =IF(B66="","",VLOOKUP(AD66,Varsayımlar!$B:$Q,14,0)) -> 9 | AA66: =IF(B66="","",VLOOKUP(AD66,Varsayımlar!$B:$Q,15,0)) -> 25cm Perforeli-Bulgarca Ispanaklı etiket | AB66: =IF(B66="","",VLOOKUP(AD66,Varsayımlar!$B:$Q,16,0)) -> 24-26 cm | AC66: =IF(B66="","",VLOOKUP(Sayfa1!AD66,Varsayımlar!B:S,18,0)) -> 80x120cm -Epal+Epal | AD66: =IF(B66="","",CONCATENATE(B66,E66)) -> TASTE LAND-BULGARİSTANTortillas 25cm Ispanaklı 6pcs 390g
A67: 20. | B67: TASTE LAND-BULGARİSTAN | C67: =IF(B67="","",VLOOKUP(AD67,Varsayımlar!$B:$Q,3,0)) -> 8698829380698 | D67: 3. ARAÇ | E67: Tortillas 25cm Peynirli 6pcs 390g | F67: 26042908-2 | H67: =IF(B67="","",VLOOKUP(AD67,Varsayımlar!$B:$Q,5,0)) -> Tortillas Avrupa 25cm Peynirli (098) | I67: =IF(B67="","",VLOOKUP(AD67,Varsayımlar!B:T,19,0)) -> 0 | J67: =IF(B67="","",VLOOKUP(AD67,Varsayımlar!$B:$Q,6,0)) -> Peynirli | K67: 120 | M67: =IFERROR(IF(B67="","",K67/VLOOKUP(AD67,Varsayımlar!B:R,17,0)),"") -> 1 | O67: 2 | P67: =IF(B67="","",VLOOKUP(AD67,Varsayımlar!$B:$Q,7,0)*K67) -> 1440 | Q67: =IF(B67="","",VLOOKUP(AD67,Varsayımlar!$B:$Q,8,0)) -> 25 | R67: =IF(B67="","",VLOOKUP(AD67,Varsayımlar!$B:$Q,9,0)) -> Irak Soft-AT | S67: =IF(B67="","",VLOOKUP(AD67,Varsayımlar!$B:$Q,10,0)) -> 6 | T67: =IF(B67="","",VLOOKUP(AD67,Varsayımlar!$B:$Q,11,0)) -> 12 | U67: =IF(B67="","",VLOOKUP(AD67,Varsayımlar!$B:$Q,12,0)) -> 390 | V67: =IF(B67="","",VLOOKUP(AD67,Varsayımlar!$B:$Q,13,0)) -> Yurtdışı | W67: =IF(B67="","",VLOOKUP(AD67,Varsayımlar!$B:$Q,14,0)) -> 9 | AA67: =IF(B67="","",VLOOKUP(AD67,Varsayımlar!$B:$Q,15,0)) -> 25cm Perforeli-Bulgarca Peynirli etiket | AB67: =IF(B67="","",VLOOKUP(AD67,Varsayımlar!$B:$Q,16,0)) -> 24-26 cm | AC67: =IF(B67="","",VLOOKUP(Sayfa1!AD67,Varsayımlar!B:S,18,0)) -> 80x120cm -Epal+Epal | AD67: =IF(B67="","",CONCATENATE(B67,E67)) -> TASTE LAND-BULGARİSTANTortillas 25cm Peynirli 6pcs 390g
A68: 21. | C68: =IF(B68="","",VLOOKUP(AD68,Varsayımlar!$B:$Q,3,0)) | H68: =IF(B68="","",VLOOKUP(AD68,Varsayımlar!$B:$Q,5,0)) | J68: =IF(B68="","",VLOOKUP(AD68,Varsayımlar!$B:$Q,6,0)) | M68: =IFERROR(IF(B68="","",K68/VLOOKUP(AD68,Varsayımlar!B:R,17,0)),"") | P68: =IF(B68="","",VLOOKUP(AD68,Varsayımlar!$B:$Q,7,0)*K68) | Q68: =IF(B68="","",VLOOKUP(AD68,Varsayımlar!$B:$Q,8,0)) | R68: =IF(B68="","",VLOOKUP(AD68,Varsayımlar!$B:$Q,9,0)) | S68: =IF(B68="","",VLOOKUP(AD68,Varsayımlar!$B:$Q,10,0)) | T68: =IF(B68="","",VLOOKUP(AD68,Varsayımlar!$B:$Q,11,0)) | U68: =IF(B68="","",VLOOKUP(AD68,Varsayımlar!$B:$Q,12,0)) | V68: =IF(B68="","",VLOOKUP(AD68,Varsayımlar!$B:$Q,13,0)) | W68: =IF(B68="","",VLOOKUP(AD68,Varsayımlar!$B:$Q,14,0)) | AA68: =IF(B68="","",VLOOKUP(AD68,Varsayımlar!$B:$Q,15,0)) | AB68: =IF(B68="","",VLOOKUP(AD68,Varsayımlar!$B:$Q,16,0)) | AD68: =IF(B68="","",CONCATENATE(B68,E68))
A69: 22. | C69: =IF(B69="","",VLOOKUP(AD69,Varsayımlar!$B:$Q,3,0)) | H69: =IF(B69="","",VLOOKUP(AD69,Varsayımlar!$B:$Q,5,0)) | J69: =IF(B69="","",VLOOKUP(AD69,Varsayımlar!$B:$Q,6,0)) | M69: =IFERROR(IF(B69="","",K69/VLOOKUP(AD69,Varsayımlar!B:R,17,0)),"") | P69: =IF(B69="","",VLOOKUP(AD69,Varsayımlar!$B:$Q,7,0)*K69) | Q69: =IF(B69="","",VLOOKUP(AD69,Varsayımlar!$B:$Q,8,0)) | R69: =IF(B69="","",VLOOKUP(AD69,Varsayımlar!$B:$Q,9,0)) | S69: =IF(B69="","",VLOOKUP(AD69,Varsayımlar!$B:$Q,10,0)) | T69: =IF(B69="","",VLOOKUP(AD69,Varsayımlar!$B:$Q,11,0)) | U69: =IF(B69="","",VLOOKUP(AD69,Varsayımlar!$B:$Q,12,0)) | V69: =IF(B69="","",VLOOKUP(AD69,Varsayımlar!$B:$Q,13,0)) | W69: =IF(B69="","",VLOOKUP(AD69,Varsayımlar!$B:$Q,14,0)) | AA69: =IF(B69="","",VLOOKUP(AD69,Varsayımlar!$B:$Q,15,0)) | AB69: =IF(B69="","",VLOOKUP(AD69,Varsayımlar!$B:$Q,16,0)) | AD69: =IF(B69="","",CONCATENATE(B69,E69))
A70: 23. | C70: =IF(B70="","",VLOOKUP(AD70,Varsayımlar!$B:$Q,3,0)) | H70: =IF(B70="","",VLOOKUP(AD70,Varsayımlar!$B:$Q,5,0)) | J70: =IF(B70="","",VLOOKUP(AD70,Varsayımlar!$B:$Q,6,0)) | M70: =IFERROR(IF(B70="","",K70/VLOOKUP(AD70,Varsayımlar!B:R,17,0)),"") | P70: =IF(B70="","",VLOOKUP(AD70,Varsayımlar!$B:$Q,7,0)*K70) | Q70: =IF(B70="","",VLOOKUP(AD70,Varsayımlar!$B:$Q,8,0)) | R70: =IF(B70="","",VLOOKUP(AD70,Varsayımlar!$B:$Q,9,0)) | S70: =IF(B70="","",VLOOKUP(AD70,Varsayımlar!$B:$Q,10,0)) | T70: =IF(B70="","",VLOOKUP(AD70,Varsayımlar!$B:$Q,11,0)) | U70: =IF(B70="","",VLOOKUP(AD70,Varsayımlar!$B:$Q,12,0)) | V70: =IF(B70="","",VLOOKUP(AD70,Varsayımlar!$B:$Q,13,0)) | W70: =IF(B70="","",VLOOKUP(AD70,Varsayımlar!$B:$Q,14,0)) | AA70: =IF(B70="","",VLOOKUP(AD70,Varsayımlar!$B:$Q,15,0)) | AB70: =IF(B70="","",VLOOKUP(AD70,Varsayımlar!$B:$Q,16,0)) | AD70: =IF(B70="","",CONCATENATE(B70,E70))
A71: 24. | C71: =IF(B71="","",VLOOKUP(AD71,Varsayımlar!$B:$Q,3,0)) | H71: =IF(B71="","",VLOOKUP(AD71,Varsayımlar!$B:$Q,5,0)) | J71: =IF(B71="","",VLOOKUP(AD71,Varsayımlar!$B:$Q,6,0)) | M71: =IFERROR(IF(B71="","",K71/VLOOKUP(AD71,Varsayımlar!B:R,17,0)),"") | P71: =IF(B71="","",VLOOKUP(AD71,Varsayımlar!$B:$Q,7,0)*K71) | Q71: =IF(B71="","",VLOOKUP(AD71,Varsayımlar!$B:$Q,8,0)) | R71: =IF(B71="","",VLOOKUP(AD71,Varsayımlar!$B:$Q,9,0)) | S71: =IF(B71="","",VLOOKUP(AD71,Varsayımlar!$B:$Q,10,0)) | T71: =IF(B71="","",VLOOKUP(AD71,Varsayımlar!$B:$Q,11,0)) | U71: =IF(B71="","",VLOOKUP(AD71,Varsayımlar!$B:$Q,12,0)) | V71: =IF(B71="","",VLOOKUP(AD71,Varsayımlar!$B:$Q,13,0)) | W71: =IF(B71="","",VLOOKUP(AD71,Varsayımlar!$B:$Q,14,0)) | AA71: =IF(B71="","",VLOOKUP(AD71,Varsayımlar!$B:$Q,15,0)) | AB71: =IF(B71="","",VLOOKUP(AD71,Varsayımlar!$B:$Q,16,0)) | AD71: =IF(B71="","",CONCATENATE(B71,E71))
C72: =IF(B72="","",VLOOKUP(AD72,Varsayımlar!$B:$Q,3,0)) | H72: =IF(B72="","",VLOOKUP(AD72,Varsayımlar!$B:$Q,5,0)) | J72: =IF(B72="","",VLOOKUP(AD72,Varsayımlar!$B:$Q,6,0)) | P72: =IF(B72="","",VLOOKUP(AD72,Varsayımlar!$B:$Q,7,0)*K72) | Q72: =IF(B72="","",VLOOKUP(AD72,Varsayımlar!$B:$Q,8,0)) | R72: =IF(B72="","",VLOOKUP(AD72,Varsayımlar!$B:$Q,9,0)) | S72: =IF(B72="","",VLOOKUP(AD72,Varsayımlar!$B:$Q,10,0)) | T72: =IF(B72="","",VLOOKUP(AD72,Varsayımlar!$B:$Q,11,0)) | U72: =IF(B72="","",VLOOKUP(AD72,Varsayımlar!$B:$Q,12,0)) | V72: =IF(B72="","",VLOOKUP(AD72,Varsayımlar!$B:$Q,13,0)) | W72: =IF(B72="","",VLOOKUP(AD72,Varsayımlar!$B:$Q,14,0)) | AA72: =IF(B72="","",VLOOKUP(AD72,Varsayımlar!$B:$Q,15,0)) | AB72: =IF(B72="","",VLOOKUP(AD72,Varsayımlar!$B:$Q,16,0)) | AD72: =IF(B72="","",CONCATENATE(B72,E72))
A73: MAKİNE 3
A74: SIRA | B74: FİRMA | C74: GTIN KODU | D74: ARAÇ SAYISI | E74: PRODUCT NAME / ÜRÜN ADI | F74: ORDER NUMBER / SİPARİŞ NUMARASI | G74: KAREKOD DOSYA ADI | H74: AMBALAJ | I74: AMBALAJ ETİKETİ | J74: CİNSİ | K74: ÜRETİLECEK MİKTAR/ KOLİ | L74: DEPO STOK / KOLİ | M74: ÜRETİLECEK MİKTAR/ PALET | N74: PALET/KOLİ | P74: AMBALAJ MİKTAR | Q74: ÇAP | R74: FORMÜL | S74: PAKET İÇİ | T74: KOLİ İÇİ | U74: PAKET GRAMAJI | V74: TARİH | W74: SKT/AY | X74: ÜRT/PRD | Y74: TETT/EXP | Z74: PRT/LOT | AA74: KOLİ / TARİH | AB74: AÇIKLAMALAR | AC74: Palet Ölçüsü | AD74: Birleştir
A75: 1. | B75: A101 | C75: =IF(B75="","",VLOOKUP(AD75,Varsayımlar!$B:$Q,3,0)) -> 8698829380698 | E75: Nimet 25cm 12 pcs 840g | H75: =IF(B75="","",VLOOKUP(AD75,Varsayımlar!$B:$Q,5,0)) -> Nimet 25 cm | J75: =IF(B75="","",VLOOKUP(AD75,Varsayımlar!$B:$Q,6,0)) -> SADE | K75: Ne Çıkarsa | M75: =IFERROR(IF(B75="","",K75/VLOOKUP(AD75,Varsayımlar!B:R,17,0)),"") | P75: =IF(B75="","",VLOOKUP(AD75,Varsayımlar!$B:$Q,7,0)*K75) -> #VALUE! | Q75: =IF(B75="","",VLOOKUP(AD75,Varsayımlar!$B:$Q,8,0)) -> 25 | R75: =IF(B75="","",VLOOKUP(AD75,Varsayımlar!$B:$Q,9,0)) -> Standart | S75: =IF(B75="","",VLOOKUP(AD75,Varsayımlar!$B:$Q,10,0)) -> 12 | T75: =IF(B75="","",VLOOKUP(AD75,Varsayımlar!$B:$Q,11,0)) -> 12 | U75: =IF(B75="","",VLOOKUP(AD75,Varsayımlar!$B:$Q,12,0)) -> 840 | V75: =IF(B75="","",VLOOKUP(AD75,Varsayımlar!$B:$Q,13,0)) -> YURTİÇİ | W75: =IF(B75="","",VLOOKUP(AD75,Varsayımlar!$B:$Q,14,0)) -> 5 | X75: Güncel | Y75: Güncel | Z75: Güncel | AA75: =IF(B75="","",VLOOKUP(AD75,Varsayımlar!$B:$Q,15,0)) -> Nimet Kolisi | AB75: =IF(B75="","",VLOOKUP(AD75,Varsayımlar!$B:$Q,16,0)) -> 24-26 CM | AD75: =IF(B75="","",CONCATENATE(B75,E75)) -> A101Nimet 25cm 12 pcs 840g
A76: 2. | B76: Germes | C76: =IF(B76="","",VLOOKUP(AD76,Varsayımlar!$B:$Q,3,0)) -> 8698829380698 | E76: Hanami Germes Tako 15cm 6pcs 150g | F76: 46 | G76: 46-Hanami Tako 15cm-31200 | H76: =IF(B76="","",VLOOKUP(AD76,Varsayımlar!$B:$Q,5,0)) -> Hanami Tako 15cm | J76: =IF(B76="","",VLOOKUP(AD76,Varsayımlar!$B:$Q,6,0)) -> SADE | K76: 1560 | L76: 969 | M76: =IFERROR(IF(B76="","",K76/VLOOKUP(AD76,Varsayımlar!B:R,17,0)),"") | P76: =IF(B76="","",VLOOKUP(AD76,Varsayımlar!$B:$Q,7,0)*K76) -> 31200 | Q76: =IF(B76="","",VLOOKUP(AD76,Varsayımlar!$B:$Q,8,0)) -> 15 | R76: =IF(B76="","",VLOOKUP(AD76,Varsayımlar!$B:$Q,9,0)) -> Irak Soft | S76: =IF(B76="","",VLOOKUP(AD76,Varsayımlar!$B:$Q,10,0)) -> 6 | T76: =IF(B76="","",VLOOKUP(AD76,Varsayımlar!$B:$Q,11,0)) -> 20 | U76: =IF(B76="","",VLOOKUP(AD76,Varsayımlar!$B:$Q,12,0)) -> 150 | V76: =IF(B76="","",VLOOKUP(AD76,Varsayımlar!$B:$Q,13,0)) -> Yurtdışı | W76: =IF(B76="","",VLOOKUP(AD76,Varsayımlar!$B:$Q,14,0)) -> 9 | X76: 46181 | Y76: 46454 | Z76: 26060815 | AA76: =IF(B76="","",VLOOKUP(AD76,Varsayımlar!$B:$Q,15,0)) -> Hanami Tako 15cm-Üretim Tarihi Atılacak | AB76: =IF(B76="","",VLOOKUP(AD76,Varsayımlar!$B:$Q,16,0)) -> 14-16 cm | AD76: =IF(B76="","",CONCATENATE(B76,E76)) -> GermesHanami Germes Tako 15cm 6pcs 150g
A77: 3. | B77: Gülbahar Company | C77: =IF(B77="","",VLOOKUP(AD77,Varsayımlar!$B:$Q,3,0)) -> 8698829380698 | E77: Baskısız 15cm Sade 8pcs 220g | H77: =IF(B77="","",VLOOKUP(AD77,Varsayımlar!$B:$Q,5,0)) -> Baskısız 15 cm | J77: =IF(B77="","",VLOOKUP(AD77,Varsayımlar!$B:$Q,6,0)) -> SADE | K77: 250 | M77: =IFERROR(IF(B77="","",K77/VLOOKUP(AD77,Varsayımlar!B:R,17,0)),"") | P77: =IF(B77="","",VLOOKUP(AD77,Varsayımlar!$B:$Q,7,0)*K77) -> 3500 | Q77: =IF(B77="","",VLOOKUP(AD77,Varsayımlar!$B:$Q,8,0)) -> 15 | R77: =IF(B77="","",VLOOKUP(AD77,Varsayımlar!$B:$Q,9,0)) -> Irak Soft | S77: =IF(B77="","",VLOOKUP(AD77,Varsayımlar!$B:$Q,10,0)) -> 8 | T77: =IF(B77="","",VLOOKUP(AD77,Varsayımlar!$B:$Q,11,0)) -> 14 | U77: =IF(B77="","",VLOOKUP(AD77,Varsayımlar!$B:$Q,12,0)) -> 220 | V77: =IF(B77="","",VLOOKUP(AD77,Varsayımlar!$B:$Q,13,0)) -> Yurtdışı | W77: =IF(B77="","",VLOOKUP(AD77,Varsayımlar!$B:$Q,14,0)) -> 6 | X77: 46185 | Y77: 46368 | Z77: 26061215 | AA77: =IF(B77="","",VLOOKUP(AD77,Varsayımlar!$B:$Q,15,0)) -> 15cm koli | AB77: =IF(B77="","",VLOOKUP(AD77,Varsayımlar!$B:$Q,16,0)) -> 24-26 cm (Inkjet ile Bilgiler Atılacak) | AD77: =IF(B77="","",CONCATENATE(B77,E77)) -> Gülbahar CompanyBaskısız 15cm Sade 8pcs 220g
A78: 4. | B78: Ankara Kahve | C78: =IF(B78="","",VLOOKUP(AD78,Varsayımlar!$B:$Q,3,0)) -> 8698829380698 | E78: Tortillas 26cm Pizza 4pcs 480g | H78: =IF(B78="","",VLOOKUP(AD78,Varsayımlar!$B:$Q,5,0)) -> Tortillas 26cm Pizza | J78: =IF(B78="","",VLOOKUP(AD78,Varsayımlar!$B:$Q,6,0)) -> SADE | K78: 40 | M78: =IFERROR(IF(B78="","",K78/VLOOKUP(AD78,Varsayımlar!B:R,17,0)),"") | P78: =IF(B78="","",VLOOKUP(AD78,Varsayımlar!$B:$Q,7,0)*K78) -> 240 | Q78: =IF(B78="","",VLOOKUP(AD78,Varsayımlar!$B:$Q,8,0)) -> 26 | R78: =IF(B78="","",VLOOKUP(AD78,Varsayımlar!$B:$Q,9,0)) -> Irak Soft | S78: =IF(B78="","",VLOOKUP(AD78,Varsayımlar!$B:$Q,10,0)) -> 4 | T78: =IF(B78="","",VLOOKUP(AD78,Varsayımlar!$B:$Q,11,0)) -> 6 | U78: =IF(B78="","",VLOOKUP(AD78,Varsayımlar!$B:$Q,12,0)) -> 480 | V78: =IF(B78="","",VLOOKUP(AD78,Varsayımlar!$B:$Q,13,0)) -> Yurtiçi | W78: =IF(B78="","",VLOOKUP(AD78,Varsayımlar!$B:$Q,14,0)) -> 6 | X78: Güncel | Y78: Güncel | Z78: Güncel | AA78: =IF(B78="","",VLOOKUP(AD78,Varsayımlar!$B:$Q,15,0)) -> Pizza kolisi | AB78: =IF(B78="","",VLOOKUP(AD78,Varsayımlar!$B:$Q,16,0)) -> 26 cm kesme -Beze 145-150g, Kesilmmeiş çap 27-28cm, Kesilmemiş ağı: 520-540g, Kesilmiş:475-485g | AD78: =IF(B78="","",CONCATENATE(B78,E78)) -> Ankara KahveTortillas 26cm Pizza 4pcs 480g
A79: 5. | B79: TASTE LAND-BULGARİSTAN | C79: =IF(B79="","",VLOOKUP(AD79,Varsayımlar!$B:$Q,3,0)) -> 8698829380698 | D79: 1. ARAÇ | E79: Tortillas Pizza 26cm 4pcs 480g | F79: 26042906 | H79: =IF(B79="","",VLOOKUP(AD79,Varsayımlar!$B:$Q,5,0)) -> Tortillas Avrupa Pizza 26cm (742) | I79: =IF(B79="","",VLOOKUP(AD79,Varsayımlar!B:T,19,0)) -> 0 | J79: =IF(B79="","",VLOOKUP(AD79,Varsayımlar!$B:$Q,6,0)) -> SADE | K79: 720 | M79: =IFERROR(IF(B79="","",K79/VLOOKUP(AD79,Varsayımlar!B:R,17,0)),"") -> 6 | P79: =IF(B79="","",VLOOKUP(AD79,Varsayımlar!$B:$Q,7,0)*K79) -> 5760 | Q79: =IF(B79="","",VLOOKUP(AD79,Varsayımlar!$B:$Q,8,0)) -> 26 | R79: =IF(B79="","",VLOOKUP(AD79,Varsayımlar!$B:$Q,9,0)) -> Irak Soft | S79: =IF(B79="","",VLOOKUP(AD79,Varsayımlar!$B:$Q,10,0)) -> 4 | T79: =IF(B79="","",VLOOKUP(AD79,Varsayımlar!$B:$Q,11,0)) -> 8 | U79: =IF(B79="","",VLOOKUP(AD79,Varsayımlar!$B:$Q,12,0)) -> 480 | V79: =IF(B79="","",VLOOKUP(AD79,Varsayımlar!$B:$Q,13,0)) -> Yurtdışı | W79: =IF(B79="","",VLOOKUP(AD79,Varsayımlar!$B:$Q,14,0)) -> 9 | AA79: =IF(B79="","",VLOOKUP(AD79,Varsayımlar!$B:$Q,15,0)) -> 26cm Pizza Perforeli-Bulgarca Etiket | AB79: =IF(B79="","",VLOOKUP(AD79,Varsayımlar!$B:$Q,16,0)) -> 26 cm kesme -Beze 145-150g, Kesilmmeiş çap 27-28cm, Kesilmemiş ağı: 520-540g, Kesilmiş:475-485g | AC79: =IF(B79="","",VLOOKUP(Sayfa1!AD79,Varsayımlar!B:S,18,0)) -> 80x120cm -Epal+Epal | AD79: =IF(B79="","",CONCATENATE(B79,E79)) -> TASTE LAND-BULGARİSTANTortillas Pizza 26cm 4pcs 480g
A80: 6. | B80: TASTE LAND-BULGARİSTAN | C80: =IF(B80="","",VLOOKUP(AD80,Varsayımlar!$B:$Q,3,0)) -> 8698829380698 | D80: 2. ARAÇ | E80: Tortillas Pizza 26cm 4pcs 480g | F80: 26042907 | H80: =IF(B80="","",VLOOKUP(AD80,Varsayımlar!$B:$Q,5,0)) -> Tortillas Avrupa Pizza 26cm (742) | I80: =IF(B80="","",VLOOKUP(AD80,Varsayımlar!B:T,19,0)) -> 0 | J80: =IF(B80="","",VLOOKUP(AD80,Varsayımlar!$B:$Q,6,0)) -> SADE | K80: 720 | M80: =IFERROR(IF(B80="","",K80/VLOOKUP(AD80,Varsayımlar!B:R,17,0)),"") -> 6 | P80: =IF(B80="","",VLOOKUP(AD80,Varsayımlar!$B:$Q,7,0)*K80) -> 5760 | Q80: =IF(B80="","",VLOOKUP(AD80,Varsayımlar!$B:$Q,8,0)) -> 26 | R80: =IF(B80="","",VLOOKUP(AD80,Varsayımlar!$B:$Q,9,0)) -> Irak Soft | S80: =IF(B80="","",VLOOKUP(AD80,Varsayımlar!$B:$Q,10,0)) -> 4 | T80: =IF(B80="","",VLOOKUP(AD80,Varsayımlar!$B:$Q,11,0)) -> 8 | U80: =IF(B80="","",VLOOKUP(AD80,Varsayımlar!$B:$Q,12,0)) -> 480 | V80: =IF(B80="","",VLOOKUP(AD80,Varsayımlar!$B:$Q,13,0)) -> Yurtdışı | W80: =IF(B80="","",VLOOKUP(AD80,Varsayımlar!$B:$Q,14,0)) -> 9 | AA80: =IF(B80="","",VLOOKUP(AD80,Varsayımlar!$B:$Q,15,0)) -> 26cm Pizza Perforeli-Bulgarca Etiket | AB80: =IF(B80="","",VLOOKUP(AD80,Varsayımlar!$B:$Q,16,0)) -> 26 cm kesme -Beze 145-150g, Kesilmmeiş çap 27-28cm, Kesilmemiş ağı: 520-540g, Kesilmiş:475-485g | AC80: =IF(B80="","",VLOOKUP(Sayfa1!AD80,Varsayımlar!B:S,18,0)) -> 80x120cm -Epal+Epal | AD80: =IF(B80="","",CONCATENATE(B80,E80)) -> TASTE LAND-BULGARİSTANTortillas Pizza 26cm 4pcs 480g
A81: 7. | B81: TASTE LAND-BULGARİSTAN | C81: =IF(B81="","",VLOOKUP(AD81,Varsayımlar!$B:$Q,3,0)) -> 8698829380698 | D81: 3. ARAÇ | E81: Tortillas Pizza 26cm 4pcs 480g | F81: 26042908-2 | H81: =IF(B81="","",VLOOKUP(AD81,Varsayımlar!$B:$Q,5,0)) -> Tortillas Avrupa Pizza 26cm (742) | I81: =IF(B81="","",VLOOKUP(AD81,Varsayımlar!B:T,19,0)) -> 0 | J81: =IF(B81="","",VLOOKUP(AD81,Varsayımlar!$B:$Q,6,0)) -> SADE | K81: 840 | M81: =IFERROR(IF(B81="","",K81/VLOOKUP(AD81,Varsayımlar!B:R,17,0)),"") -> 7 | P81: =IF(B81="","",VLOOKUP(AD81,Varsayımlar!$B:$Q,7,0)*K81) -> 6720 | Q81: =IF(B81="","",VLOOKUP(AD81,Varsayımlar!$B:$Q,8,0)) -> 26 | R81: =IF(B81="","",VLOOKUP(AD81,Varsayımlar!$B:$Q,9,0)) -> Irak Soft | S81: =IF(B81="","",VLOOKUP(AD81,Varsayımlar!$B:$Q,10,0)) -> 4 | T81: =IF(B81="","",VLOOKUP(AD81,Varsayımlar!$B:$Q,11,0)) -> 8 | U81: =IF(B81="","",VLOOKUP(AD81,Varsayımlar!$B:$Q,12,0)) -> 480 | V81: =IF(B81="","",VLOOKUP(AD81,Varsayımlar!$B:$Q,13,0)) -> Yurtdışı | W81: =IF(B81="","",VLOOKUP(AD81,Varsayımlar!$B:$Q,14,0)) -> 9 | AA81: =IF(B81="","",VLOOKUP(AD81,Varsayımlar!$B:$Q,15,0)) -> 26cm Pizza Perforeli-Bulgarca Etiket | AB81: =IF(B81="","",VLOOKUP(AD81,Varsayımlar!$B:$Q,16,0)) -> 26 cm kesme -Beze 145-150g, Kesilmmeiş çap 27-28cm, Kesilmemiş ağı: 520-540g, Kesilmiş:475-485g | AC81: =IF(B81="","",VLOOKUP(Sayfa1!AD81,Varsayımlar!B:S,18,0)) -> 80x120cm -Epal+Epal | AD81: =IF(B81="","",CONCATENATE(B81,E81)) -> TASTE LAND-BULGARİSTANTortillas Pizza 26cm 4pcs 480g
A82: 8. | B82: LAIKYUZHN-BELARUS | C82: =IF(B82="","",VLOOKUP(AD82,Varsayımlar!$B:$Q,3,0)) -> #N/A | D82: 1. ARAÇ | E82: Tortillas Pizza 26cm 2pcs 240g | F82: 20250825 | G82: KAREKODSUZ ÜRETİLECEK | H82: =IF(B82="","",VLOOKUP(AD82,Varsayımlar!$B:$Q,5,0)) -> #N/A | I82: =IF(B82="","",VLOOKUP(AD82,Varsayımlar!B:T,19,0)) -> #N/A | J82: =IF(B82="","",VLOOKUP(AD82,Varsayımlar!$B:$Q,6,0)) -> #N/A | K82: 960 | M82: =IFERROR(IF(B82="","",K82/VLOOKUP(AD82,Varsayımlar!B:R,17,0)),"") | P82: =IF(B82="","",VLOOKUP(AD82,Varsayımlar!$B:$Q,7,0)*K82) -> #N/A | Q82: =IF(B82="","",VLOOKUP(AD82,Varsayımlar!$B:$Q,8,0)) -> #N/A | R82: =IF(B82="","",VLOOKUP(AD82,Varsayımlar!$B:$Q,9,0)) -> #N/A | S82: =IF(B82="","",VLOOKUP(AD82,Varsayımlar!$B:$Q,10,0)) -> #N/A | T82: =IF(B82="","",VLOOKUP(AD82,Varsayımlar!$B:$Q,11,0)) -> #N/A | U82: =IF(B82="","",VLOOKUP(AD82,Varsayımlar!$B:$Q,12,0)) -> #N/A | V82: =IF(B82="","",VLOOKUP(AD82,Varsayımlar!$B:$Q,13,0)) -> #N/A | W82: =IF(B82="","",VLOOKUP(AD82,Varsayımlar!$B:$Q,14,0)) -> #N/A | AA82: =IF(B82="","",VLOOKUP(AD82,Varsayımlar!$B:$Q,15,0)) -> #N/A | AB82: =IF(B82="","",VLOOKUP(AD82,Varsayımlar!$B:$Q,16,0)) -> #N/A | AC82: =IF(B82="","",VLOOKUP(Sayfa1!AD82,Varsayımlar!B:S,18,0)) -> #N/A | AD82: =IF(B82="","",CONCATENATE(B82,E82)) -> LAIKYUZHN-BELARUSTortillas Pizza 26cm 2pcs 240g
A83: 9. | B83: LAIKYUZHN-BELARUS | C83: =IF(B83="","",VLOOKUP(AD83,Varsayımlar!$B:$Q,3,0)) -> #N/A | D83: 2. ARAÇ | E83: Tortillas Pizza 26cm 2pcs 240g | F83: 20252825-2 | G83: KAREKODSUZ ÜRETİLECEK | H83: =IF(B83="","",VLOOKUP(AD83,Varsayımlar!$B:$Q,5,0)) -> #N/A | I83: =IF(B83="","",VLOOKUP(AD83,Varsayımlar!B:T,19,0)) -> #N/A | J83: =IF(B83="","",VLOOKUP(AD83,Varsayımlar!$B:$Q,6,0)) -> #N/A | K83: 768 | M83: =IFERROR(IF(B83="","",K83/VLOOKUP(AD83,Varsayımlar!B:R,17,0)),"") | P83: =IF(B83="","",VLOOKUP(AD83,Varsayımlar!$B:$Q,7,0)*K83) -> #N/A | Q83: =IF(B83="","",VLOOKUP(AD83,Varsayımlar!$B:$Q,8,0)) -> #N/A | R83: =IF(B83="","",VLOOKUP(AD83,Varsayımlar!$B:$Q,9,0)) -> #N/A | S83: =IF(B83="","",VLOOKUP(AD83,Varsayımlar!$B:$Q,10,0)) -> #N/A | T83: =IF(B83="","",VLOOKUP(AD83,Varsayımlar!$B:$Q,11,0)) -> #N/A | U83: =IF(B83="","",VLOOKUP(AD83,Varsayımlar!$B:$Q,12,0)) -> #N/A | V83: =IF(B83="","",VLOOKUP(AD83,Varsayımlar!$B:$Q,13,0)) -> #N/A | W83: =IF(B83="","",VLOOKUP(AD83,Varsayımlar!$B:$Q,14,0)) -> #N/A | AA83: =IF(B83="","",VLOOKUP(AD83,Varsayımlar!$B:$Q,15,0)) -> #N/A | AB83: =IF(B83="","",VLOOKUP(AD83,Varsayımlar!$B:$Q,16,0)) -> #N/A | AC83: =IF(B83="","",VLOOKUP(Sayfa1!AD83,Varsayımlar!B:S,18,0)) -> #N/A | AD83: =IF(B83="","",CONCATENATE(B83,E83)) -> LAIKYUZHN-BELARUSTortillas Pizza 26cm 2pcs 240g
A84: 10. | B84: ALDİ - KOSOVA | C84: =IF(B84="","",VLOOKUP(AD84,Varsayımlar!$B:$Q,3,0)) -> 8698829380698 | E84: Pizza-6 26cm 4pcs 480g | F84: 26060101 | H84: =IF(B84="","",VLOOKUP(AD84,Varsayımlar!$B:$Q,5,0)) -> Pizza-6 26 cm | I84: =IF(B84="","",VLOOKUP(AD84,Varsayımlar!B:T,19,0)) -> Arka kısma Arnavutça içerik-Pizza 6 | J84: =IF(B84="","",VLOOKUP(AD84,Varsayımlar!$B:$Q,6,0)) -> SADE | K84: 120 | M84: =IFERROR(IF(B84="","",K84/VLOOKUP(AD84,Varsayımlar!B:R,17,0)),"") -> 1 | P84: =IF(B84="","",VLOOKUP(AD84,Varsayımlar!$B:$Q,7,0)*K84) -> 720 | Q84: =IF(B84="","",VLOOKUP(AD84,Varsayımlar!$B:$Q,8,0)) -> 26 | R84: =IF(B84="","",VLOOKUP(AD84,Varsayımlar!$B:$Q,9,0)) -> Irak Soft | S84: =IF(B84="","",VLOOKUP(AD84,Varsayımlar!$B:$Q,10,0)) -> 4 | T84: =IF(B84="","",VLOOKUP(AD84,Varsayımlar!$B:$Q,11,0)) -> 6 | U84: =IF(B84="","",VLOOKUP(AD84,Varsayımlar!$B:$Q,12,0)) -> 480 | V84: =IF(B84="","",VLOOKUP(AD84,Varsayımlar!$B:$Q,13,0)) -> YURTDIŞI | W84: =IF(B84="","",VLOOKUP(AD84,Varsayımlar!$B:$Q,14,0)) -> 12 | AA84: =IF(B84="","",VLOOKUP(AD84,Varsayımlar!$B:$Q,15,0)) -> Pizza kolisi | AB84: =IF(B84="","",VLOOKUP(AD84,Varsayımlar!$B:$Q,16,0)) -> 26 cm kesme -Beze 145-150g, Kesilmmeiş çap 27-28cm, Kesilmemiş ağı: 520-540g, Kesilmiş:475-485g | AC84: =IF(B84="","",VLOOKUP(Sayfa1!AD84,Varsayımlar!B:S,18,0)) -> 0 | AD84: =IF(B84="","",CONCATENATE(B84,E84)) -> ALDİ - KOSOVAPizza-6 26cm 4pcs 480g
A85: 11. | C85: =IF(B85="","",VLOOKUP(AD85,Varsayımlar!$B:$Q,3,0)) | H85: =IF(B85="","",VLOOKUP(AD85,Varsayımlar!$B:$Q,5,0)) | J85: =IF(B85="","",VLOOKUP(AD85,Varsayımlar!$B:$Q,6,0)) | M85: =IFERROR(IF(B85="","",K85/VLOOKUP(AD85,Varsayımlar!B:R,17,0)),"") | P85: =IF(B85="","",VLOOKUP(AD85,Varsayımlar!$B:$Q,7,0)*K85) | Q85: =IF(B85="","",VLOOKUP(AD85,Varsayımlar!$B:$Q,8,0)) | R85: =IF(B85="","",VLOOKUP(AD85,Varsayımlar!$B:$Q,9,0)) | S85: =IF(B85="","",VLOOKUP(AD85,Varsayımlar!$B:$Q,10,0)) | T85: =IF(B85="","",VLOOKUP(AD85,Varsayımlar!$B:$Q,11,0)) | U85: =IF(B85="","",VLOOKUP(AD85,Varsayımlar!$B:$Q,12,0)) | V85: =IF(B85="","",VLOOKUP(AD85,Varsayımlar!$B:$Q,13,0)) | W85: =IF(B85="","",VLOOKUP(AD85,Varsayımlar!$B:$Q,14,0)) | AA85: =IF(B85="","",VLOOKUP(AD85,Varsayımlar!$B:$Q,15,0)) | AB85: =IF(B85="","",VLOOKUP(AD85,Varsayımlar!$B:$Q,16,0)) | AD85: =IF(B85="","",CONCATENATE(B85,E85))
A86: 12. | C86: =IF(B86="","",VLOOKUP(AD86,Varsayımlar!$B:$Q,3,0)) | H86: =IF(B86="","",VLOOKUP(AD86,Varsayımlar!$B:$Q,5,0)) | J86: =IF(B86="","",VLOOKUP(AD86,Varsayımlar!$B:$Q,6,0)) | M86: =IFERROR(IF(B86="","",K86/VLOOKUP(AD86,Varsayımlar!B:R,17,0)),"") | P86: =IF(B86="","",VLOOKUP(AD86,Varsayımlar!$B:$Q,7,0)*K86) | Q86: =IF(B86="","",VLOOKUP(AD86,Varsayımlar!$B:$Q,8,0)) | R86: =IF(B86="","",VLOOKUP(AD86,Varsayımlar!$B:$Q,9,0)) | S86: =IF(B86="","",VLOOKUP(AD86,Varsayımlar!$B:$Q,10,0)) | T86: =IF(B86="","",VLOOKUP(AD86,Varsayımlar!$B:$Q,11,0)) | U86: =IF(B86="","",VLOOKUP(AD86,Varsayımlar!$B:$Q,12,0)) | V86: =IF(B86="","",VLOOKUP(AD86,Varsayımlar!$B:$Q,13,0)) | W86: =IF(B86="","",VLOOKUP(AD86,Varsayımlar!$B:$Q,14,0)) | AA86: =IF(B86="","",VLOOKUP(AD86,Varsayımlar!$B:$Q,15,0)) | AB86: =IF(B86="","",VLOOKUP(AD86,Varsayımlar!$B:$Q,16,0)) | AD86: =IF(B86="","",CONCATENATE(B86,E86))
A87: 13. | C87: =IF(B87="","",VLOOKUP(AD87,Varsayımlar!$B:$Q,3,0)) | H87: =IF(B87="","",VLOOKUP(AD87,Varsayımlar!$B:$Q,5,0)) | J87: =IF(B87="","",VLOOKUP(AD87,Varsayımlar!$B:$Q,6,0)) | M87: =IFERROR(IF(B87="","",K87/VLOOKUP(AD87,Varsayımlar!B:R,17,0)),"") | P87: =IF(B87="","",VLOOKUP(AD87,Varsayımlar!$B:$Q,7,0)*K87) | Q87: =IF(B87="","",VLOOKUP(AD87,Varsayımlar!$B:$Q,8,0)) | R87: =IF(B87="","",VLOOKUP(AD87,Varsayımlar!$B:$Q,9,0)) | S87: =IF(B87="","",VLOOKUP(AD87,Varsayımlar!$B:$Q,10,0)) | T87: =IF(B87="","",VLOOKUP(AD87,Varsayımlar!$B:$Q,11,0)) | U87: =IF(B87="","",VLOOKUP(AD87,Varsayımlar!$B:$Q,12,0)) | V87: =IF(B87="","",VLOOKUP(AD87,Varsayımlar!$B:$Q,13,0)) | W87: =IF(B87="","",VLOOKUP(AD87,Varsayımlar!$B:$Q,14,0)) | AA87: =IF(B87="","",VLOOKUP(AD87,Varsayımlar!$B:$Q,15,0)) | AB87: =IF(B87="","",VLOOKUP(AD87,Varsayımlar!$B:$Q,16,0)) | AD87: =IF(B87="","",CONCATENATE(B87,E87))
A88: 14. | C88: =IF(B88="","",VLOOKUP(AD88,Varsayımlar!$B:$Q,3,0)) | H88: =IF(B88="","",VLOOKUP(AD88,Varsayımlar!$B:$Q,5,0)) | J88: =IF(B88="","",VLOOKUP(AD88,Varsayımlar!$B:$Q,6,0)) | M88: =IFERROR(IF(B88="","",K88/VLOOKUP(AD88,Varsayımlar!B:R,17,0)),"") | P88: =IF(B88="","",VLOOKUP(AD88,Varsayımlar!$B:$Q,7,0)*K88) | Q88: =IF(B88="","",VLOOKUP(AD88,Varsayımlar!$B:$Q,8,0)) | R88: =IF(B88="","",VLOOKUP(AD88,Varsayımlar!$B:$Q,9,0)) | S88: =IF(B88="","",VLOOKUP(AD88,Varsayımlar!$B:$Q,10,0)) | T88: =IF(B88="","",VLOOKUP(AD88,Varsayımlar!$B:$Q,11,0)) | U88: =IF(B88="","",VLOOKUP(AD88,Varsayımlar!$B:$Q,12,0)) | V88: =IF(B88="","",VLOOKUP(AD88,Varsayımlar!$B:$Q,13,0)) | W88: =IF(B88="","",VLOOKUP(AD88,Varsayımlar!$B:$Q,14,0)) | AA88: =IF(B88="","",VLOOKUP(AD88,Varsayımlar!$B:$Q,15,0)) | AB88: =IF(B88="","",VLOOKUP(AD88,Varsayımlar!$B:$Q,16,0)) | AD88: =IF(B88="","",CONCATENATE(B88,E88))
A89: 15. | C89: =IF(B89="","",VLOOKUP(AD89,Varsayımlar!$B:$Q,3,0)) | H89: =IF(B89="","",VLOOKUP(AD89,Varsayımlar!$B:$Q,5,0)) | J89: =IF(B89="","",VLOOKUP(AD89,Varsayımlar!$B:$Q,6,0)) | M89: =IFERROR(IF(B89="","",K89/VLOOKUP(AD89,Varsayımlar!B:R,17,0)),"") | P89: =IF(B89="","",VLOOKUP(AD89,Varsayımlar!$B:$Q,7,0)*K89) | Q89: =IF(B89="","",VLOOKUP(AD89,Varsayımlar!$B:$Q,8,0)) | R89: =IF(B89="","",VLOOKUP(AD89,Varsayımlar!$B:$Q,9,0)) | S89: =IF(B89="","",VLOOKUP(AD89,Varsayımlar!$B:$Q,10,0)) | T89: =IF(B89="","",VLOOKUP(AD89,Varsayımlar!$B:$Q,11,0)) | U89: =IF(B89="","",VLOOKUP(AD89,Varsayımlar!$B:$Q,12,0)) | V89: =IF(B89="","",VLOOKUP(AD89,Varsayımlar!$B:$Q,13,0)) | W89: =IF(B89="","",VLOOKUP(AD89,Varsayımlar!$B:$Q,14,0)) | AA89: =IF(B89="","",VLOOKUP(AD89,Varsayımlar!$B:$Q,15,0)) | AB89: =IF(B89="","",VLOOKUP(AD89,Varsayımlar!$B:$Q,16,0)) | AD89: =IF(B89="","",CONCATENATE(B89,E89))
A90: 16. | C90: =IF(B90="","",VLOOKUP(AD90,Varsayımlar!$B:$Q,3,0)) | H90: =IF(B90="","",VLOOKUP(AD90,Varsayımlar!$B:$Q,5,0)) | J90: =IF(B90="","",VLOOKUP(AD90,Varsayımlar!$B:$Q,6,0)) | M90: =IFERROR(IF(B90="","",K90/VLOOKUP(AD90,Varsayımlar!B:R,17,0)),"") | P90: =IF(B90="","",VLOOKUP(AD90,Varsayımlar!$B:$Q,7,0)*K90) | Q90: =IF(B90="","",VLOOKUP(AD90,Varsayımlar!$B:$Q,8,0)) | R90: =IF(B90="","",VLOOKUP(AD90,Varsayımlar!$B:$Q,9,0)) | S90: =IF(B90="","",VLOOKUP(AD90,Varsayımlar!$B:$Q,10,0)) | T90: =IF(B90="","",VLOOKUP(AD90,Varsayımlar!$B:$Q,11,0)) | U90: =IF(B90="","",VLOOKUP(AD90,Varsayımlar!$B:$Q,12,0)) | V90: =IF(B90="","",VLOOKUP(AD90,Varsayımlar!$B:$Q,13,0)) | W90: =IF(B90="","",VLOOKUP(AD90,Varsayımlar!$B:$Q,14,0)) | AA90: =IF(B90="","",VLOOKUP(AD90,Varsayımlar!$B:$Q,15,0)) | AB90: =IF(B90="","",VLOOKUP(AD90,Varsayımlar!$B:$Q,16,0)) | AD90: =IF(B90="","",CONCATENATE(B90,E90))
A91: 17. | C91: =IF(B91="","",VLOOKUP(AD91,Varsayımlar!$B:$Q,3,0)) | H91: =IF(B91="","",VLOOKUP(AD91,Varsayımlar!$B:$Q,5,0)) | J91: =IF(B91="","",VLOOKUP(AD91,Varsayımlar!$B:$Q,6,0)) | M91: =IFERROR(IF(B91="","",K91/VLOOKUP(AD91,Varsayımlar!B:R,17,0)),"") | P91: =IF(B91="","",VLOOKUP(AD91,Varsayımlar!$B:$Q,7,0)*K91) | Q91: =IF(B91="","",VLOOKUP(AD91,Varsayımlar!$B:$Q,8,0)) | R91: =IF(B91="","",VLOOKUP(AD91,Varsayımlar!$B:$Q,9,0)) | S91: =IF(B91="","",VLOOKUP(AD91,Varsayımlar!$B:$Q,10,0)) | T91: =IF(B91="","",VLOOKUP(AD91,Varsayımlar!$B:$Q,11,0)) | U91: =IF(B91="","",VLOOKUP(AD91,Varsayımlar!$B:$Q,12,0)) | V91: =IF(B91="","",VLOOKUP(AD91,Varsayımlar!$B:$Q,13,0)) | W91: =IF(B91="","",VLOOKUP(AD91,Varsayımlar!$B:$Q,14,0)) | AA91: =IF(B91="","",VLOOKUP(AD91,Varsayımlar!$B:$Q,15,0)) | AB91: =IF(B91="","",VLOOKUP(AD91,Varsayımlar!$B:$Q,16,0)) | AD91: =IF(B91="","",CONCATENATE(B91,E91))
A92: 18. | C92: =IF(B92="","",VLOOKUP(AD92,Varsayımlar!$B:$Q,3,0)) | H92: =IF(B92="","",VLOOKUP(AD92,Varsayımlar!$B:$Q,5,0)) | J92: =IF(B92="","",VLOOKUP(AD92,Varsayımlar!$B:$Q,6,0)) | M92: =IFERROR(IF(B92="","",K92/VLOOKUP(AD92,Varsayımlar!B:R,17,0)),"") | P92: =IF(B92="","",VLOOKUP(AD92,Varsayımlar!$B:$Q,7,0)*K92) | Q92: =IF(B92="","",VLOOKUP(AD92,Varsayımlar!$B:$Q,8,0)) | R92: =IF(B92="","",VLOOKUP(AD92,Varsayımlar!$B:$Q,9,0)) | S92: =IF(B92="","",VLOOKUP(AD92,Varsayımlar!$B:$Q,10,0)) | T92: =IF(B92="","",VLOOKUP(AD92,Varsayımlar!$B:$Q,11,0)) | U92: =IF(B92="","",VLOOKUP(AD92,Varsayımlar!$B:$Q,12,0)) | V92: =IF(B92="","",VLOOKUP(AD92,Varsayımlar!$B:$Q,13,0)) | W92: =IF(B92="","",VLOOKUP(AD92,Varsayımlar!$B:$Q,14,0)) | AA92: =IF(B92="","",VLOOKUP(AD92,Varsayımlar!$B:$Q,15,0)) | AB92: =IF(B92="","",VLOOKUP(AD92,Varsayımlar!$B:$Q,16,0)) | AD92: =IF(B92="","",CONCATENATE(B92,E92))
C93: =IF(B93="","",VLOOKUP(AD93,Varsayımlar!$B:$Q,3,0)) | H93: =IF(B93="","",VLOOKUP(AD93,Varsayımlar!$B:$Q,5,0)) | J93: =IF(B93="","",VLOOKUP(AD93,Varsayımlar!$B:$Q,6,0)) | P93: =IF(B93="","",VLOOKUP(AD93,Varsayımlar!$B:$Q,7,0)*K93) | Q93: =IF(B93="","",VLOOKUP(AD93,Varsayımlar!$B:$Q,8,0)) | R93: =IF(B93="","",VLOOKUP(AD93,Varsayımlar!$B:$Q,9,0)) | S93: =IF(B93="","",VLOOKUP(AD93,Varsayımlar!$B:$Q,10,0)) | T93: =IF(B93="","",VLOOKUP(AD93,Varsayımlar!$B:$Q,11,0)) | U93: =IF(B93="","",VLOOKUP(AD93,Varsayımlar!$B:$Q,12,0)) | V93: =IF(B93="","",VLOOKUP(AD93,Varsayımlar!$B:$Q,13,0)) | W93: =IF(B93="","",VLOOKUP(AD93,Varsayımlar!$B:$Q,14,0)) | AA93: =IF(B93="","",VLOOKUP(AD93,Varsayımlar!$B:$Q,15,0)) | AB93: =IF(B93="","",VLOOKUP(AD93,Varsayımlar!$B:$Q,16,0)) | AC93: =IF(B93="","",VLOOKUP(Sayfa1!AD93,Varsayımlar!B:S,18,0)) | AD93: =IF(B93="","",CONCATENATE(B93,E93))
C94: =IF(B94="","",VLOOKUP(AD94,Varsayımlar!$B:$Q,3,0)) | H94: =IF(B94="","",VLOOKUP(AD94,Varsayımlar!$B:$Q,5,0)) | J94: =IF(B94="","",VLOOKUP(AD94,Varsayımlar!$B:$Q,6,0)) | P94: =IF(B94="","",VLOOKUP(AD94,Varsayımlar!$B:$Q,7,0)*K94) | Q94: =IF(B94="","",VLOOKUP(AD94,Varsayımlar!$B:$Q,8,0)) | R94: =IF(B94="","",VLOOKUP(AD94,Varsayımlar!$B:$Q,9,0)) | S94: =IF(B94="","",VLOOKUP(AD94,Varsayımlar!$B:$Q,10,0)) | T94: =IF(B94="","",VLOOKUP(AD94,Varsayımlar!$B:$Q,11,0)) | U94: =IF(B94="","",VLOOKUP(AD94,Varsayımlar!$B:$Q,12,0)) | V94: =IF(B94="","",VLOOKUP(AD94,Varsayımlar!$B:$Q,13,0)) | W94: =IF(B94="","",VLOOKUP(AD94,Varsayımlar!$B:$Q,14,0)) | AA94: =IF(B94="","",VLOOKUP(AD94,Varsayımlar!$B:$Q,15,0)) | AB94: =IF(B94="","",VLOOKUP(AD94,Varsayımlar!$B:$Q,16,0)) | AC94: =IF(B94="","",VLOOKUP(Sayfa1!AD94,Varsayımlar!B:S,18,0)) | AD94: =IF(B94="","",CONCATENATE(B94,E94))

Sheet Sayfa2
A1: MUTLUKAL-EK BİNA İŞ EMRİ
A2: MAKİNE 1 | AA2: 46177 | AB2: 0.40625
A3: SIRA | B3: FİRMA | C3: GTIN KODU | D3: ARAÇ SAYISI | E3: PRODUCT NAME / ÜRÜN ADI | F3: ORDER NUMBER / SİPARİŞ NUMARASI | G3: KAREKOD DOSYA ADI | H3: AMBALAJ | I3: AMBALAJ ETİKETİ | J3: CİNSİ | K3: ÜRETİLECEK MİKTAR/ KOLİ | L3: DEPO STOK / KOLİ | M3: ÜRETİLECEK MİKTAR/ PALET | N3: PALET/KOLİ | O3: SÜRE | P3: AMBALAJ MİKTAR | Q3: ÇAP | R3: FORMÜL | S3: PAKET İÇİ | T3: KOLİ İÇİ | U3: PAKET GRAMAJI | V3: TARİH | W3: SKT/AY | X3: ÜRT/PRD | Y3: TETT/EXP | Z3: PRT/LOT | AA3: KOLİ / TARİH | AB3: AÇIKLAMALAR | AC3: Palet Ölçüsü | AD3: Birleştir
A4: 1. | B4: SMART LLC | C4: =IF(B4="","",VLOOKUP(AD4,Varsayımlar!$B:$Q,3,0)) -> 8698829380698 | E4: Tortillas 20cm Peynirli 4pcs 166g | G4: KAREKODSUZ ÜRETİLECEK | H4: =IF(B4="","",VLOOKUP(AD4,Varsayımlar!$B:$Q,5,0)) -> Tortillas 20cm (Samakat Bilgileri Ekli) | I4: =IF(B4="","",VLOOKUP(AD4,Varsayımlar!B:T,19,0)) -> 0 | J4: =IF(B4="","",VLOOKUP(AD4,Varsayımlar!$B:$Q,6,0)) -> PEYNİRLİ | K4: 7200 | M4: =IFERROR(IF(B4="","",K4/VLOOKUP(AD4,Varsayımlar!B:R,17,0)),"") -> 32 | N4: 225 | O4: 26 | P4: =IF(B4="","",VLOOKUP(AD4,Varsayımlar!$B:$Q,7,0)*K4) -> 100800 | Q4: =IF(B4="","",VLOOKUP(AD4,Varsayımlar!$B:$Q,8,0)) -> 20 | R4: =IF(B4="","",VLOOKUP(AD4,Varsayımlar!$B:$Q,9,0)) -> IRAK SOFT-AT | S4: =IF(B4="","",VLOOKUP(AD4,Varsayımlar!$B:$Q,10,0)) -> 4 | T4: =IF(B4="","",VLOOKUP(AD4,Varsayımlar!$B:$Q,11,0)) -> 14 | U4: =IF(B4="","",VLOOKUP(AD4,Varsayımlar!$B:$Q,12,0)) -> 166 | V4: =IF(B4="","",VLOOKUP(AD4,Varsayımlar!$B:$Q,13,0)) -> YURTDIŞI | W4: =IF(B4="","",VLOOKUP(AD4,Varsayımlar!$B:$Q,14,0)) -> 9 | X4: 46184 | Y4: 46457 | Z4: 26061120P | AA4: =IF(B4="","",VLOOKUP(AD4,Varsayımlar!$B:$Q,15,0)) -> Kare Koli-Üretim Tarihli Etiket | AB4: =IF(B4="","",VLOOKUP(AD4,Varsayımlar!$B:$Q,16,0)) -> 19-21 cm | AC4: =IF(B4="","",VLOOKUP(Sayfa1!AD5,Varsayımlar!B:S,18,0)) -> 0 | AD4: =IF(B4="","",CONCATENATE(B4,E4)) -> SMART LLCTortillas 20cm Peynirli 4pcs 166g
A5: 2. | B5: Sons Of Hanna | C5: =IF(B5="","",VLOOKUP(AD5,Varsayımlar!$B:$Q,3,0)) -> 8698829380698 | E5: Happylla 30cm Sade 6pcs 510g | H5: =IF(B5="","",VLOOKUP(AD5,Varsayımlar!$B:$Q,5,0)) -> Happylla 30cm | I5: =IF(B5="","",VLOOKUP(AD5,Varsayımlar!B:T,19,0)) -> 0 | J5: =IF(B5="","",VLOOKUP(AD5,Varsayımlar!$B:$Q,6,0)) -> SADE | K5: 1000 | M5: =IFERROR(IF(B5="","",K5/VLOOKUP(AD5,Varsayımlar!B:R,17,0)),"") | O5: 16 | P5: =IF(B5="","",VLOOKUP(AD5,Varsayımlar!$B:$Q,7,0)*K5) -> 18000 | Q5: =IF(B5="","",VLOOKUP(AD5,Varsayımlar!$B:$Q,8,0)) -> 30 | R5: =IF(B5="","",VLOOKUP(AD5,Varsayımlar!$B:$Q,9,0)) -> Irak Soft | S5: =IF(B5="","",VLOOKUP(AD5,Varsayımlar!$B:$Q,10,0)) -> 6 | T5: =IF(B5="","",VLOOKUP(AD5,Varsayımlar!$B:$Q,11,0)) -> 18 | U5: =IF(B5="","",VLOOKUP(AD5,Varsayımlar!$B:$Q,12,0)) -> 510 | V5: =IF(B5="","",VLOOKUP(AD5,Varsayımlar!$B:$Q,13,0)) -> Yurtdışı | W5: =IF(B5="","",VLOOKUP(AD5,Varsayımlar!$B:$Q,14,0)) -> 8 | X5: 46181 | Y5: 46426 | Z5: 26060230 | AA5: =IF(B5="","",VLOOKUP(AD5,Varsayımlar!$B:$Q,15,0)) -> 30cm Koli | AB5: =IF(B5="","",VLOOKUP(AD5,Varsayımlar!$B:$Q,16,0)) -> 29-31 cm | AC5: =IF(B5="","",VLOOKUP(Sayfa1!AD6,Varsayımlar!B:S,18,0)) -> 0 | AD5: =IF(B5="","",CONCATENATE(B5,E5)) -> Sons Of HannaHappylla 30cm Sade 6pcs 510g
A6: 3. | B6: Sons Of Hanna | C6: =IF(B6="","",VLOOKUP(AD6,Varsayımlar!$B:$Q,3,0)) -> 8698829380698 | E6: Tortillas 30cm Tam Buğday6pcs 510g | H6: =IF(B6="","",VLOOKUP(AD6,Varsayımlar!$B:$Q,5,0)) -> Tortillas 30cm Tam Buğday | I6: =IF(B6="","",VLOOKUP(AD6,Varsayımlar!B:T,19,0)) -> 0 | J6: =IF(B6="","",VLOOKUP(AD6,Varsayımlar!$B:$Q,6,0)) -> Tam Buğdaylı | K6: 100 | M6: =IFERROR(IF(B6="","",K6/VLOOKUP(AD6,Varsayımlar!B:R,17,0)),"") | O6: 2 | P6: =IF(B6="","",VLOOKUP(AD6,Varsayımlar!$B:$Q,7,0)*K6) -> 1800 | Q6: =IF(B6="","",VLOOKUP(AD6,Varsayımlar!$B:$Q,8,0)) -> 30 | R6: =IF(B6="","",VLOOKUP(AD6,Varsayımlar!$B:$Q,9,0)) -> Irak Soft | S6: =IF(B6="","",VLOOKUP(AD6,Varsayımlar!$B:$Q,10,0)) -> 6 | T6: =IF(B6="","",VLOOKUP(AD6,Varsayımlar!$B:$Q,11,0)) -> 18 | U6: =IF(B6="","",VLOOKUP(AD6,Varsayımlar!$B:$Q,12,0)) -> 510 | V6: =IF(B6="","",VLOOKUP(AD6,Varsayımlar!$B:$Q,13,0)) -> Yurtdışı | W6: =IF(B6="","",VLOOKUP(AD6,Varsayımlar!$B:$Q,14,0)) -> 8 | X6: 46181 | Y6: 46426 | Z6: 26060230T | AA6: =IF(B6="","",VLOOKUP(AD6,Varsayımlar!$B:$Q,15,0)) -> 30cm Koli - TB Etiketli | AB6: =IF(B6="","",VLOOKUP(AD6,Varsayımlar!$B:$Q,16,0)) -> 29-31 cm | AC6: =IF(B6="","",VLOOKUP(Sayfa1!AD7,Varsayımlar!B:S,18,0)) -> 0 | AD6: =IF(B6="","",CONCATENATE(B6,E6)) -> Sons Of HannaTortillas 30cm Tam Buğday6pcs 510g
A7: 4. | B7: SMART LLC | C7: =IF(B7="","",VLOOKUP(AD7,Varsayımlar!$B:$Q,3,0)) -> 8698829380698 | E7: Tortillas 20cm Çok Tahıllı 4pcs 166g | G7: KAREKODSUZ ÜRETİLECEK | H7: =IF(B7="","",VLOOKUP(AD7,Varsayımlar!$B:$Q,5,0)) -> Tortillas 20cm Çok Tahıllı | I7: =IF(B7="","",VLOOKUP(AD7,Varsayımlar!B:T,19,0)) -> 0 | J7: =IF(B7="","",VLOOKUP(AD7,Varsayımlar!$B:$Q,6,0)) -> Çok Tahıllı | K7: 5625 | M7: =IFERROR(IF(B7="","",K7/VLOOKUP(AD7,Varsayımlar!B:R,17,0)),"") -> 25 | N7: 225 | O7: 45 | P7: =IF(B7="","",VLOOKUP(AD7,Varsayımlar!$B:$Q,7,0)*K7) -> 78750 | Q7: =IF(B7="","",VLOOKUP(AD7,Varsayımlar!$B:$Q,8,0)) -> 20 | R7: =IF(B7="","",VLOOKUP(AD7,Varsayımlar!$B:$Q,9,0)) -> Irak Soft | S7: =IF(B7="","",VLOOKUP(AD7,Varsayımlar!$B:$Q,10,0)) -> 4 | T7: =IF(B7="","",VLOOKUP(AD7,Varsayımlar!$B:$Q,11,0)) -> 14 | U7: =IF(B7="","",VLOOKUP(AD7,Varsayımlar!$B:$Q,12,0)) -> 166 | V7: =IF(B7="","",VLOOKUP(AD7,Varsayımlar!$B:$Q,13,0)) -> Yurtdışı | W7: =IF(B7="","",VLOOKUP(AD7,Varsayımlar!$B:$Q,14,0)) -> 9 | X7: 46183 | Y7: 46456 | Z7: 26061020G | AA7: =IF(B7="","",VLOOKUP(AD7,Varsayımlar!$B:$Q,15,0)) -> SİYAH KARE KOLİ-Üretim Tarihi Etiketli | AB7: =IF(B7="","",VLOOKUP(AD7,Varsayımlar!$B:$Q,16,0)) -> 19-21 cm | AC7: =IF(B7="","",VLOOKUP(Sayfa1!AD8,Varsayımlar!B:S,18,0)) -> 0 | AD7: =IF(B7="","",CONCATENATE(B7,E7)) -> SMART LLCTortillas 20cm Çok Tahıllı 4pcs 166g
A8: 5. | B8: TASTE LAND-BULGARİSTAN | C8: =IF(B8="","",VLOOKUP(AD8,Varsayımlar!$B:$Q,3,0)) -> 8698829380698 | D8: 1. ARAÇ | E8: Tortillas 30cm Sade 18pcs 1620g | F8: 26042906 | H8: =IF(B8="","",VLOOKUP(AD8,Varsayımlar!$B:$Q,5,0)) -> Tortillas 30cm Sade | I8: =IF(B8="","",VLOOKUP(AD8,Varsayımlar!B:T,19,0)) -> Barkod üzerine-Bulgarca Barkodlu içerik etiketi (012) | J8: =IF(B8="","",VLOOKUP(AD8,Varsayımlar!$B:$Q,6,0)) -> SADE | K8: 120 | M8: =IFERROR(IF(B8="","",K8/VLOOKUP(AD8,Varsayımlar!B:R,17,0)),"") -> 2 | O8: 2 | P8: =IF(B8="","",VLOOKUP(AD8,Varsayımlar!$B:$Q,7,0)*K8) -> 720 | Q8: =IF(B8="","",VLOOKUP(AD8,Varsayımlar!$B:$Q,8,0)) -> 30 | R8: =IF(B8="","",VLOOKUP(AD8,Varsayımlar!$B:$Q,9,0)) -> Irak Soft | S8: =IF(B8="","",VLOOKUP(AD8,Varsayımlar!$B:$Q,10,0)) -> 18 | T8: =IF(B8="","",VLOOKUP(AD8,Varsayımlar!$B:$Q,11,0)) -> 6 | U8: =IF(B8="","",VLOOKUP(AD8,Varsayımlar!$B:$Q,12,0)) -> 1620 | V8: =IF(B8="","",VLOOKUP(AD8,Varsayımlar!$B:$Q,13,0)) -> Yurtdışı | W8: =IF(B8="","",VLOOKUP(AD8,Varsayımlar!$B:$Q,14,0)) -> 9 | X8: 46183 | Y8: 46456 | Z8: 26061030 | AA8: =IF(B8="","",VLOOKUP(AD8,Varsayımlar!$B:$Q,15,0)) -> 30cm Lacivert Koli- Bulgarca Etiket | AB8: =IF(B8="","",VLOOKUP(AD8,Varsayımlar!$B:$Q,16,0)) -> 29-31 cm | AC8: =IF(B8="","",VLOOKUP(Sayfa1!AD18,Varsayımlar!B:S,18,0)) -> 95x130cm | AD8: =IF(B8="","",CONCATENATE(B8,E8)) -> TASTE LAND-BULGARİSTANTortillas 30cm Sade 18pcs 1620g
A9: 6. | B9: TASTE LAND-BULGARİSTAN | C9: =IF(B9="","",VLOOKUP(AD9,Varsayımlar!$B:$Q,3,0)) -> 8698829380698 | D9: 1. ARAÇ | E9: Tortillas 30cm Tam Buğday 18pcs 1620g | F9: 26042906 | H9: =IF(B9="","",VLOOKUP(AD9,Varsayımlar!$B:$Q,5,0)) -> Tortillas 30cm Tam Buğday | I9: =IF(B9="","",VLOOKUP(AD9,Varsayımlar!B:T,19,0)) -> Barkod üzerine-Bulgarca Barkodlu TB içerik etiketi (029) | J9: =IF(B9="","",VLOOKUP(AD9,Varsayımlar!$B:$Q,6,0)) -> Tam Buğdaylı | K9: 60 | M9: =IFERROR(IF(B9="","",K9/VLOOKUP(AD9,Varsayımlar!B:R,17,0)),"") -> 1 | O9: 1 | P9: =IF(B9="","",VLOOKUP(AD9,Varsayımlar!$B:$Q,7,0)*K9) -> 360 | Q9: =IF(B9="","",VLOOKUP(AD9,Varsayımlar!$B:$Q,8,0)) -> 30 | R9: =IF(B9="","",VLOOKUP(AD9,Varsayımlar!$B:$Q,9,0)) -> Irak Soft | S9: =IF(B9="","",VLOOKUP(AD9,Varsayımlar!$B:$Q,10,0)) -> 18 | T9: =IF(B9="","",VLOOKUP(AD9,Varsayımlar!$B:$Q,11,0)) -> 6 | U9: =IF(B9="","",VLOOKUP(AD9,Varsayımlar!$B:$Q,12,0)) -> 1620 | V9: =IF(B9="","",VLOOKUP(AD9,Varsayımlar!$B:$Q,13,0)) -> Yurtdışı | W9: =IF(B9="","",VLOOKUP(AD9,Varsayımlar!$B:$Q,14,0)) -> 9 | X9: 46183 | Y9: 46456 | Z9: 26061030T | AA9: =IF(B9="","",VLOOKUP(AD9,Varsayımlar!$B:$Q,15,0)) -> 30cm Lacivert Koli- Bulgarca TB Etiket | AB9: =IF(B9="","",VLOOKUP(AD9,Varsayımlar!$B:$Q,16,0)) -> 29-31 cm | AC9: =IF(B9="","",VLOOKUP(Sayfa1!AD19,Varsayımlar!B:S,18,0)) -> 95x130cm | AD9: =IF(B9="","",CONCATENATE(B9,E9)) -> TASTE LAND-BULGARİSTANTortillas 30cm Tam Buğday 18pcs 1620g
A10: 7. | B10: Ajjawi | C10: =IF(B10="","",VLOOKUP(AD10,Varsayımlar!$B:$Q,3,0)) -> 8698829380698 | E10: Lazeza 30 cm 6pcs 510g | H10: =IF(B10="","",VLOOKUP(AD10,Varsayımlar!$B:$Q,5,0)) -> Lazeza 30cm | I10: =IF(B10="","",VLOOKUP(AD10,Varsayımlar!B:T,19,0)) -> 0 | J10: =IF(B10="","",VLOOKUP(AD10,Varsayımlar!$B:$Q,6,0)) -> SADE | K10: 1700 | M10: =IFERROR(IF(B10="","",K10/VLOOKUP(AD10,Varsayımlar!B:R,17,0)),"") | O10: 25 | P10: =IF(B10="","",VLOOKUP(AD10,Varsayımlar!$B:$Q,7,0)*K10) -> 30600 | Q10: =IF(B10="","",VLOOKUP(AD10,Varsayımlar!$B:$Q,8,0)) -> 30 | R10: =IF(B10="","",VLOOKUP(AD10,Varsayımlar!$B:$Q,9,0)) -> Irak Soft | S10: =IF(B10="","",VLOOKUP(AD10,Varsayımlar!$B:$Q,10,0)) -> 6 | T10: =IF(B10="","",VLOOKUP(AD10,Varsayımlar!$B:$Q,11,0)) -> 18 | U10: =IF(B10="","",VLOOKUP(AD10,Varsayımlar!$B:$Q,12,0)) -> 510 | V10: =IF(B10="","",VLOOKUP(AD10,Varsayımlar!$B:$Q,13,0)) -> Yurtdışı | W10: =IF(B10="","",VLOOKUP(AD10,Varsayımlar!$B:$Q,14,0)) -> 6 | AA10: =IF(B10="","",VLOOKUP(AD10,Varsayımlar!$B:$Q,15,0)) -> Lazeza Kolisi | AB10: =IF(B10="","",VLOOKUP(AD10,Varsayımlar!$B:$Q,16,0)) -> 29-31 cm | AC10: =IF(B10="","",VLOOKUP(Sayfa1!AD10,Varsayımlar!B:S,18,0)) -> 0 | AD10: =IF(B10="","",CONCATENATE(B10,E10)) -> AjjawiLazeza 30 cm 6pcs 510g
A11: 8. | B11: SMART LLC | C11: =IF(B11="","",VLOOKUP(AD11,Varsayımlar!$B:$Q,3,0)) -> 8698829380698 | E11: Tortillas 20cm Peynirli 4pcs 166g | G11: KAREKODSUZ ÜRETİLECEK | H11: =IF(B11="","",VLOOKUP(AD11,Varsayımlar!$B:$Q,5,0)) -> Tortillas 20cm (Samakat Bilgileri Ekli) | I11: =IF(B11="","",VLOOKUP(AD11,Varsayımlar!B:T,19,0)) -> 0 | J11: =IF(B11="","",VLOOKUP(AD11,Varsayımlar!$B:$Q,6,0)) -> PEYNİRLİ | K11: 1350 | M11: =IFERROR(IF(B11="","",K11/VLOOKUP(AD11,Varsayımlar!B:R,17,0)),"") -> 6 | N11: 225 | O11: 11 | P11: =IF(B11="","",VLOOKUP(AD11,Varsayımlar!$B:$Q,7,0)*K11) -> 18900 | Q11: =IF(B11="","",VLOOKUP(AD11,Varsayımlar!$B:$Q,8,0)) -> 20 | R11: =IF(B11="","",VLOOKUP(AD11,Varsayımlar!$B:$Q,9,0)) -> IRAK SOFT-AT | S11: =IF(B11="","",VLOOKUP(AD11,Varsayımlar!$B:$Q,10,0)) -> 4 | T11: =IF(B11="","",VLOOKUP(AD11,Varsayımlar!$B:$Q,11,0)) -> 14 | U11: =IF(B11="","",VLOOKUP(AD11,Varsayımlar!$B:$Q,12,0)) -> 166 | V11: =IF(B11="","",VLOOKUP(AD11,Varsayımlar!$B:$Q,13,0)) -> YURTDIŞI | W11: =IF(B11="","",VLOOKUP(AD11,Varsayımlar!$B:$Q,14,0)) -> 9 | X11: 46188 | Y11: 46461 | Z11: 26061520P | AA11: =IF(B11="","",VLOOKUP(AD11,Varsayımlar!$B:$Q,15,0)) -> Kare Koli-Üretim Tarihli Etiket | AB11: =IF(B11="","",VLOOKUP(AD11,Varsayımlar!$B:$Q,16,0)) -> 19-21 cm | AC11: =IF(B11="","",VLOOKUP(Sayfa1!AD9,Varsayımlar!B:S,18,0)) -> 0 | AD11: =IF(B11="","",CONCATENATE(B11,E11)) -> SMART LLCTortillas 20cm Peynirli 4pcs 166g
A12: 9. | B12: Kopuz | C12: =IF(B12="","",VLOOKUP(AD12,#REF!,3,0)) -> #REF! | E12: Mutlukal Tortillas 30cm 950g | H12: =IF(B12="","",VLOOKUP(AD12,#REF!,5,0)) -> #REF! | I12: =IF(B12="","",VLOOKUP(AD12,#REF!,19,0)) -> #REF! | J12: =IF(B12="","",VLOOKUP(AD12,#REF!,6,0)) -> #REF! | K12: 50 | M12: =IFERROR(IF(B12="","",K12/VLOOKUP(AD12,#REF!,17,0)),"") | O12: 1 | P12: =IF(B12="","",VLOOKUP(AD12,#REF!,7,0)*K12) -> #REF! | Q12: =IF(B12="","",VLOOKUP(AD12,#REF!,8,0)) -> #REF! | R12: =IF(B12="","",VLOOKUP(AD12,#REF!,9,0)) -> #REF! | S12: =IF(B12="","",VLOOKUP(AD12,#REF!,10,0)) -> #REF! | T12: =IF(B12="","",VLOOKUP(AD12,#REF!,11,0)) -> #REF! | U12: =IF(B12="","",VLOOKUP(AD12,#REF!,12,0)) -> #REF! | V12: =IF(B12="","",VLOOKUP(AD12,#REF!,13,0)) -> #REF! | W12: =IF(B12="","",VLOOKUP(AD12,#REF!,14,0)) -> #REF! | X12: Güncel | Y12: Güncel | Z12: Güncel | AA12: =IF(B12="","",VLOOKUP(AD12,#REF!,15,0)) -> #REF! | AB12: =IF(B12="","",VLOOKUP(AD12,#REF!,16,0)) -> #REF! | AC12: =IF(B12="","",VLOOKUP(#REF!,#REF!,18,0)) -> #REF! | AD12: =IF(B12="","",CONCATENATE(B12,E12)) -> KopuzMutlukal Tortillas 30cm 950g
A13: 10. | B13: TVK Import | C13: =IF(B13="","",VLOOKUP(AD13,Varsayımlar!$B:$Q,3,0)) -> 8698829380698 | E13: Baskısız 30cm 12pcs 1020g | G13: KAREKODSUZ ÜRETİLECEK | H13: =IF(B13="","",VLOOKUP(AD13,Varsayımlar!$B:$Q,5,0)) -> Baskısız 30cm | I13: =IF(B13="","",VLOOKUP(AD13,Varsayımlar!B:T,19,0)) -> Tüm Bilgiler Sade | J13: =IF(B13="","",VLOOKUP(AD13,Varsayımlar!$B:$Q,6,0)) -> SADE | K13: 792 | M13: =IFERROR(IF(B13="","",K13/VLOOKUP(AD13,Varsayımlar!B:R,17,0)),"") | O13: 13 | P13: =IF(B13="","",VLOOKUP(AD13,Varsayımlar!$B:$Q,7,0)*K13) -> 7920 | Q13: =IF(B13="","",VLOOKUP(AD13,Varsayımlar!$B:$Q,8,0)) -> 30 | R13: =IF(B13="","",VLOOKUP(AD13,Varsayımlar!$B:$Q,9,0)) -> Irak soft | S13: =IF(B13="","",VLOOKUP(AD13,Varsayımlar!$B:$Q,10,0)) -> 12 | T13: =IF(B13="","",VLOOKUP(AD13,Varsayımlar!$B:$Q,11,0)) -> 10 | U13: =IF(B13="","",VLOOKUP(AD13,Varsayımlar!$B:$Q,12,0)) -> 1020 | V13: =IF(B13="","",VLOOKUP(AD13,Varsayımlar!$B:$Q,13,0)) -> Yurtdışı | W13: =IF(B13="","",VLOOKUP(AD13,Varsayımlar!$B:$Q,14,0)) -> 6 | X13: 46190 | Y13: 46373 | Z13: 26061730 | AA13: =IF(B13="","",VLOOKUP(AD13,Varsayımlar!$B:$Q,15,0)) -> 30cm Kolisi | AB13: =IF(B13="","",VLOOKUP(AD13,Varsayımlar!$B:$Q,16,0)) -> 29-31 cm | AC13: =IF(B13="","",VLOOKUP(Sayfa1!AD11,Varsayımlar!B:S,18,0)) -> 0 | AD13: =IF(B13="","",CONCATENATE(B13,E13)) -> TVK ImportBaskısız 30cm 12pcs 1020g
A14: 11. | B14: TVK Import | C14: =IF(B14="","",VLOOKUP(AD14,Varsayımlar!$B:$Q,3,0)) -> 8698829380698 | E14: Baskısız 30cm TB 12pcs 1020g | G14: KAREKODSUZ ÜRETİLECEK | H14: =IF(B14="","",VLOOKUP(AD14,Varsayımlar!$B:$Q,5,0)) -> Baskısız 30cm | I14: =IF(B14="","",VLOOKUP(AD14,Varsayımlar!B:T,19,0)) -> Tüm Bilgiler TB | J14: =IF(B14="","",VLOOKUP(AD14,Varsayımlar!$B:$Q,6,0)) -> Tam Buğdaylı | K14: 576 | M14: =IFERROR(IF(B14="","",K14/VLOOKUP(AD14,Varsayımlar!B:R,17,0)),"") | O14: 10 | P14: =IF(B14="","",VLOOKUP(AD14,Varsayımlar!$B:$Q,7,0)*K14) -> 5760 | Q14: =IF(B14="","",VLOOKUP(AD14,Varsayımlar!$B:$Q,8,0)) -> 30 | R14: =IF(B14="","",VLOOKUP(AD14,Varsayımlar!$B:$Q,9,0)) -> Irak soft | S14: =IF(B14="","",VLOOKUP(AD14,Varsayımlar!$B:$Q,10,0)) -> 12 | T14: =IF(B14="","",VLOOKUP(AD14,Varsayımlar!$B:$Q,11,0)) -> 10 | U14: =IF(B14="","",VLOOKUP(AD14,Varsayımlar!$B:$Q,12,0)) -> 1020 | V14: =IF(B14="","",VLOOKUP(AD14,Varsayımlar!$B:$Q,13,0)) -> Yurtdışı | W14: =IF(B14="","",VLOOKUP(AD14,Varsayımlar!$B:$Q,14,0)) -> 6 | X14: 46190 | Y14: 46373 | Z14: 26061730T | AA14: =IF(B14="","",VLOOKUP(AD14,Varsayımlar!$B:$Q,15,0)) -> 30cm Kolisi-Etiketli | AB14: =IF(B14="","",VLOOKUP(AD14,Varsayımlar!$B:$Q,16,0)) -> 29-31 cm | AC14: =IF(B14="","",VLOOKUP(Sayfa1!AD12,Varsayımlar!B:S,18,0)) -> 0 | AD14: =IF(B14="","",CONCATENATE(B14,E14)) -> TVK ImportBaskısız 30cm TB 12pcs 1020g
A15: 12. | B15: TVK Import | C15: =IF(B15="","",VLOOKUP(AD15,Varsayımlar!$B:$Q,3,0)) -> 8698829380698 | E15: Baskısız 30cm Ispanaklı 12pcs 1020g | G15: KAREKODSUZ ÜRETİLECEK | H15: =IF(B15="","",VLOOKUP(AD15,Varsayımlar!$B:$Q,5,0)) -> Baskısız 30cm | I15: =IF(B15="","",VLOOKUP(AD15,Varsayımlar!B:T,19,0)) -> Tüm Bilgiler Ispanaklı | J15: =IF(B15="","",VLOOKUP(AD15,Varsayımlar!$B:$Q,6,0)) -> Ispanaklı | K15: 144 | M15: =IFERROR(IF(B15="","",K15/VLOOKUP(AD15,Varsayımlar!B:R,17,0)),"") | O15: 3 | P15: =IF(B15="","",VLOOKUP(AD15,Varsayımlar!$B:$Q,7,0)*K15) -> 1440 | Q15: =IF(B15="","",VLOOKUP(AD15,Varsayımlar!$B:$Q,8,0)) -> 30 | R15: =IF(B15="","",VLOOKUP(AD15,Varsayımlar!$B:$Q,9,0)) -> Irak soft | S15: =IF(B15="","",VLOOKUP(AD15,Varsayımlar!$B:$Q,10,0)) -> 12 | T15: =IF(B15="","",VLOOKUP(AD15,Varsayımlar!$B:$Q,11,0)) -> 10 | U15: =IF(B15="","",VLOOKUP(AD15,Varsayımlar!$B:$Q,12,0)) -> 1020 | V15: =IF(B15="","",VLOOKUP(AD15,Varsayımlar!$B:$Q,13,0)) -> Yurtdışı | W15: =IF(B15="","",VLOOKUP(AD15,Varsayımlar!$B:$Q,14,0)) -> 6 | X15: 46190 | Y15: 46373 | Z15: 26061730I | AA15: =IF(B15="","",VLOOKUP(AD15,Varsayımlar!$B:$Q,15,0)) -> 30cm Kolisi-Etiketli | AB15: =IF(B15="","",VLOOKUP(AD15,Varsayımlar!$B:$Q,16,0)) -> 29-31 cm | AC15: =IF(B15="","",VLOOKUP(Sayfa1!AD13,Varsayımlar!B:S,18,0)) -> 0 | AD15: =IF(B15="","",CONCATENATE(B15,E15)) -> TVK ImportBaskısız 30cm Ispanaklı 12pcs 1020g
A16: 13. | B16: SMART LLC | C16: =IF(B16="","",VLOOKUP(AD16,Varsayımlar!$B:$Q,3,0)) -> 8698829380698 | E16: Tortillas 20cm Çok Tahıllı 4pcs 166g | G16: KAREKODSUZ ÜRETİLECEK | H16: =IF(B16="","",VLOOKUP(AD16,Varsayımlar!$B:$Q,5,0)) -> Tortillas 20cm Çok Tahıllı | I16: =IF(B16="","",VLOOKUP(AD16,Varsayımlar!B:T,19,0)) -> 0 | J16: =IF(B16="","",VLOOKUP(AD16,Varsayımlar!$B:$Q,6,0)) -> Çok Tahıllı | K16: 225 | M16: =IFERROR(IF(B16="","",K16/VLOOKUP(AD16,Varsayımlar!B:R,17,0)),"") -> 1 | O16: 26 | P16: =IF(B16="","",VLOOKUP(AD16,Varsayımlar!$B:$Q,7,0)*K16) -> 3150 | Q16: =IF(B16="","",VLOOKUP(AD16,Varsayımlar!$B:$Q,8,0)) -> 20 | R16: =IF(B16="","",VLOOKUP(AD16,Varsayımlar!$B:$Q,9,0)) -> Irak Soft | S16: =IF(B16="","",VLOOKUP(AD16,Varsayımlar!$B:$Q,10,0)) -> 4 | T16: =IF(B16="","",VLOOKUP(AD16,Varsayımlar!$B:$Q,11,0)) -> 14 | U16: =IF(B16="","",VLOOKUP(AD16,Varsayımlar!$B:$Q,12,0)) -> 166 | V16: =IF(B16="","",VLOOKUP(AD16,Varsayımlar!$B:$Q,13,0)) -> Yurtdışı | W16: =IF(B16="","",VLOOKUP(AD16,Varsayımlar!$B:$Q,14,0)) -> 9 | X16: 46195 | Y16: 46468 | Z16: 26062220G | AA16: =IF(B16="","",VLOOKUP(AD16,Varsayımlar!$B:$Q,15,0)) -> SİYAH KARE KOLİ-Üretim Tarihi Etiketli | AB16: =IF(B16="","",VLOOKUP(AD16,Varsayımlar!$B:$Q,16,0)) -> 19-21 cm | AC16: =IF(B16="","",VLOOKUP(Sayfa1!AD14,Varsayımlar!B:S,18,0)) -> 0 | AD16: =IF(B16="","",CONCATENATE(B16,E16)) -> SMART LLCTortillas 20cm Çok Tahıllı 4pcs 166g
A17: 14. | B17: SMART LLC | C17: =IF(B17="","",VLOOKUP(AD17,Varsayımlar!$B:$Q,3,0)) -> 8698829380698 | E17: Tortillas 20cm Çok Tahıllı 4pcs 166g | G17: KAREKODSUZ ÜRETİLECEK | H17: =IF(B17="","",VLOOKUP(AD17,Varsayımlar!$B:$Q,5,0)) -> Tortillas 20cm Çok Tahıllı | I17: =IF(B17="","",VLOOKUP(AD17,Varsayımlar!B:T,19,0)) -> 0 | J17: =IF(B17="","",VLOOKUP(AD17,Varsayımlar!$B:$Q,6,0)) -> Çok Tahıllı | K17: 1800 | M17: =IFERROR(IF(B17="","",K17/VLOOKUP(AD17,Varsayımlar!B:R,17,0)),"") -> 8 | O17: 15 | P17: =IF(B17="","",VLOOKUP(AD17,Varsayımlar!$B:$Q,7,0)*K17) -> 25200 | Q17: =IF(B17="","",VLOOKUP(AD17,Varsayımlar!$B:$Q,8,0)) -> 20 | R17: =IF(B17="","",VLOOKUP(AD17,Varsayımlar!$B:$Q,9,0)) -> Irak Soft | S17: =IF(B17="","",VLOOKUP(AD17,Varsayımlar!$B:$Q,10,0)) -> 4 | T17: =IF(B17="","",VLOOKUP(AD17,Varsayımlar!$B:$Q,11,0)) -> 14 | U17: =IF(B17="","",VLOOKUP(AD17,Varsayımlar!$B:$Q,12,0)) -> 166 | V17: =IF(B17="","",VLOOKUP(AD17,Varsayımlar!$B:$Q,13,0)) -> Yurtdışı | W17: =IF(B17="","",VLOOKUP(AD17,Varsayımlar!$B:$Q,14,0)) -> 9 | X17: 46196 | Y17: 46469 | Z17: 26060320G | AA17: =IF(B17="","",VLOOKUP(AD17,Varsayımlar!$B:$Q,15,0)) -> SİYAH KARE KOLİ-Üretim Tarihi Etiketli | AB17: =IF(B17="","",VLOOKUP(AD17,Varsayımlar!$B:$Q,16,0)) -> 19-21 cm | AC17: =IF(B17="","",VLOOKUP(Sayfa1!AD15,Varsayımlar!B:S,18,0)) -> 0 | AD17: =IF(B17="","",CONCATENATE(B17,E17)) -> SMART LLCTortillas 20cm Çok Tahıllı 4pcs 166g
A18: 15. | B18: SMART LLC | C18: =IF(B18="","",VLOOKUP(AD18,Varsayımlar!$B:$Q,3,0)) -> 8698829380698 | E18: TORTİLLAS SAMAKAT 20CM 166G | G18: KAREKODSUZ ÜRETİLECEK | H18: =IF(B18="","",VLOOKUP(AD18,Varsayımlar!$B:$Q,5,0)) -> TORTİLLAS 20CM (SAMAKAT BİLGİLERİ EKLİ) | I18: =IF(B18="","",VLOOKUP(AD18,Varsayımlar!B:T,19,0)) -> 0 | J18: =IF(B18="","",VLOOKUP(AD18,Varsayımlar!$B:$Q,6,0)) -> SADE | K18: 6975 | M18: =IFERROR(IF(B18="","",K18/VLOOKUP(AD18,Varsayımlar!B:R,17,0)),"") -> 31 | O18: 56 | P18: =IF(B18="","",VLOOKUP(AD18,Varsayımlar!$B:$Q,7,0)*K18) -> 97650 | Q18: =IF(B18="","",VLOOKUP(AD18,Varsayımlar!$B:$Q,8,0)) -> 20 | R18: =IF(B18="","",VLOOKUP(AD18,Varsayımlar!$B:$Q,9,0)) -> IRAK SOFT | S18: =IF(B18="","",VLOOKUP(AD18,Varsayımlar!$B:$Q,10,0)) -> 4 | T18: =IF(B18="","",VLOOKUP(AD18,Varsayımlar!$B:$Q,11,0)) -> 14 | U18: =IF(B18="","",VLOOKUP(AD18,Varsayımlar!$B:$Q,12,0)) -> 166 | V18: =IF(B18="","",VLOOKUP(AD18,Varsayımlar!$B:$Q,13,0)) -> YURTDIŞI | W18: =IF(B18="","",VLOOKUP(AD18,Varsayımlar!$B:$Q,14,0)) -> 9 | X18: 46195 | Y18: 46468 | Z18: 26062220 | AA18: =IF(B18="","",VLOOKUP(AD18,Varsayımlar!$B:$Q,15,0)) -> SİYAH KARE KOLİ- Üretim Tarihi Etiketli | AB18: =IF(B18="","",VLOOKUP(AD18,Varsayımlar!$B:$Q,16,0)) -> 19-21 CM | AC18: =IF(B18="","",VLOOKUP(Sayfa1!AD16,Varsayımlar!B:S,18,0)) -> 0 | AD18: =IF(B18="","",CONCATENATE(B18,E18)) -> SMART LLCTORTİLLAS SAMAKAT 20CM 166G
A19: 16. | B19: SMART LLC | C19: =IF(B19="","",VLOOKUP(AD19,Varsayımlar!$B:$Q,3,0)) -> 8698829380698 | E19: Tortillas 20cm Peynirli 4pcs 166g | G19: KAREKODSUZ ÜRETİLECEK | H19: =IF(B19="","",VLOOKUP(AD19,Varsayımlar!$B:$Q,5,0)) -> Tortillas 20cm (Samakat Bilgileri Ekli) | I19: =IF(B19="","",VLOOKUP(AD19,Varsayımlar!B:T,19,0)) -> 0 | J19: =IF(B19="","",VLOOKUP(AD19,Varsayımlar!$B:$Q,6,0)) -> PEYNİRLİ | K19: 2925 | M19: =IFERROR(IF(B19="","",K19/VLOOKUP(AD19,Varsayımlar!B:R,17,0)),"") -> 13 | O19: 24 | P19: =IF(B19="","",VLOOKUP(AD19,Varsayımlar!$B:$Q,7,0)*K19) -> 40950 | Q19: =IF(B19="","",VLOOKUP(AD19,Varsayımlar!$B:$Q,8,0)) -> 20 | R19: =IF(B19="","",VLOOKUP(AD19,Varsayımlar!$B:$Q,9,0)) -> IRAK SOFT-AT | S19: =IF(B19="","",VLOOKUP(AD19,Varsayımlar!$B:$Q,10,0)) -> 4 | T19: =IF(B19="","",VLOOKUP(AD19,Varsayımlar!$B:$Q,11,0)) -> 14 | U19: =IF(B19="","",VLOOKUP(AD19,Varsayımlar!$B:$Q,12,0)) -> 166 | V19: =IF(B19="","",VLOOKUP(AD19,Varsayımlar!$B:$Q,13,0)) -> YURTDIŞI | W19: =IF(B19="","",VLOOKUP(AD19,Varsayımlar!$B:$Q,14,0)) -> 9 | X19: 46196 | Y19: 46469 | Z19: 26062320P | AA19: =IF(B19="","",VLOOKUP(AD19,Varsayımlar!$B:$Q,15,0)) -> Kare Koli-Üretim Tarihli Etiket | AB19: =IF(B19="","",VLOOKUP(AD19,Varsayımlar!$B:$Q,16,0)) -> 19-21 cm | AC19: =IF(B19="","",VLOOKUP(Sayfa1!AD17,Varsayımlar!B:S,18,0)) -> 0 | AD19: =IF(B19="","",CONCATENATE(B19,E19)) -> SMART LLCTortillas 20cm Peynirli 4pcs 166g
A20: 17. | B20: LAIKYUZHN-BELARUS | C20: =IF(B20="","",VLOOKUP(AD20,Varsayımlar!$B:$Q,3,0)) -> 8698829380698 | D20: 1. ARAÇ | E20: Tortillas 25cm Sade 4pcs 240g | F20: 20250825 | G20: KAREKODSUZ ÜRETİLECEK | H20: =IF(B20="","",VLOOKUP(AD20,Varsayımlar!$B:$Q,5,0)) -> Tortillas 25cm Sade | I20: =IF(B20="","",VLOOKUP(AD20,Varsayımlar!B:T,19,0)) -> 0 | J20: =IF(B20="","",VLOOKUP(AD20,Varsayımlar!$B:$Q,6,0)) -> SADE | K20: 672 | M20: =IFERROR(IF(B20="","",K20/VLOOKUP(AD20,Varsayımlar!B:R,17,0)),"") -> 8 | O20: 11 | P20: =IF(B20="","",VLOOKUP(AD20,Varsayımlar!$B:$Q,7,0)*K20) -> 20160 | Q20: =IF(B20="","",VLOOKUP(AD20,Varsayımlar!$B:$Q,8,0)) -> 25 | R20: =IF(B20="","",VLOOKUP(AD20,Varsayımlar!$B:$Q,9,0)) -> Soft-PA3 | S20: =IF(B20="","",VLOOKUP(AD20,Varsayımlar!$B:$Q,10,0)) -> 4 | T20: =IF(B20="","",VLOOKUP(AD20,Varsayımlar!$B:$Q,11,0)) -> 30 | U20: =IF(B20="","",VLOOKUP(AD20,Varsayımlar!$B:$Q,12,0)) -> 240 | V20: =IF(B20="","",VLOOKUP(AD20,Varsayımlar!$B:$Q,13,0)) -> Yurtdışı | W20: =IF(B20="","",VLOOKUP(AD20,Varsayımlar!$B:$Q,14,0)) -> 12 | AA20: =IF(B20="","",VLOOKUP(AD20,Varsayımlar!$B:$Q,15,0)) -> 25cm Kolisi-Etiketli | AB20: =IF(B20="","",VLOOKUP(AD20,Varsayımlar!$B:$Q,16,0)) -> 24-26 cm (Macca Hetto Inkjet Uzun Tarih) | AC20: =IF(B20="","",VLOOKUP(Sayfa1!AD22,Varsayımlar!B:S,18,0)) -> 80x120cm | AD20: =IF(B20="","",CONCATENATE(B20,E20)) -> LAIKYUZHN-BELARUSTortillas 25cm Sade 4pcs 240g
A21: 18. | B21: LAIKYUZHN-BELARUS | C21: =IF(B21="","",VLOOKUP(AD21,Varsayımlar!$B:$Q,3,0)) -> 8698829380698 | D21: 1. ARAÇ | E21: Tortillas 25cm Tam buğday 4pcs 240g | F21: 20250825 | G21: KAREKODSUZ ÜRETİLECEK | H21: =IF(B21="","",VLOOKUP(AD21,Varsayımlar!$B:$Q,5,0)) -> Tortillas 25cm Tam Buğday | I21: =IF(B21="","",VLOOKUP(AD21,Varsayımlar!B:T,19,0)) -> 0 | J21: =IF(B21="","",VLOOKUP(AD21,Varsayımlar!$B:$Q,6,0)) -> Tam Buğdaylı | K21: 252 | M21: =IFERROR(IF(B21="","",K21/VLOOKUP(AD21,Varsayımlar!B:R,17,0)),"") -> 3 | O21: 5 | P21: =IF(B21="","",VLOOKUP(AD21,Varsayımlar!$B:$Q,7,0)*K21) -> 7560 | Q21: =IF(B21="","",VLOOKUP(AD21,Varsayımlar!$B:$Q,8,0)) -> 25 | R21: =IF(B21="","",VLOOKUP(AD21,Varsayımlar!$B:$Q,9,0)) -> Soft-PA3 | S21: =IF(B21="","",VLOOKUP(AD21,Varsayımlar!$B:$Q,10,0)) -> 4 | T21: =IF(B21="","",VLOOKUP(AD21,Varsayımlar!$B:$Q,11,0)) -> 30 | U21: =IF(B21="","",VLOOKUP(AD21,Varsayımlar!$B:$Q,12,0)) -> 240 | V21: =IF(B21="","",VLOOKUP(AD21,Varsayımlar!$B:$Q,13,0)) -> Yurtdışı | W21: =IF(B21="","",VLOOKUP(AD21,Varsayımlar!$B:$Q,14,0)) -> 12 | AA21: =IF(B21="","",VLOOKUP(AD21,Varsayımlar!$B:$Q,15,0)) -> 25cm Kolisi-Etiketli | AB21: =IF(B21="","",VLOOKUP(AD21,Varsayımlar!$B:$Q,16,0)) -> 24-26 cm (Macca Hetto Inkjet Uzun Tarih) | AC21: =IF(B21="","",VLOOKUP(Sayfa1!AD23,Varsayımlar!B:S,18,0)) -> 80x120cm | AD21: =IF(B21="","",CONCATENATE(B21,E21)) -> LAIKYUZHN-BELARUSTortillas 25cm Tam buğday 4pcs 240g
A22: 19. | B22: LAIKYUZHN-BELARUS | C22: =IF(B22="","",VLOOKUP(AD22,Varsayımlar!$B:$Q,3,0)) -> 8698829380698 | D22: 1. ARAÇ | E22: Tortillas 25cm Domatesli 4pcs 240g | F22: 20250825 | G22: KAREKODSUZ ÜRETİLECEK | H22: =IF(B22="","",VLOOKUP(AD22,Varsayımlar!$B:$Q,5,0)) -> Tortillas 25cm Domatesli | I22: =IF(B22="","",VLOOKUP(AD22,Varsayımlar!B:T,19,0)) -> 0 | J22: =IF(B22="","",VLOOKUP(AD22,Varsayımlar!$B:$Q,6,0)) -> Domatesli | K22: 252 | M22: =IFERROR(IF(B22="","",K22/VLOOKUP(AD22,Varsayımlar!B:R,17,0)),"") -> 3 | O22: 5 | P22: =IF(B22="","",VLOOKUP(AD22,Varsayımlar!$B:$Q,7,0)*K22) -> 7560 | Q22: =IF(B22="","",VLOOKUP(AD22,Varsayımlar!$B:$Q,8,0)) -> 25 | R22: =IF(B22="","",VLOOKUP(AD22,Varsayımlar!$B:$Q,9,0)) -> Soft-PA3 | S22: =IF(B22="","",VLOOKUP(AD22,Varsayımlar!$B:$Q,10,0)) -> 4 | T22: =IF(B22="","",VLOOKUP(AD22,Varsayımlar!$B:$Q,11,0)) -> 30 | U22: =IF(B22="","",VLOOKUP(AD22,Varsayımlar!$B:$Q,12,0)) -> 240 | V22: =IF(B22="","",VLOOKUP(AD22,Varsayımlar!$B:$Q,13,0)) -> Yurtdışı | W22: =IF(B22="","",VLOOKUP(AD22,Varsayımlar!$B:$Q,14,0)) -> 12 | AA22: =IF(B22="","",VLOOKUP(AD22,Varsayımlar!$B:$Q,15,0)) -> 25cm Kolisi-Etiketli | AB22: =IF(B22="","",VLOOKUP(AD22,Varsayımlar!$B:$Q,16,0)) -> 24-26 cm (Macca Hetto Inkjet Uzun Tarih) | AC22: =IF(B22="","",VLOOKUP(Sayfa1!AD24,Varsayımlar!B:S,18,0)) -> 80x120cm | AD22: =IF(B22="","",CONCATENATE(B22,E22)) -> LAIKYUZHN-BELARUSTortillas 25cm Domatesli 4pcs 240g
A23: 20. | B23: LAIKYUZHN-BELARUS | C23: =IF(B23="","",VLOOKUP(AD23,Varsayımlar!$B:$Q,3,0)) -> 8698829380698 | D23: 1. ARAÇ | E23: Tortillas 25cm Ispanaklı 4pcs 240g | F23: 20250825 | G23: KAREKODSUZ ÜRETİLECEK | H23: =IF(B23="","",VLOOKUP(AD23,Varsayımlar!$B:$Q,5,0)) -> Tortillas 25cm Ispanaklı | I23: =IF(B23="","",VLOOKUP(AD23,Varsayımlar!B:T,19,0)) -> 0 | J23: =IF(B23="","",VLOOKUP(AD23,Varsayımlar!$B:$Q,6,0)) -> Ispanaklı | K23: 420 | M23: =IFERROR(IF(B23="","",K23/VLOOKUP(AD23,Varsayımlar!B:R,17,0)),"") -> 5 | O23: 7 | P23: =IF(B23="","",VLOOKUP(AD23,Varsayımlar!$B:$Q,7,0)*K23) -> 12600 | Q23: =IF(B23="","",VLOOKUP(AD23,Varsayımlar!$B:$Q,8,0)) -> 25 | R23: =IF(B23="","",VLOOKUP(AD23,Varsayımlar!$B:$Q,9,0)) -> Soft-PA3 | S23: =IF(B23="","",VLOOKUP(AD23,Varsayımlar!$B:$Q,10,0)) -> 4 | T23: =IF(B23="","",VLOOKUP(AD23,Varsayımlar!$B:$Q,11,0)) -> 30 | U23: =IF(B23="","",VLOOKUP(AD23,Varsayımlar!$B:$Q,12,0)) -> 240 | V23: =IF(B23="","",VLOOKUP(AD23,Varsayımlar!$B:$Q,13,0)) -> Yurtdışı | W23: =IF(B23="","",VLOOKUP(AD23,Varsayımlar!$B:$Q,14,0)) -> 12 | AA23: =IF(B23="","",VLOOKUP(AD23,Varsayımlar!$B:$Q,15,0)) -> 25cm Kolisi-Etiketli | AB23: =IF(B23="","",VLOOKUP(AD23,Varsayımlar!$B:$Q,16,0)) -> 24-26 cm (Macca Hetto Inkjet Uzun Tarih) | AC23: =IF(B23="","",VLOOKUP(Sayfa1!AD25,Varsayımlar!B:S,18,0)) -> 80x120cm | AD23: =IF(B23="","",CONCATENATE(B23,E23)) -> LAIKYUZHN-BELARUSTortillas 25cm Ispanaklı 4pcs 240g
A24: 21. | B24: LAIKYUZHN-BELARUS | C24: =IF(B24="","",VLOOKUP(AD24,Varsayımlar!$B:$Q,3,0)) -> 8698829380698 | D24: 1. ARAÇ | E24: Magnit Tortillas 25cm Peynirli 4pcs 240g | F24: 20250825 | G24: KAREKODSUZ ÜRETİLECEK | H24: =IF(B24="","",VLOOKUP(AD24,Varsayımlar!$B:$Q,5,0)) -> Magnit Tortillas 25cm Peynirli | I24: =IF(B24="","",VLOOKUP(AD24,Varsayımlar!B:T,19,0)) -> Etiketli | J24: =IF(B24="","",VLOOKUP(AD24,Varsayımlar!$B:$Q,6,0)) -> Peynirli | K24: 420 | M24: =IFERROR(IF(B24="","",K24/VLOOKUP(AD24,Varsayımlar!B:R,17,0)),"") -> 5 | O24: 7 | P24: =IF(B24="","",VLOOKUP(AD24,Varsayımlar!$B:$Q,7,0)*K24) -> 12600 | Q24: =IF(B24="","",VLOOKUP(AD24,Varsayımlar!$B:$Q,8,0)) -> 25 | R24: =IF(B24="","",VLOOKUP(AD24,Varsayımlar!$B:$Q,9,0)) -> Soft-PA3-AT | S24: =IF(B24="","",VLOOKUP(AD24,Varsayımlar!$B:$Q,10,0)) -> 4 | T24: =IF(B24="","",VLOOKUP(AD24,Varsayımlar!$B:$Q,11,0)) -> 30 | U24: =IF(B24="","",VLOOKUP(AD24,Varsayımlar!$B:$Q,12,0)) -> 250 | V24: =IF(B24="","",VLOOKUP(AD24,Varsayımlar!$B:$Q,13,0)) -> Yurtdışı | W24: =IF(B24="","",VLOOKUP(AD24,Varsayımlar!$B:$Q,14,0)) -> 9 | AA24: =IF(B24="","",VLOOKUP(AD24,Varsayımlar!$B:$Q,15,0)) -> 25cm Kolisi-Etiketli | AB24: =IF(B24="","",VLOOKUP(AD24,Varsayımlar!$B:$Q,16,0)) -> 24-26 cm (Macca Hetto Inkjet Uzun Tarih) | AC24: =IF(B24="","",VLOOKUP(Sayfa1!AD26,Varsayımlar!B:S,18,0)) -> 80x120cm | AD24: =IF(B24="","",CONCATENATE(B24,E24)) -> LAIKYUZHN-BELARUSMagnit Tortillas 25cm Peynirli 4pcs 240g
A25: 22. | B25: ALDİ - KOSOVA | C25: =IF(B25="","",VLOOKUP(AD25,Varsayımlar!$B:$Q,3,0)) -> 8698829380698 | E25: Tortillove 30cm 10pcs 900g | F25: 26060101 | H25: =IF(B25="","",VLOOKUP(AD25,Varsayımlar!$B:$Q,5,0)) -> Tortillove 30cm | I25: =IF(B25="","",VLOOKUP(AD25,Varsayımlar!B:T,19,0)) -> Arka kısma Arnavutça içerik-Tortillove | J25: =IF(B25="","",VLOOKUP(AD25,Varsayımlar!$B:$Q,6,0)) -> SADE | K25: 100 | M25: =IFERROR(IF(B25="","",K25/VLOOKUP(AD25,Varsayımlar!B:R,17,0)),"") -> 2 | O25: 2 | P25: =IF(B25="","",VLOOKUP(AD25,Varsayımlar!$B:$Q,7,0)*K25) -> 1200 | Q25: =IF(B25="","",VLOOKUP(AD25,Varsayımlar!$B:$Q,8,0)) -> 30 | R25: =IF(B25="","",VLOOKUP(AD25,Varsayımlar!$B:$Q,9,0)) -> Irak Soft | S25: =IF(B25="","",VLOOKUP(AD25,Varsayımlar!$B:$Q,10,0)) -> 10 | T25: =IF(B25="","",VLOOKUP(AD25,Varsayımlar!$B:$Q,11,0)) -> 12 | U25: =IF(B25="","",VLOOKUP(AD25,Varsayımlar!$B:$Q,12,0)) -> 900 | V25: =IF(B25="","",VLOOKUP(AD25,Varsayımlar!$B:$Q,13,0)) -> Yurtdışı | W25: =IF(B25="","",VLOOKUP(AD25,Varsayımlar!$B:$Q,14,0)) -> 12 | AA25: =IF(B25="","",VLOOKUP(AD25,Varsayımlar!$B:$Q,15,0)) -> 30cm Koli - Tortillove 900g Etiketli | AB25: =IF(B25="","",VLOOKUP(AD25,Varsayımlar!$B:$Q,16,0)) -> 29-31 cm | AC25: =IF(B25="","",VLOOKUP(Sayfa1!AD27,Varsayımlar!B:S,18,0)) -> 0 | AD25: =IF(B25="","",CONCATENATE(B25,E25)) -> ALDİ - KOSOVATortillove 30cm 10pcs 900g
A26: 23. | B26: ALDİ - KOSOVA | C26: =IF(B26="","",VLOOKUP(AD26,Varsayımlar!$B:$Q,3,0)) -> 8698829380698 | E26: Tortillas 30cm 10pcs 900g | F26: 26060101 | H26: =IF(B26="","",VLOOKUP(AD26,Varsayımlar!$B:$Q,5,0)) -> Tortillas 30cm | I26: =IF(B26="","",VLOOKUP(AD26,Varsayımlar!B:T,19,0)) -> Arka kısma Arnavutça içerik-Tortillas | J26: =IF(B26="","",VLOOKUP(AD26,Varsayımlar!$B:$Q,6,0)) -> SADE | K26: 50 | M26: =IFERROR(IF(B26="","",K26/VLOOKUP(AD26,Varsayımlar!B:R,17,0)),"") -> 1 | O26: 1 | P26: =IF(B26="","",VLOOKUP(AD26,Varsayımlar!$B:$Q,7,0)*K26) -> 600 | Q26: =IF(B26="","",VLOOKUP(AD26,Varsayımlar!$B:$Q,8,0)) -> 30 | R26: =IF(B26="","",VLOOKUP(AD26,Varsayımlar!$B:$Q,9,0)) -> Irak Soft | S26: =IF(B26="","",VLOOKUP(AD26,Varsayımlar!$B:$Q,10,0)) -> 10 | T26: =IF(B26="","",VLOOKUP(AD26,Varsayımlar!$B:$Q,11,0)) -> 12 | U26: =IF(B26="","",VLOOKUP(AD26,Varsayımlar!$B:$Q,12,0)) -> 900 | V26: =IF(B26="","",VLOOKUP(AD26,Varsayımlar!$B:$Q,13,0)) -> Yurtdışı | W26: =IF(B26="","",VLOOKUP(AD26,Varsayımlar!$B:$Q,14,0)) -> 12 | AA26: =IF(B26="","",VLOOKUP(AD26,Varsayımlar!$B:$Q,15,0)) -> 30cm Koli - Tortillas 900g Etiketli | AB26: =IF(B26="","",VLOOKUP(AD26,Varsayımlar!$B:$Q,16,0)) -> 29-31 cm | AC26: =IF(B26="","",VLOOKUP(Sayfa1!AD28,Varsayımlar!B:S,18,0)) -> 0 | AD26: =IF(B26="","",CONCATENATE(B26,E26)) -> ALDİ - KOSOVATortillas 30cm 10pcs 900g
A27: 24. | B27: ALDİ - KOSOVA | C27: =IF(B27="","",VLOOKUP(AD27,Varsayımlar!$B:$Q,3,0)) -> 8698829380698 | E27: Tortillove 25cm 6pcs 390g | F27: 26060101 | H27: =IF(B27="","",VLOOKUP(AD27,Varsayımlar!$B:$Q,5,0)) -> Tortillove 25cm | I27: =IF(B27="","",VLOOKUP(AD27,Varsayımlar!B:T,19,0)) -> Barkod üzerine Arnavutça içerik+Barkod-Tortillove | J27: =IF(B27="","",VLOOKUP(AD27,Varsayımlar!$B:$Q,6,0)) -> SADE | K27: 84 | M27: =IFERROR(IF(B27="","",K27/VLOOKUP(AD27,Varsayımlar!B:R,17,0)),"") -> 1 | O27: 2 | P27: =IF(B27="","",VLOOKUP(AD27,Varsayımlar!$B:$Q,7,0)*K27) -> 1512 | Q27: =IF(B27="","",VLOOKUP(AD27,Varsayımlar!$B:$Q,8,0)) -> 25 | R27: =IF(B27="","",VLOOKUP(AD27,Varsayımlar!$B:$Q,9,0)) -> Irak Soft | S27: =IF(B27="","",VLOOKUP(AD27,Varsayımlar!$B:$Q,10,0)) -> 6 | T27: =IF(B27="","",VLOOKUP(AD27,Varsayımlar!$B:$Q,11,0)) -> 18 | U27: =IF(B27="","",VLOOKUP(AD27,Varsayımlar!$B:$Q,12,0)) -> 390 | V27: =IF(B27="","",VLOOKUP(AD27,Varsayımlar!$B:$Q,13,0)) -> Yurtdışı | W27: =IF(B27="","",VLOOKUP(AD27,Varsayımlar!$B:$Q,14,0)) -> 12 | AA27: =IF(B27="","",VLOOKUP(AD27,Varsayımlar!$B:$Q,15,0)) -> 25cm Koli - Tortillove 390g Etiketli | AB27: =IF(B27="","",VLOOKUP(AD27,Varsayımlar!$B:$Q,16,0)) -> 24-26 cm | AC27: =IF(B27="","",VLOOKUP(Sayfa1!AD29,Varsayımlar!B:S,18,0)) -> 0 | AD27: =IF(B27="","",CONCATENATE(B27,E27)) -> ALDİ - KOSOVATortillove 25cm 6pcs 390g
A28: 25. | B28: ALDİ - KOSOVA | C28: =IF(B28="","",VLOOKUP(AD28,Varsayımlar!$B:$Q,3,0)) -> 8698829380698 | E28: Tortillas 25cm 6pcs 390g | F28: 26060101 | H28: =IF(B28="","",VLOOKUP(AD28,Varsayımlar!$B:$Q,5,0)) -> Tortillas 25cm | I28: =IF(B28="","",VLOOKUP(AD28,Varsayımlar!B:T,19,0)) -> Barkod üzerine Arnavutça içerik+Barkod-Tortillas | J28: =IF(B28="","",VLOOKUP(AD28,Varsayımlar!$B:$Q,6,0)) -> SADE | K28: 84 | M28: =IFERROR(IF(B28="","",K28/VLOOKUP(AD28,Varsayımlar!B:R,17,0)),"") -> 1 | O28: 2 | P28: =IF(B28="","",VLOOKUP(AD28,Varsayımlar!$B:$Q,7,0)*K28) -> 1512 | Q28: =IF(B28="","",VLOOKUP(AD28,Varsayımlar!$B:$Q,8,0)) -> 25 | R28: =IF(B28="","",VLOOKUP(AD28,Varsayımlar!$B:$Q,9,0)) -> Irak Soft | S28: =IF(B28="","",VLOOKUP(AD28,Varsayımlar!$B:$Q,10,0)) -> 6 | T28: =IF(B28="","",VLOOKUP(AD28,Varsayımlar!$B:$Q,11,0)) -> 18 | U28: =IF(B28="","",VLOOKUP(AD28,Varsayımlar!$B:$Q,12,0)) -> 390 | V28: =IF(B28="","",VLOOKUP(AD28,Varsayımlar!$B:$Q,13,0)) -> Yurtdışı | W28: =IF(B28="","",VLOOKUP(AD28,Varsayımlar!$B:$Q,14,0)) -> 12 | AA28: =IF(B28="","",VLOOKUP(AD28,Varsayımlar!$B:$Q,15,0)) -> 25cm Koli - Tortillas 390g Etiketli | AB28: =IF(B28="","",VLOOKUP(AD28,Varsayımlar!$B:$Q,16,0)) -> 24-26 cm | AC28: =IF(B28="","",VLOOKUP(Sayfa1!AD30,Varsayımlar!B:S,18,0)) -> 0 | AD28: =IF(B28="","",CONCATENATE(B28,E28)) -> ALDİ - KOSOVATortillas 25cm 6pcs 390g
A29: 26. | B29: ALDİ - KOSOVA | C29: =IF(B29="","",VLOOKUP(AD29,Varsayımlar!$B:$Q,3,0)) -> 8698829380698 | E29: Tortillove 25cm 6pcs 390g | F29: 26060101 | H29: =IF(B29="","",VLOOKUP(AD29,Varsayımlar!$B:$Q,5,0)) -> Tortillove 25cm | I29: =IF(B29="","",VLOOKUP(AD29,Varsayımlar!B:T,19,0)) -> Barkod üzerine Arnavutça içerik+Barkod-Tortillove | J29: =IF(B29="","",VLOOKUP(AD29,Varsayımlar!$B:$Q,6,0)) -> SADE | K29: 168 | M29: =IFERROR(IF(B29="","",K29/VLOOKUP(AD29,Varsayımlar!B:R,17,0)),"") -> 2 | O29: 3 | P29: =IF(B29="","",VLOOKUP(AD29,Varsayımlar!$B:$Q,7,0)*K29) -> 3024 | Q29: =IF(B29="","",VLOOKUP(AD29,Varsayımlar!$B:$Q,8,0)) -> 25 | R29: =IF(B29="","",VLOOKUP(AD29,Varsayımlar!$B:$Q,9,0)) -> Irak Soft | S29: =IF(B29="","",VLOOKUP(AD29,Varsayımlar!$B:$Q,10,0)) -> 6 | T29: =IF(B29="","",VLOOKUP(AD29,Varsayımlar!$B:$Q,11,0)) -> 18 | U29: =IF(B29="","",VLOOKUP(AD29,Varsayımlar!$B:$Q,12,0)) -> 390 | V29: =IF(B29="","",VLOOKUP(AD29,Varsayımlar!$B:$Q,13,0)) -> Yurtdışı | W29: =IF(B29="","",VLOOKUP(AD29,Varsayımlar!$B:$Q,14,0)) -> 12 | AA29: =IF(B29="","",VLOOKUP(AD29,Varsayımlar!$B:$Q,15,0)) -> 25cm Koli - Tortillove 390g Etiketli | AB29: =IF(B29="","",VLOOKUP(AD29,Varsayımlar!$B:$Q,16,0)) -> 24-26 cm | AC29: =IF(B29="","",VLOOKUP(Sayfa1!AD31,Varsayımlar!B:S,18,0)) -> 0 | AD29: =IF(B29="","",CONCATENATE(B29,E29)) -> ALDİ - KOSOVATortillove 25cm 6pcs 390g
A30: 27. | B30: ALDİ - KOSOVA | C30: =IF(B30="","",VLOOKUP(AD30,Varsayımlar!$B:$Q,3,0)) -> 8698829380698 | E30: Tortillas 25cm 6pcs 390g | F30: 26060101 | H30: =IF(B30="","",VLOOKUP(AD30,Varsayımlar!$B:$Q,5,0)) -> Tortillas 25cm | I30: =IF(B30="","",VLOOKUP(AD30,Varsayımlar!B:T,19,0)) -> Barkod üzerine Arnavutça içerik+Barkod-Tortillas | J30: =IF(B30="","",VLOOKUP(AD30,Varsayımlar!$B:$Q,6,0)) -> SADE | K30: 84 | M30: =IFERROR(IF(B30="","",K30/VLOOKUP(AD30,Varsayımlar!B:R,17,0)),"") -> 1 | O30: 2 | P30: =IF(B30="","",VLOOKUP(AD30,Varsayımlar!$B:$Q,7,0)*K30) -> 1512 | Q30: =IF(B30="","",VLOOKUP(AD30,Varsayımlar!$B:$Q,8,0)) -> 25 | R30: =IF(B30="","",VLOOKUP(AD30,Varsayımlar!$B:$Q,9,0)) -> Irak Soft | S30: =IF(B30="","",VLOOKUP(AD30,Varsayımlar!$B:$Q,10,0)) -> 6 | T30: =IF(B30="","",VLOOKUP(AD30,Varsayımlar!$B:$Q,11,0)) -> 18 | U30: =IF(B30="","",VLOOKUP(AD30,Varsayımlar!$B:$Q,12,0)) -> 390 | V30: =IF(B30="","",VLOOKUP(AD30,Varsayımlar!$B:$Q,13,0)) -> Yurtdışı | W30: =IF(B30="","",VLOOKUP(AD30,Varsayımlar!$B:$Q,14,0)) -> 12 | AA30: =IF(B30="","",VLOOKUP(AD30,Varsayımlar!$B:$Q,15,0)) -> 25cm Koli - Tortillas 390g Etiketli | AB30: =IF(B30="","",VLOOKUP(AD30,Varsayımlar!$B:$Q,16,0)) -> 24-26 cm | AC30: =IF(B30="","",VLOOKUP(Sayfa1!AD32,Varsayımlar!B:S,18,0)) -> 0 | AD30: =IF(B30="","",CONCATENATE(B30,E30)) -> ALDİ - KOSOVATortillas 25cm 6pcs 390g
A31: 28. | B31: ALDİ - KOSOVA | C31: =IF(B31="","",VLOOKUP(AD31,Varsayımlar!$B:$Q,3,0)) -> 8698829380698 | E31: Tortillove 25cm 10pcs 650g | F31: 26060101 | H31: =IF(B31="","",VLOOKUP(AD31,Varsayımlar!$B:$Q,5,0)) -> Tortillove 25cm | I31: =IF(B31="","",VLOOKUP(AD31,Varsayımlar!B:T,19,0)) -> Arka kısma Arnavutça içerik-Tortillove | J31: =IF(B31="","",VLOOKUP(AD31,Varsayımlar!$B:$Q,6,0)) -> SADE | K31: 168 | M31: =IFERROR(IF(B31="","",K31/VLOOKUP(AD31,Varsayımlar!B:R,17,0)),"") -> 2 | O31: 3 | P31: =IF(B31="","",VLOOKUP(AD31,Varsayımlar!$B:$Q,7,0)*K31) -> 2016 | Q31: =IF(B31="","",VLOOKUP(AD31,Varsayımlar!$B:$Q,8,0)) -> 25 | R31: =IF(B31="","",VLOOKUP(AD31,Varsayımlar!$B:$Q,9,0)) -> Irak Soft | S31: =IF(B31="","",VLOOKUP(AD31,Varsayımlar!$B:$Q,10,0)) -> 10 | T31: =IF(B31="","",VLOOKUP(AD31,Varsayımlar!$B:$Q,11,0)) -> 12 | U31: =IF(B31="","",VLOOKUP(AD31,Varsayımlar!$B:$Q,12,0)) -> 650 | V31: =IF(B31="","",VLOOKUP(AD31,Varsayımlar!$B:$Q,13,0)) -> Yurtdışı | W31: =IF(B31="","",VLOOKUP(AD31,Varsayımlar!$B:$Q,14,0)) -> 12 | AA31: =IF(B31="","",VLOOKUP(AD31,Varsayımlar!$B:$Q,15,0)) -> 25cm Koli - Tortillove 650g Etiketli | AB31: =IF(B31="","",VLOOKUP(AD31,Varsayımlar!$B:$Q,16,0)) -> 24-26 cm | AC31: =IF(B31="","",VLOOKUP(Sayfa1!AD33,Varsayımlar!B:S,18,0)) -> 0 | AD31: =IF(B31="","",CONCATENATE(B31,E31)) -> ALDİ - KOSOVATortillove 25cm 10pcs 650g
A32: 29. | B32: ALDİ - KOSOVA | C32: =IF(B32="","",VLOOKUP(AD32,Varsayımlar!$B:$Q,3,0)) -> 8698829380698 | E32: Tortillas 25cm 10pcs 650g | F32: 26060101 | H32: =IF(B32="","",VLOOKUP(AD32,Varsayımlar!$B:$Q,5,0)) -> Tortillas 25cm | I32: =IF(B32="","",VLOOKUP(AD32,Varsayımlar!B:T,19,0)) -> Arka kısma Arnavutça içerik-Tortillas | J32: =IF(B32="","",VLOOKUP(AD32,Varsayımlar!$B:$Q,6,0)) -> SADE | K32: 84 | M32: =IFERROR(IF(B32="","",K32/VLOOKUP(AD32,Varsayımlar!B:R,17,0)),"") -> 1 | O32: 2 | P32: =IF(B32="","",VLOOKUP(AD32,Varsayımlar!$B:$Q,7,0)*K32) -> 1008 | Q32: =IF(B32="","",VLOOKUP(AD32,Varsayımlar!$B:$Q,8,0)) -> 25 | R32: =IF(B32="","",VLOOKUP(AD32,Varsayımlar!$B:$Q,9,0)) -> Irak Soft | S32: =IF(B32="","",VLOOKUP(AD32,Varsayımlar!$B:$Q,10,0)) -> 10 | T32: =IF(B32="","",VLOOKUP(AD32,Varsayımlar!$B:$Q,11,0)) -> 12 | U32: =IF(B32="","",VLOOKUP(AD32,Varsayımlar!$B:$Q,12,0)) -> 650 | V32: =IF(B32="","",VLOOKUP(AD32,Varsayımlar!$B:$Q,13,0)) -> Yurtdışı | W32: =IF(B32="","",VLOOKUP(AD32,Varsayımlar!$B:$Q,14,0)) -> 12 | AA32: =IF(B32="","",VLOOKUP(AD32,Varsayımlar!$B:$Q,15,0)) -> 25cm Koli - Tortillas 650g Etiketli | AB32: =IF(B32="","",VLOOKUP(AD32,Varsayımlar!$B:$Q,16,0)) -> 24-26 cm | AC32: =IF(B32="","",VLOOKUP(Sayfa1!AD34,Varsayımlar!B:S,18,0)) -> 0 | AD32: =IF(B32="","",CONCATENATE(B32,E32)) -> ALDİ - KOSOVATortillas 25cm 10pcs 650g
A33: 30. | B33: UNITERA-KAZAKİSTAN | C33: =IF(B33="","",VLOOKUP(AD33,Varsayımlar!$B:$Q,3,0)) -> 8698829380698 | E33: Tortillas 25cm Tam Buğday 6pcs 390g | F33: 20201016 | G33: KAREKODSUZ ÜRETİLECEK | H33: =IF(B33="","",VLOOKUP(AD33,Varsayımlar!$B:$Q,5,0)) -> Tortillas 25cm Tam Buğday | I33: =IF(B33="","",VLOOKUP(AD33,Varsayımlar!B:T,19,0)) -> Arka kısma İçerik | J33: =IF(B33="","",VLOOKUP(AD33,Varsayımlar!$B:$Q,6,0)) -> Tam Buğdaylı | K33: 250 | M33: =IFERROR(IF(B33="","",K33/VLOOKUP(AD33,Varsayımlar!B:R,17,0)),"") -> 5 | O33: 4 | P33: =IF(B33="","",VLOOKUP(AD33,Varsayımlar!$B:$Q,7,0)*K33) -> 4500 | Q33: =IF(B33="","",VLOOKUP(AD33,Varsayımlar!$B:$Q,8,0)) -> 25 | R33: =IF(B33="","",VLOOKUP(AD33,Varsayımlar!$B:$Q,9,0)) -> Irak Soft | S33: =IF(B33="","",VLOOKUP(AD33,Varsayımlar!$B:$Q,10,0)) -> 6 | T33: =IF(B33="","",VLOOKUP(AD33,Varsayımlar!$B:$Q,11,0)) -> 18 | U33: =IF(B33="","",VLOOKUP(AD33,Varsayımlar!$B:$Q,12,0)) -> 390 | V33: =IF(B33="","",VLOOKUP(AD33,Varsayımlar!$B:$Q,13,0)) -> YURTDIŞI | W33: =IF(B33="","",VLOOKUP(AD33,Varsayımlar!$B:$Q,14,0)) -> 9 | AA33: =IF(B33="","",VLOOKUP(AD33,Varsayımlar!$B:$Q,15,0)) -> 25cm Koli-Kazakça Etiketli | AB33: =IF(B33="","",VLOOKUP(AD33,Varsayımlar!$B:$Q,16,0)) -> 24-26 cm | AC33: =IF(B33="","",VLOOKUP(Sayfa1!AD40,Varsayımlar!B:S,18,0)) -> 80x120cm | AD33: =IF(B33="","",CONCATENATE(B33,E33)) -> UNITERA-KAZAKİSTANTortillas 25cm Tam Buğday 6pcs 390g
A34: 31. | B34: UNITERA-KAZAKİSTAN | C34: =IF(B34="","",VLOOKUP(AD34,Varsayımlar!$B:$Q,3,0)) -> 8698829380698 | E34: Tortillas 20cm Sade 6pcs 270g | F34: 20201016 | G34: KAREKODSUZ ÜRETİLECEK | H34: =IF(B34="","",VLOOKUP(AD34,Varsayımlar!$B:$Q,5,0)) -> Tortillas 20cm Sade | I34: =IF(B34="","",VLOOKUP(AD34,Varsayımlar!B:T,19,0)) -> Arka kısma İçerik | J34: =IF(B34="","",VLOOKUP(AD34,Varsayımlar!$B:$Q,6,0)) -> SADE | K34: 300 | M34: =IFERROR(IF(B34="","",K34/VLOOKUP(AD34,Varsayımlar!B:R,17,0)),"") -> 3 | O34: 5 | P34: =IF(B34="","",VLOOKUP(AD34,Varsayımlar!$B:$Q,7,0)*K34) -> 5400 | Q34: =IF(B34="","",VLOOKUP(AD34,Varsayımlar!$B:$Q,8,0)) -> 20 | R34: =IF(B34="","",VLOOKUP(AD34,Varsayımlar!$B:$Q,9,0)) -> Irak Soft | S34: =IF(B34="","",VLOOKUP(AD34,Varsayımlar!$B:$Q,10,0)) -> 6 | T34: =IF(B34="","",VLOOKUP(AD34,Varsayımlar!$B:$Q,11,0)) -> 18 | U34: =IF(B34="","",VLOOKUP(AD34,Varsayımlar!$B:$Q,12,0)) -> 270 | V34: =IF(B34="","",VLOOKUP(AD34,Varsayımlar!$B:$Q,13,0)) -> YURTDIŞI | W34: =IF(B34="","",VLOOKUP(AD34,Varsayımlar!$B:$Q,14,0)) -> 9 | AA34: =IF(B34="","",VLOOKUP(AD34,Varsayımlar!$B:$Q,15,0)) -> 20cm Koli | AB34: =IF(B34="","",VLOOKUP(AD34,Varsayımlar!$B:$Q,16,0)) -> 19-21cm | AC34: =IF(B34="","",VLOOKUP(Sayfa1!AD41,Varsayımlar!B:S,18,0)) -> 80x120cm | AD34: =IF(B34="","",CONCATENATE(B34,E34)) -> UNITERA-KAZAKİSTANTortillas 20cm Sade 6pcs 270g
A35: 32. | B35: UNITERA-KAZAKİSTAN | C35: =IF(B35="","",VLOOKUP(AD35,Varsayımlar!$B:$Q,3,0)) -> 8698829380698 | E35: Kırmızı Tortillas 25cm Sade 6pcs 390g | F35: 20201016 | G35: KAREKODSUZ ÜRETİLECEK | H35: =IF(B35="","",VLOOKUP(AD35,Varsayımlar!$B:$Q,5,0)) -> Kırmızı Tortillas 25cm Sade | I35: =IF(B35="","",VLOOKUP(AD35,Varsayımlar!B:T,19,0)) -> Arka kısma İçerik | J35: =IF(B35="","",VLOOKUP(AD35,Varsayımlar!$B:$Q,6,0)) -> SADE | K35: 250 | M35: =IFERROR(IF(B35="","",K35/VLOOKUP(AD35,Varsayımlar!B:R,17,0)),"") -> 5 | O35: 4 | P35: =IF(B35="","",VLOOKUP(AD35,Varsayımlar!$B:$Q,7,0)*K35) -> 4500 | Q35: =IF(B35="","",VLOOKUP(AD35,Varsayımlar!$B:$Q,8,0)) -> 25 | R35: =IF(B35="","",VLOOKUP(AD35,Varsayımlar!$B:$Q,9,0)) -> Irak Soft | S35: =IF(B35="","",VLOOKUP(AD35,Varsayımlar!$B:$Q,10,0)) -> 6 | T35: =IF(B35="","",VLOOKUP(AD35,Varsayımlar!$B:$Q,11,0)) -> 18 | U35: =IF(B35="","",VLOOKUP(AD35,Varsayımlar!$B:$Q,12,0)) -> 390 | V35: =IF(B35="","",VLOOKUP(AD35,Varsayımlar!$B:$Q,13,0)) -> YURTDIŞI | W35: =IF(B35="","",VLOOKUP(AD35,Varsayımlar!$B:$Q,14,0)) -> 9 | AA35: =IF(B35="","",VLOOKUP(AD35,Varsayımlar!$B:$Q,15,0)) -> 25cm Koli | AB35: =IF(B35="","",VLOOKUP(AD35,Varsayımlar!$B:$Q,16,0)) -> 24-26 cm | AC35: =IF(B35="","",VLOOKUP(Sayfa1!AD42,Varsayımlar!B:S,18,0)) -> 80x120cm | AD35: =IF(B35="","",CONCATENATE(B35,E35)) -> UNITERA-KAZAKİSTANKırmızı Tortillas 25cm Sade 6pcs 390g
A36: 33. | B36: TASTE LAND-BULGARİSTAN | C36: =IF(B36="","",VLOOKUP(AD36,Varsayımlar!$B:$Q,3,0)) -> 8698829380698 | D36: 3. ARAÇ | E36: Tortillas 30cm Tam Buğday 18pcs 1620g | F36: 26042908-2 | H36: =IF(B36="","",VLOOKUP(AD36,Varsayımlar!$B:$Q,5,0)) -> Tortillas 30cm Tam Buğday | I36: =IF(B36="","",VLOOKUP(AD36,Varsayımlar!B:T,19,0)) -> Barkod üzerine-Bulgarca Barkodlu TB içerik etiketi (029) | J36: =IF(B36="","",VLOOKUP(AD36,Varsayımlar!$B:$Q,6,0)) -> Tam Buğdaylı | K36: 60 | M36: =IFERROR(IF(B36="","",K36/VLOOKUP(AD36,Varsayımlar!B:R,17,0)),"") -> 1 | O36: 1 | P36: =IF(B36="","",VLOOKUP(AD36,Varsayımlar!$B:$Q,7,0)*K36) -> 360 | Q36: =IF(B36="","",VLOOKUP(AD36,Varsayımlar!$B:$Q,8,0)) -> 30 | R36: =IF(B36="","",VLOOKUP(AD36,Varsayımlar!$B:$Q,9,0)) -> Irak Soft | S36: =IF(B36="","",VLOOKUP(AD36,Varsayımlar!$B:$Q,10,0)) -> 18 | T36: =IF(B36="","",VLOOKUP(AD36,Varsayımlar!$B:$Q,11,0)) -> 6 | U36: =IF(B36="","",VLOOKUP(AD36,Varsayımlar!$B:$Q,12,0)) -> 1620 | V36: =IF(B36="","",VLOOKUP(AD36,Varsayımlar!$B:$Q,13,0)) -> Yurtdışı | W36: =IF(B36="","",VLOOKUP(AD36,Varsayımlar!$B:$Q,14,0)) -> 9 | AA36: =IF(B36="","",VLOOKUP(AD36,Varsayımlar!$B:$Q,15,0)) -> 30cm Lacivert Koli- Bulgarca TB Etiket | AB36: =IF(B36="","",VLOOKUP(AD36,Varsayımlar!$B:$Q,16,0)) -> 29-31 cm | AC36: =IF(B36="","",VLOOKUP(Sayfa1!AD20,Varsayımlar!B:S,18,0)) -> 95x130cm | AD36: =IF(B36="","",CONCATENATE(B36,E36)) -> TASTE LAND-BULGARİSTANTortillas 30cm Tam Buğday 18pcs 1620g
A37: 34. | B37: TASTE LAND-BULGARİSTAN | C37: =IF(B37="","",VLOOKUP(AD37,Varsayımlar!$B:$Q,3,0)) -> 8698829380698 | D37: 3. ARAÇ | E37: Tortillas 20cm Sade 6pcs 270g | F37: 26042908-2 | H37: =IF(B37="","",VLOOKUP(AD37,Varsayımlar!$B:$Q,5,0)) -> Tortillas 20cm Sade | I37: =IF(B37="","",VLOOKUP(AD37,Varsayımlar!B:T,19,0)) -> Barkod üzerine Barkod Etiketi (104) | J37: =IF(B37="","",VLOOKUP(AD37,Varsayımlar!$B:$Q,6,0)) -> SADE | K37: 120 | M37: =IFERROR(IF(B37="","",K37/VLOOKUP(AD37,Varsayımlar!B:R,17,0)),"") -> 1 | O37: 2 | P37: =IF(B37="","",VLOOKUP(AD37,Varsayımlar!$B:$Q,7,0)*K37) -> 2160 | Q37: =IF(B37="","",VLOOKUP(AD37,Varsayımlar!$B:$Q,8,0)) -> 20 | R37: =IF(B37="","",VLOOKUP(AD37,Varsayımlar!$B:$Q,9,0)) -> Irak Soft | S37: =IF(B37="","",VLOOKUP(AD37,Varsayımlar!$B:$Q,10,0)) -> 6 | T37: =IF(B37="","",VLOOKUP(AD37,Varsayımlar!$B:$Q,11,0)) -> 18 | U37: =IF(B37="","",VLOOKUP(AD37,Varsayımlar!$B:$Q,12,0)) -> 270 | V37: =IF(B37="","",VLOOKUP(AD37,Varsayımlar!$B:$Q,13,0)) -> Yurtdışı | W37: =IF(B37="","",VLOOKUP(AD37,Varsayımlar!$B:$Q,14,0)) -> 9 | AA37: =IF(B37="","",VLOOKUP(AD37,Varsayımlar!$B:$Q,15,0)) -> 20cm Lacivert-Bulgarca Etiket | AB37: =IF(B37="","",VLOOKUP(AD37,Varsayımlar!$B:$Q,16,0)) -> 19-21 cm | AC37: =IF(B37="","",VLOOKUP(Sayfa1!AD21,Varsayımlar!B:S,18,0)) -> 100x120cm-Epal+Epal | AD37: =IF(B37="","",CONCATENATE(B37,E37)) -> TASTE LAND-BULGARİSTANTortillas 20cm Sade 6pcs 270g
A38: 35. | B38: LAIKYUZHN-BELARUS | C38: =IF(B38="","",VLOOKUP(AD38,Varsayımlar!$B:$Q,3,0)) -> 8698829380698 | D38: 2. ARAÇ | E38: Tortillas 25cm Sade 4pcs 240g | F38: 20252825-2 | G38: KAREKODSUZ ÜRETİLECEK | H38: =IF(B38="","",VLOOKUP(AD38,Varsayımlar!$B:$Q,5,0)) -> Tortillas 25cm Sade | I38: =IF(B38="","",VLOOKUP(AD38,Varsayımlar!B:T,19,0)) -> 0 | J38: =IF(B38="","",VLOOKUP(AD38,Varsayımlar!$B:$Q,6,0)) -> SADE | K38: 420 | M38: =IFERROR(IF(B38="","",K38/VLOOKUP(AD38,Varsayımlar!B:R,17,0)),"") -> 5 | O38: 7 | P38: =IF(B38="","",VLOOKUP(AD38,Varsayımlar!$B:$Q,7,0)*K38) -> 12600 | Q38: =IF(B38="","",VLOOKUP(AD38,Varsayımlar!$B:$Q,8,0)) -> 25 | R38: =IF(B38="","",VLOOKUP(AD38,Varsayımlar!$B:$Q,9,0)) -> Soft-PA3 | S38: =IF(B38="","",VLOOKUP(AD38,Varsayımlar!$B:$Q,10,0)) -> 4 | T38: =IF(B38="","",VLOOKUP(AD38,Varsayımlar!$B:$Q,11,0)) -> 30 | U38: =IF(B38="","",VLOOKUP(AD38,Varsayımlar!$B:$Q,12,0)) -> 240 | V38: =IF(B38="","",VLOOKUP(AD38,Varsayımlar!$B:$Q,13,0)) -> Yurtdışı | W38: =IF(B38="","",VLOOKUP(AD38,Varsayımlar!$B:$Q,14,0)) -> 12 | AA38: =IF(B38="","",VLOOKUP(AD38,Varsayımlar!$B:$Q,15,0)) -> 25cm Kolisi-Etiketli | AB38: =IF(B38="","",VLOOKUP(AD38,Varsayımlar!$B:$Q,16,0)) -> 24-26 cm (Macca Hetto Inkjet Uzun Tarih) | AC38: =IF(B38="","",VLOOKUP(Sayfa1!AD35,Varsayımlar!B:S,18,0)) -> 80x120cm | AD38: =IF(B38="","",CONCATENATE(B38,E38)) -> LAIKYUZHN-BELARUSTortillas 25cm Sade 4pcs 240g
