Workbook

Sheet Varsayımlar
B3: Birleştir | C3: Firma | D3: GTIN Kodu | E3: PRODUCT NAME / ÜRÜN ADI | F3: AMBALAJ | G3: CİNSİ | H3: Koli İçi | I3: ÇAP | J3: FORMÜL | K3: PAKET İÇİ | L3: KOLİ İÇİ | M3: PAKET GRAMAJI | N3: TARİH | O3: SKT/AY | P3: KOLİ / TARİH | Q3: AÇIKLAMALAR | R3: PALET KOLİ SAYISI | S3: PALET ÖLÇÜ | T3: AMBALAJ ETİKETİ
B4: =IF(C4="","",CONCATENATE(C4,E4)) -> LLC TRİTONMUTLUKAL WHEAT TORTILLA | C4: LLC TRİTON | D4: 8698829380698 | E4: MUTLUKAL WHEAT TORTILLA | F4: TORTİLLAS 25 CM 4 PCS 260G | G4: SADE | H4: 30 | I4: 25 | J4: SOFT | K4: 4 | L4: 30 | M4: 260 | N4: YURTDIŞI | O4: 6 | P4: TRİTON -SKT ATILACAK | Q4: 24-26 CM | R4: 84
B5: =IF(C5="","",CONCATENATE(C5,E5)) -> GERMESHANAMİ GERMES 25CM SADE 250G | C5: GERMES | D5: 8698829380698 | E5: HANAMİ GERMES 25CM SADE 250G | F5: HANAMİ 25 CM SADE (081) | G5: SADE | H5: 30 | I5: 25 | J5: IRAK SOFT | K5: 4 | L5: 30 | M5: 250 | N5: YURTDIŞI | O5: 9 | P5: HANAMİ MAVİ - ÜRETİM ATILACAK | Q5: 24-26 CM | R5: 84 | T5: Ambalaj kaç aylık kontrol?
B6: =IF(C6="","",CONCATENATE(C6,E6)) -> GERMESKırmızı Tortillas-Germes-25cm 375g | C6: GERMES | D6: 8698829380698 | E6: Kırmızı Tortillas-Germes-25cm 375g | F6: KIRMIZI TORTİLLAS 25 CM | G6: SADE | H6: 18 | I6: 25 | J6: IRAK SOFT | K6: 6 | L6: 18 | M6: 375 | N6: YURTDIŞI | O6: 9 | P6: KIRMIZI - ÜRETİM TARİHLİ ETİKET | Q6: 24-26 CM | R6: 84 | T6: BARKOD ETİKETİ
B7: =IF(C7="","",CONCATENATE(C7,E7)) -> LLC KOTORMANETKA PEYNİRLİ 25CM | C7: LLC KOTOR | D7: 8698829380698 | E7: MANETKA PEYNİRLİ 25CM | F7: MANETKA PEYNİRLİ 25 CM | G7: PEYNİRLİ | H7: 30 | I7: 25 | J7: SOFT-AT | K7: 4 | L7: 30 | M7: 250 | N7: YURTDIŞI | O7: 6 | P7: KIRMIZI KOLİ-TARİHLİ KOLİ ETİKETİ | Q7: 24-26 CM | R7: 78
B8: =IF(C8="","",CONCATENATE(C8,E8)) -> MAGNİTMAGNİT MAVİ AMBALAJ 25 CM 260G | C8: MAGNİT | D8: 8698829380698 | E8: MAGNİT MAVİ AMBALAJ 25 CM 260G | F8: MAGNİT MAVİ AMBALAJ 25CM | G8: SADE | H8: 30 | I8: 25 | J8: SOFT | K8: 4 | L8: 30 | M8: 260 | N8: YURTDIŞI | O8: 9 | P8: 25CM TURUNCU KOLİ-SOL ÜST DİKDÖRTGENE ÜRETİM TARİHİ BASILACAK | Q8: 24-26 CM | R8: 84
B9: =IF(C9="","",CONCATENATE(C9,E9)) -> GERMESHANAMİ PEYNİRLİ 25 CM 250G | C9: GERMES | D9: 8698829380698 | E9: HANAMİ PEYNİRLİ 25 CM 250G | F9: HANAMİ PEYNİRLİ 25CM AMBALAJ (098) | G9: PEYNİRLİ | H9: 30 | I9: 25 | J9: IRAK SOFT-AT | K9: 4 | L9: 30 | M9: 250 | N9: YURTDIŞI | O9: 9 | P9: HANAMİ SARI KOLİ-ÜRETİM TARİHİ BASILACAK | Q9: 24-26 CM | R9: 84 | T9: Ambalaj kaç aylık kontrol?
B10: =IF(C10="","",CONCATENATE(C10,E10)) -> SMART LLCTORTİLLAS SAMAKAT 20CM 166G | C10: SMART LLC | D10: 8698829380698 | E10: TORTİLLAS SAMAKAT 20CM 166G | F10: TORTİLLAS 20CM (SAMAKAT BİLGİLERİ EKLİ) | G10: SADE | H10: 14 | I10: 20 | J10: IRAK SOFT | K10: 4 | L10: 14 | M10: 166 | N10: YURTDIŞI | O10: 9 | P10: SİYAH KARE KOLİ- Üretim Tarihi Etiketli | Q10: 19-21 CM | R10: 225
B11: =IF(C11="","",CONCATENATE(C11,E11)) -> LLC KOTORMANETKA SADE 20CM 166G | C11: LLC KOTOR | D11: 8698829380698 | E11: MANETKA SADE 20CM 166G | F11: MANETKA SADE 20CM 166G | G11: SADE | H11: 14 | I11: 20 | J11: IRAK SOFT | K11: 4 | L11: 14 | M11: 166 | N11: YURTDIŞI | O11: 6 | P11: SİYAH KARE KOLİ-ÜRETİM TARİHLİ ETİKET | Q11: 19-21 CM | R11: 225
B12: =IF(C12="","",CONCATENATE(C12,E12)) -> Maydonoz DönerMutlukal Tortillas 15cm 250g | C12: Maydonoz Döner | D12: 8698829380698 | E12: Mutlukal Tortillas 15cm 250g | F12: Mutlukal Tortillas 15cm | G12: SADE | H12: 10 | I12: 12 | J12: IRAK SOFT | K12: 10 | L12: 12 | M12: 250 | N12: YURTİÇİ | O12: 6 | P12: 15CM KOLİ | Q12: KESME-33-35G BEZE, KESİLMEMİŞ 16-18CM, 320-330G- KESİLMİŞ 245-250G | R12: 96
B13: =IF(C13="","",CONCATENATE(C13,E13)) -> Şok MarketTaco 15 cm 6 lı 150 g | C13: Şok Market | D13: 8698829380698 | E13: Taco 15 cm 6 lı 150 g | F13: Taco 15 cm | G13: SADE | H13: 18 | I13: 15 | J13: SOFT-PA3 | K13: 6 | L13: 18 | M13: 250 | N13: YURTİÇİ | O13: 6 | P13: 15 CM KOLİ | Q13: 14-16 CM | R13: 60
B14: =IF(C14="","",CONCATENATE(C14,E14)) -> Aylin KartonHappylla 25 cm 10 lu 650g | C14: Aylin Karton | D14: 8698829380698 | E14: Happylla 25 cm 10 lu 650g | F14: Happylla 25cm (060) | G14: SADE | H14: 12 | I14: 25 | J14: Irak soft | K14: 10 | L14: 12 | M14: 650 | N14: Yurtiçi | O14: 6 | P14: Kırmızı Koli-Etiketli | Q14: 24-26 cm | R14: 50
B15: =IF(C15="","",CONCATENATE(C15,E15)) -> SMART LLCKırmızı tortillas 25cm 4 lü 250g | C15: SMART LLC | D15: 8698829380698 | E15: Kırmızı tortillas 25cm 4 lü 250g | F15: Kırmızı Tortillas 25 cm | G15: SADE | H15: 30 | I15: 25 | J15: Soft | K15: 4 | L15: 30 | M15: 250 | N15: Yurtdışı | O15: 9 | P15: Kırmızı Koli- Üretim Tarihi Etiketli | Q15: 24-26 CM | R15: 84
B16: =IF(C16="","",CONCATENATE(C16,E16)) -> Şok MarketBisto 25 cm 12 pcs 840g | C16: Şok Market | D16: 8698829380698 | E16: Bisto 25 cm 12 pcs 840g | F16: Bisto 25 cm | G16: SADE | H16: 12 | I16: 25 | J16: Standart | K16: 12 | L16: 12 | M16: 840 | N16: Yurtiçi | O16: 6 | P16: Bisto Kolisi | Q16: 24-26 Cm | R16: 48
B17: =IF(C17="","",CONCATENATE(C17,E17)) -> A101Nimet 25cm 12 pcs 840g | C17: A101 | D17: 8698829380698 | E17: Nimet 25cm 12 pcs 840g | F17: Nimet 25 cm | G17: SADE | H17: 12 | I17: 25 | J17: Standart | K17: 12 | L17: 12 | M17: 840 | N17: YURTİÇİ | O17: 5 | P17: Nimet Kolisi | Q17: 24-26 CM | R17: 50
B18: =IF(C18="","",CONCATENATE(C18,E18)) -> SultanoğluTortillove 25 cm 8pcs 520g | C18: Sultanoğlu | D18: 8698829380698 | E18: Tortillove 25 cm 8pcs 520g | F18: Tortillove 25 cm | G18: SADE | H18: 14 | I18: 25 | J18: Irak Soft | K18: 8 | L18: 14 | M18: 520 | N18: YURTİÇİ | O18: 6 | P18: Kırmızı Koli | Q18: 24-26 cm
B19: =IF(C19="","",CONCATENATE(C19,E19)) -> KopuzMutlukal Tortillas 30cm 950g | C19: Kopuz | D19: 8698829380698 | E19: Mutlukal Tortillas 30cm 950g | F19: Mutlukal tortillas 30cm | G19: SADE | H19: 12 | I19: 30 | J19: Irak Soft | K19: 10 | L19: 12 | M19: 950 | N19: Yurtiçi | O19: 6 | P19: Mavi Koli | Q19: 29-31 Cm
B20: =IF(C20="","",CONCATENATE(C20,E20)) -> GERMESHanami 20cm sade 4pcs 166g | C20: GERMES | D20: 8698829380698 | E20: Hanami 20cm sade 4pcs 166g | F20: Hanami 20cm Sade 4 pcs 166g (067) | G20: SADE | H20: 30 | I20: 20 | J20: Irak Soft | K20: 4 | L20: 30 | M20: 166 | N20: Yurtdışı | O20: 9 | P20: Hanami Mavi Koli -Üretim Tarihi+9 AYI KAPATACAK ETİKETLİ | Q20: 19-21 cm | R20: 140 | T20: Ambalaj kaç aylık kontrol?
B21: =IF(C21="","",CONCATENATE(C21,E21)) -> GERMESTortillas 20cm 4 lü 166g | C21: GERMES | D21: 8698829380698 | E21: Tortillas 20cm 4 lü 166g | F21: Tortillas 20cm (Etiketli) | G21: SADE | H21: 30 | I21: 20 | J21: Irak soft | K21: 4 | L21: 30 | M21: 166 | N21: Yurtdışı | O21: 9 | P21: 20cm Koli-Üretim Tarihli Etiket | Q21: 19-21 cm | R21: 140 | T21: Etiketli
B22: =IF(C22="","",CONCATENATE(C22,E22)) -> GERMESHanami Peynirli 20cm 4 lü 166g | C22: GERMES | D22: 8698829380698 | E22: Hanami Peynirli 20cm 4 lü 166g | F22: Hanami Peynirli 20cm (050) | G22: PEYNİRLİ | H22: 30 | I22: 20 | J22: Irak Soft-AT | K22: 4 | L22: 30 | M22: 166 | N22: YURTDIŞI | O22: 9 | P22: HANAMİ SARI KOLİ-ÜRETİM TARİHİ BASILACAK | Q22: 19-21 CM | R22: 140 | T22: Ambalaj kaç aylık kontrol?
B23: =IF(C23="","",CONCATENATE(C23,E23)) -> LLC KOTORManetka 20cm 4 pcs 166g | C23: LLC KOTOR | D23: 8698829380698 | E23: Manetka 20cm 4 pcs 166g | F23: Manetka 20cm | G23: SADE | H23: 14 | I23: 20 | J23: Irak Soft | K23: 4 | L23: 14 | M23: 166 | N23: YURTDIŞI | O23: 6 | P23: Kare Koli-Üretim Tarihli Etiket | Q23: 19-21 cm | R23: 225
B24: =IF(C24="","",CONCATENATE(C24,E24)) -> SMART LLCTortillas 20cm Peynirli 4pcs 166g | C24: SMART LLC | D24: 8698829380698 | E24: Tortillas 20cm Peynirli 4pcs 166g | F24: Tortillas 20cm (Samakat Bilgileri Ekli) | G24: PEYNİRLİ | H24: 14 | I24: 20 | J24: IRAK SOFT-AT | K24: 4 | L24: 14 | M24: 166 | N24: YURTDIŞI | O24: 9 | P24: Kare Koli-Üretim Tarihli Etiket | Q24: 19-21 cm | R24: 225
B25: =IF(C25="","",CONCATENATE(C25,E25)) -> EYALRimini 20 cm 8 pcs 360g | C25: EYAL | D25: 8698829380698 | E25: Rimini 20 cm 8 pcs 360g | F25: Rimini 20cm | G25: SADE | H25: 14 | I25: 20 | J25: Irak soft | K25: 8 | L25: 14 | M25: 360 | N25: YURTDIŞI | P25: 20cm koli-İbranice Etiket | Q25: 19-21 cm | R25: 120
B26: =IF(C26="","",CONCATENATE(C26,E26)) -> ALDİ - KOSOVATortillove 30cm 10pcs 900g | C26: ALDİ - KOSOVA | D26: 8698829380698 | E26: Tortillove 30cm 10pcs 900g | F26: Tortillove 30cm | G26: SADE | H26: 12 | I26: 30 | J26: Irak Soft | K26: 10 | L26: 12 | M26: 900 | N26: Yurtdışı | O26: 12 | P26: 30cm Koli - Tortillove 900g Etiketli | Q26: 29-31 cm | R26: 50 | T26: Arka kısma Arnavutça içerik-Tortillove
B27: =IF(C27="","",CONCATENATE(C27,E27)) -> ALDİ - KOSOVATortillas 30cm 10pcs 900g | C27: ALDİ - KOSOVA | D27: 8698829380698 | E27: Tortillas 30cm 10pcs 900g | F27: Tortillas 30cm | G27: SADE | H27: 12 | I27: 30 | J27: Irak Soft | K27: 10 | L27: 12 | M27: 900 | N27: Yurtdışı | O27: 12 | P27: 30cm Koli - Tortillas 900g Etiketli | Q27: 29-31 cm | R27: 50 | T27: Arka kısma Arnavutça içerik-Tortillas
B28: =IF(C28="","",CONCATENATE(C28,E28)) -> ALDİ - KOSOVATortillove 25cm 6pcs 390g | C28: ALDİ - KOSOVA | D28: 8698829380698 | E28: Tortillove 25cm 6pcs 390g | F28: Tortillove 25cm | G28: SADE | H28: 18 | I28: 25 | J28: Irak Soft | K28: 6 | L28: 18 | M28: 390 | N28: Yurtdışı | O28: 12 | P28: 25cm Koli - Tortillove 390g Etiketli | Q28: 24-26 cm | R28: 84 | T28: Barkod üzerine Arnavutça içerik+Barkod-Tortillove
B29: =IF(C29="","",CONCATENATE(C29,E29)) -> ALDİ - KOSOVATortillas 25cm 6pcs 390g | C29: ALDİ - KOSOVA | D29: 8698829380698 | E29: Tortillas 25cm 6pcs 390g | F29: Tortillas 25cm | G29: SADE | H29: 18 | I29: 25 | J29: Irak Soft | K29: 6 | L29: 18 | M29: 390 | N29: Yurtdışı | O29: 12 | P29: 25cm Koli - Tortillas 390g Etiketli | Q29: 24-26 cm | R29: 84 | T29: Barkod üzerine Arnavutça içerik+Barkod-Tortillas
B30: =IF(C30="","",CONCATENATE(C30,E30)) -> ALDİ - KOSOVATortillove 25cm TB 6pcs 390g | C30: ALDİ - KOSOVA | D30: 8698829380698 | E30: Tortillove 25cm TB 6pcs 390g | F30: Tortillove Tam Buğday 25cm | G30: Tam Buğdaylı | H30: 18 | I30: 25 | J30: Irak Soft | K30: 6 | L30: 18 | M30: 390 | N30: Yurtdışı | O30: 12 | P30: 25cm Koli - Tortillove 390g TB Etiketli | Q30: 24-26 cm | R30: 84 | T30: Barkod üzerine Arnavutça TB içerik+Barkod-Tortillove
B31: =IF(C31="","",CONCATENATE(C31,E31)) -> ALDİ - KOSOVATortillas 25cm TB 6pcs 390g | C31: ALDİ - KOSOVA | D31: 8698829380698 | E31: Tortillas 25cm TB 6pcs 390g | F31: Tortillas Tam Buğday 25cm | G31: Tam Buğdaylı | H31: 18 | I31: 25 | J31: Irak Soft | K31: 6 | L31: 18 | M31: 390 | N31: Yurtdışı | O31: 12 | P31: 25cm Koli - Tortillas 390g TB Etiketli | Q31: 24-26 cm | R31: 84 | T31: Barkod üzerine Arnavutça TB içerik+Barkod-Tortillas
B32: =IF(C32="","",CONCATENATE(C32,E32)) -> ALDİ - KOSOVATortillove 25cm 10pcs 650g | C32: ALDİ - KOSOVA | D32: 8698829380698 | E32: Tortillove 25cm 10pcs 650g | F32: Tortillove 25cm | G32: SADE | H32: 12 | I32: 25 | J32: Irak Soft | K32: 10 | L32: 12 | M32: 650 | N32: Yurtdışı | O32: 12 | P32: 25cm Koli - Tortillove 650g Etiketli | Q32: 24-26 cm | R32: 84 | T32: Arka kısma Arnavutça içerik-Tortillove
B33: =IF(C33="","",CONCATENATE(C33,E33)) -> ALDİ - KOSOVATortillas 25cm 10pcs 650g | C33: ALDİ - KOSOVA | D33: 8698829380698 | E33: Tortillas 25cm 10pcs 650g | F33: Tortillas 25cm | G33: SADE | H33: 12 | I33: 25 | J33: Irak Soft | K33: 10 | L33: 12 | M33: 650 | N33: Yurtdışı | O33: 12 | P33: 25cm Koli - Tortillas 650g Etiketli | Q33: 24-26 cm | R33: 84 | T33: Arka kısma Arnavutça içerik-Tortillas
B34: =IF(C34="","",CONCATENATE(C34,E34)) -> ALDİ - KOSOVAPizza-6 26cm 4pcs 480g | C34: ALDİ - KOSOVA | D34: 8698829380698 | E34: Pizza-6 26cm 4pcs 480g | F34: Pizza-6 26 cm | G34: SADE | H34: 6 | I34: 26 | J34: Irak Soft | K34: 4 | L34: 6 | M34: 480 | N34: YURTDIŞI | O34: 12 | P34: Pizza kolisi | Q34: 26 cm kesme -Beze 145-150g, Kesilmmeiş çap 27-28cm, Kesilmemiş ağı: 520-540g, Kesilmiş:475-485g | R34: 120 | T34: Arka kısma Arnavutça içerik-Pizza 6
B35: =IF(C35="","",CONCATENATE(C35,E35)) -> TASTE LAND-BULGARİSTANTortillas 30cm Sade 18pcs 1620g | C35: TASTE LAND-BULGARİSTAN | D35: 8698829380698 | E35: Tortillas 30cm Sade 18pcs 1620g | F35: Tortillas 30cm Sade | G35: SADE | H35: 6 | I35: 30 | J35: Irak Soft | K35: 18 | L35: 6 | M35: 1620 | N35: Yurtdışı | O35: 9 | P35: 30cm Lacivert Koli- Bulgarca Etiket | Q35: 29-31 cm | R35: 60 | S35: 95x130cm | T35: Barkod üzerine-Bulgarca Barkodlu içerik etiketi (012)
B36: =IF(C36="","",CONCATENATE(C36,E36)) -> TASTE LAND-BULGARİSTANTortillas 30cm Tam Buğday 18pcs 1620g | C36: TASTE LAND-BULGARİSTAN | D36: 8698829380698 | E36: Tortillas 30cm Tam Buğday 18pcs 1620g | F36: Tortillas 30cm Tam Buğday | G36: Tam Buğdaylı | H36: 6 | I36: 30 | J36: Irak Soft | K36: 18 | L36: 6 | M36: 1620 | N36: Yurtdışı | O36: 9 | P36: 30cm Lacivert Koli- Bulgarca TB Etiket | Q36: 29-31 cm | R36: 60 | S36: 95x130cm | T36: Barkod üzerine-Bulgarca Barkodlu TB içerik etiketi (029)
B37: =IF(C37="","",CONCATENATE(C37,E37)) -> TASTE LAND-BULGARİSTANTortillas 25cm Sade 10pcs 650g | C37: TASTE LAND-BULGARİSTAN | D37: 8698829380698 | E37: Tortillas 25cm Sade 10pcs 650g | F37: Tortillas Avrupa 25cm (698) | G37: SADE | H37: 8 | I37: 25 | J37: Irak Soft | K37: 10 | L37: 8 | M37: 650 | N37: Yurtdışı | O37: 9 | P37: 25cm Perforeli-Bulgarca etiket | Q37: 24-26 cm | R37: 120 | S37: 80x120cm -Epal+Epal
B38: =IF(C38="","",CONCATENATE(C38,E38)) -> TASTE LAND-BULGARİSTANTortillas 25cm Tam Buğday 10pcs 650g | C38: TASTE LAND-BULGARİSTAN | D38: 8698829380698 | E38: Tortillas 25cm Tam Buğday 10pcs 650g | F38: Tortillas Avrupa 25cm Tam Buğday (711) | G38: Tam Buğdaylı | H38: 8 | I38: 25 | J38: Irak Soft | K38: 10 | L38: 8 | M38: 650 | N38: Yurtdışı | O38: 9 | P38: 25cm Perforeli-Bulgarca TB etiket | Q38: 24-26 cm | R38: 120 | S38: 80x120cm -Epal+Epal
B39: =IF(C39="","",CONCATENATE(C39,E39)) -> TASTE LAND-BULGARİSTANTortillas 25cm Domatesli 6pcs 390g | C39: TASTE LAND-BULGARİSTAN | D39: 8698829380698 | E39: Tortillas 25cm Domatesli 6pcs 390g | F39: Tortillas Avrupa 25cm Domatesli (074) | G39: Domatesli | H39: 12 | I39: 25 | J39: Irak Soft | K39: 6 | L39: 12 | M39: 390 | N39: Yurtdışı | O39: 9 | P39: 25cm Perforeli-Bulgarca Domatesli etiket | Q39: 24-26 cm | R39: 120 | S39: 80x120cm -Epal+Epal
B40: =IF(C40="","",CONCATENATE(C40,E40)) -> TASTE LAND-BULGARİSTANTortillas 25cm Ispanaklı 6pcs 390g | C40: TASTE LAND-BULGARİSTAN | D40: 8698829380698 | E40: Tortillas 25cm Ispanaklı 6pcs 390g | F40: Tortillas Avrupa 25cm Ispanaklı (081) | G40: Ispanaklı | H40: 12 | I40: 25 | J40: Irak Soft | K40: 6 | L40: 12 | M40: 390 | N40: Yurtdışı | O40: 9 | P40: 25cm Perforeli-Bulgarca Ispanaklı etiket | Q40: 24-26 cm | R40: 120 | S40: 80x120cm -Epal+Epal
B41: =IF(C41="","",CONCATENATE(C41,E41)) -> TASTE LAND-BULGARİSTANTortillas 25cm Peynirli 6pcs 390g | C41: TASTE LAND-BULGARİSTAN | D41: 8698829380698 | E41: Tortillas 25cm Peynirli 6pcs 390g | F41: Tortillas Avrupa 25cm Peynirli (098) | G41: Peynirli | H41: 12 | I41: 25 | J41: Irak Soft-AT | K41: 6 | L41: 12 | M41: 390 | N41: Yurtdışı | O41: 9 | P41: 25cm Perforeli-Bulgarca Peynirli etiket | Q41: 24-26 cm | R41: 120 | S41: 80x120cm -Epal+Epal
B42: =IF(C42="","",CONCATENATE(C42,E42)) -> TASTE LAND-BULGARİSTANTortillas Pizza 26cm 4pcs 480g | C42: TASTE LAND-BULGARİSTAN | D42: 8698829380698 | E42: Tortillas Pizza 26cm 4pcs 480g | F42: Tortillas Avrupa Pizza 26cm (742) | G42: SADE | H42: 8 | I42: 26 | J42: Irak Soft | K42: 4 | L42: 8 | M42: 480 | N42: Yurtdışı | O42: 9 | P42: 26cm Pizza Perforeli-Bulgarca Etiket | Q42: 26 cm kesme -Beze 145-150g, Kesilmmeiş çap 27-28cm, Kesilmemiş ağı: 520-540g, Kesilmiş:475-485g | R42: 120 | S42: 80x120cm -Epal+Epal
B43: =IF(C43="","",CONCATENATE(C43,E43)) -> TASTE LAND-BULGARİSTANTortillas 25cm Sade 6pcs 390g | C43: TASTE LAND-BULGARİSTAN | D43: 8698829380698 | E43: Tortillas 25cm Sade 6pcs 390g | F43: Tortillas Avrupa 25cm (698) | G43: SADE | H43: 18 | I43: 25 | J43: Irak Soft | K43: 6 | L43: 18 | M43: 390 | N43: Yurtdışı | O43: 9 | P43: 25cm Kırmızı koli-Bulgarca Etiket | Q43: 24-26 cm | R43: 84 | S43: 80x120cm -Epal+Epal | T43: Barkod üzerine Barkod Etiketi (050)
B44: =IF(C44="","",CONCATENATE(C44,E44)) -> TASTE LAND-BULGARİSTANTortillas 25cm TB 6pcs 390g | C44: TASTE LAND-BULGARİSTAN | D44: 8698829380698 | E44: Tortillas 25cm TB 6pcs 390g | F44: Tortillas Avrupa 25cm TB (711) | G44: Tam Buğdaylı | H44: 18 | I44: 25 | J44: Irak Soft | K44: 6 | L44: 18 | M44: 390 | N44: Yurtdışı | O44: 9 | P44: 25cm Kırmızı koli-Bulgarca TB Etiket | Q44: 24-26 cm | R44: 84 | S44: 80x120cm -Epal+Epal | T44: Barkod üzerine Barkod Etiketi (067)
B45: =IF(C45="","",CONCATENATE(C45,E45)) -> TASTE LAND-BULGARİSTANTortillas 20cm Sade 6pcs 270g | C45: TASTE LAND-BULGARİSTAN | D45: 8698829380698 | E45: Tortillas 20cm Sade 6pcs 270g | F45: Tortillas 20cm Sade | G45: SADE | H45: 18 | I45: 20 | J45: Irak Soft | K45: 6 | L45: 18 | M45: 270 | N45: Yurtdışı | O45: 9 | P45: 20cm Lacivert-Bulgarca Etiket | Q45: 19-21 cm | R45: 120 | S45: 100x120cm-Epal+Epal | T45: Barkod üzerine Barkod Etiketi (104)
B46: =IF(C46="","",CONCATENATE(C46,E46)) -> Ankara KahveTortillas 26cm Pizza 4pcs 480g | C46: Ankara Kahve | D46: 8698829380698 | E46: Tortillas 26cm Pizza 4pcs 480g | F46: Tortillas 26cm Pizza | G46: SADE | H46: 6 | I46: 26 | J46: Irak Soft | K46: 4 | L46: 6 | M46: 480 | N46: Yurtiçi | O46: 6 | P46: Pizza kolisi | Q46: 26 cm kesme -Beze 145-150g, Kesilmmeiş çap 27-28cm, Kesilmemiş ağı: 520-540g, Kesilmiş:475-485g | S46: 80x120cm
B47: =IF(C47="","",CONCATENATE(C47,E47)) -> LAIKYUZHN-BELARUSTortillas 25cm Tam buğday 4pcs 240g | C47: LAIKYUZHN-BELARUS | D47: 8698829380698 | E47: Tortillas 25cm Tam buğday 4pcs 240g | F47: Tortillas 25cm Tam Buğday | G47: Tam Buğdaylı | H47: 30 | I47: 25 | J47: Soft-PA3 | K47: 4 | L47: 30 | M47: 240 | N47: Yurtdışı | O47: 12 | P47: 25cm Kolisi-Etiketli | Q47: 24-26 cm (Macca Hetto Inkjet Uzun Tarih) | R47: 84 | S47: 80x120cm
B48: =IF(C48="","",CONCATENATE(C48,E48)) -> LAIKYUZHN-BELARUSTortillas 25cm Domatesli 4pcs 240g | C48: LAIKYUZHN-BELARUS | D48: 8698829380698 | E48: Tortillas 25cm Domatesli 4pcs 240g | F48: Tortillas 25cm Domatesli | G48: Domatesli | H48: 30 | I48: 25 | J48: Soft-PA3 | K48: 4 | L48: 30 | M48: 240 | N48: Yurtdışı | O48: 12 | P48: 25cm Kolisi-Etiketli | Q48: 24-26 cm (Macca Hetto Inkjet Uzun Tarih) | R48: 84 | S48: 80x120cm
B49: =IF(C49="","",CONCATENATE(C49,E49)) -> LAIKYUZHN-BELARUSTortillas 25cm Ispanaklı 4pcs 240g | C49: LAIKYUZHN-BELARUS | D49: 8698829380698 | E49: Tortillas 25cm Ispanaklı 4pcs 240g | F49: Tortillas 25cm Ispanaklı | G49: Ispanaklı | H49: 30 | I49: 25 | J49: Soft-PA3 | K49: 4 | L49: 30 | M49: 240 | N49: Yurtdışı | O49: 12 | P49: 25cm Kolisi-Etiketli | Q49: 24-26 cm (Macca Hetto Inkjet Uzun Tarih) | R49: 84 | S49: 80x120cm
B50: =IF(C50="","",CONCATENATE(C50,E50)) -> LAIKYUZHN-BELARUSMagnit Tortillas 25cm Peynirli 4pcs 240g | C50: LAIKYUZHN-BELARUS | D50: 8698829380698 | E50: Magnit Tortillas 25cm Peynirli 4pcs 240g | F50: Magnit Tortillas 25cm Peynirli | G50: Peynirli | H50: 30 | I50: 25 | J50: Soft-PA3-AT | K50: 4 | L50: 30 | M50: 250 | N50: Yurtdışı | O50: 9 | P50: 25cm Kolisi-Etiketli | Q50: 24-26 cm (Macca Hetto Inkjet Uzun Tarih) | R50: 84 | S50: 80x120cm | T50: Etiketli
B51: =IF(C51="","",CONCATENATE(C51,E51)) -> LAIKYUZHN-BELARUSBaskısız 30cm 12pcs 1020g | C51: LAIKYUZHN-BELARUS | D51: 8698829380698 | E51: Baskısız 30cm 12pcs 1020g | F51: Baskısız 30cm | G51: SADE | H51: 10 | I51: 30 | J51: Soft-PA3 | K51: 12 | L51: 10 | M51: 1020 | N51: Yurtdışı | O51: 12 | P51: 30 cm Kolisi | Q51: 24-26 cm (Macca Hetto Inkjet Uzun Tarih) | T51: 8698829381237 Barkod Etiketli
B52: =IF(C52="","",CONCATENATE(C52,E52)) -> LAIKYUZHN-BELARUSKırmızı Tortillas 25cm 4ps 240g | C52: LAIKYUZHN-BELARUS | D52: 8698829380698 | E52: Kırmızı Tortillas 25cm 4ps 240g | F52: Kırmızı Tortillas 25cm | G52: SADE | H52: 30 | I52: 25 | J52: Soft-PA3 | K52: 4 | L52: 30 | M52: 240 | N52: Yurtdışı | O52: 12 | P52: 25cm Kolisi-Etiketli | Q52: 24-26 cm (Macca Hetto Inkjet Uzun Tarih) | R52: 84 | S52: 80x120cm
B53: =IF(C53="","",CONCATENATE(C53,E53)) -> LAIKYUZHN-BELARUSTortillas Pizza 26cm 4pcs 480g | C53: LAIKYUZHN-BELARUS | D53: 8698829380698 | E53: Tortillas Pizza 26cm 4pcs 480g | F53: Tortillas Pizza 26cm | G53: SADE | H53: 12 | I53: 26 | J53: Soft-PA3 | K53: 2 | L53: 12 | M53: 240 | N53: Yurtdışı | O53: 9 | P53: 26 cm pizza kolisi-Etiketli | Q53: 24-26 cm (Macca Hetto Inkjet Uzun Tarih) | R53: 192 | S53: 80x120cm
B54: =IF(C54="","",CONCATENATE(C54,E54)) -> UNITERA-KAZAKİSTANTortillas 25cm Tam Buğday 6pcs 390g | C54: UNITERA-KAZAKİSTAN | D54: 8698829380698 | E54: Tortillas 25cm Tam Buğday 6pcs 390g | F54: Tortillas 25cm Tam Buğday | G54: Tam Buğdaylı | H54: 18 | I54: 25 | J54: Irak Soft | K54: 6 | L54: 18 | M54: 390 | N54: YURTDIŞI | O54: 9 | P54: 25cm Koli-Kazakça Etiketli | Q54: 24-26 cm | R54: 50 | S54: 80x120cm | T54: Arka kısma İçerik
B55: =IF(C55="","",CONCATENATE(C55,E55)) -> UNITERA-KAZAKİSTANTortillas 20cm Sade 6pcs 270g | C55: UNITERA-KAZAKİSTAN | D55: 8698829380698 | E55: Tortillas 20cm Sade 6pcs 270g | F55: Tortillas 20cm Sade | G55: SADE | H55: 18 | I55: 20 | J55: Irak Soft | K55: 6 | L55: 18 | M55: 270 | N55: YURTDIŞI | O55: 9 | P55: 20cm Koli | Q55: 19-21cm | R55: 100 | S55: 80x120cm | T55: Arka kısma İçerik
B56: =IF(C56="","",CONCATENATE(C56,E56)) -> UNITERA-KAZAKİSTANKırmızı Tortillas 25cm Sade 6pcs 390g | C56: UNITERA-KAZAKİSTAN | D56: 8698829380698 | E56: Kırmızı Tortillas 25cm Sade 6pcs 390g | F56: Kırmızı Tortillas 25cm Sade | G56: SADE | H56: 18 | I56: 25 | J56: Irak Soft | K56: 6 | L56: 18 | M56: 390 | N56: YURTDIŞI | O56: 9 | P56: 25cm Koli | Q56: 24-26 cm | R56: 50 | S56: 80x120cm | T56: Arka kısma İçerik
B57: =IF(C57="","",CONCATENATE(C57,E57)) -> SMART LLCTortillas 20cm Çok Tahıllı 4pcs 166g | C57: SMART LLC | D57: 8698829380698 | E57: Tortillas 20cm Çok Tahıllı 4pcs 166g | F57: Tortillas 20cm Çok Tahıllı | G57: Çok Tahıllı | H57: 14 | I57: 20 | J57: Irak Soft | K57: 4 | L57: 14 | M57: 166 | N57: Yurtdışı | O57: 9 | P57: SİYAH KARE KOLİ-Üretim Tarihi Etiketli | Q57: 19-21 cm | R57: 225
B58: =IF(C58="","",CONCATENATE(C58,E58)) -> AjjawiLazeza 30 cm 6pcs 510g | C58: Ajjawi | D58: 8698829380698 | E58: Lazeza 30 cm 6pcs 510g | F58: Lazeza 30cm | G58: SADE | H58: 18 | I58: 30 | J58: Irak Soft | K58: 6 | L58: 18 | M58: 510 | N58: Yurtdışı | O58: 6 | P58: Lazeza Kolisi | Q58: 29-31 cm
B59: =IF(C59="","",CONCATENATE(C59,E59)) -> TVK ImportBaskısız 30cm 12pcs 1020g | C59: TVK Import | D59: 8698829380698 | E59: Baskısız 30cm 12pcs 1020g | F59: Baskısız 30cm | G59: SADE | H59: 10 | I59: 30 | J59: Irak soft | K59: 12 | L59: 10 | M59: 1020 | N59: Yurtdışı | O59: 6 | P59: 30cm Kolisi | Q59: 29-31 cm | T59: Tüm Bilgiler Sade
B60: =IF(C60="","",CONCATENATE(C60,E60)) -> TVK ImportBaskısız 30cm TB 12pcs 1020g | C60: TVK Import | D60: 8698829380698 | E60: Baskısız 30cm TB 12pcs 1020g | F60: Baskısız 30cm | G60: Tam Buğdaylı | H60: 10 | I60: 30 | J60: Irak soft | K60: 12 | L60: 10 | M60: 1020 | N60: Yurtdışı | O60: 6 | P60: 30cm Kolisi-Etiketli | Q60: 29-31 cm | T60: Tüm Bilgiler TB
B61: =IF(C61="","",CONCATENATE(C61,E61)) -> TVK ImportBaskısız 30cm Ispanaklı 12pcs 1020g | C61: TVK Import | D61: 8698829380698 | E61: Baskısız 30cm Ispanaklı 12pcs 1020g | F61: Baskısız 30cm | G61: Ispanaklı | H61: 10 | I61: 30 | J61: Irak soft | K61: 12 | L61: 10 | M61: 1020 | N61: Yurtdışı | O61: 6 | P61: 30cm Kolisi-Etiketli | Q61: 29-31 cm | T61: Tüm Bilgiler Ispanaklı
B62: =IF(C62="","",CONCATENATE(C62,E62)) -> Sons Of HannaHappylla 25cm Sade 6pcs 390g | C62: Sons Of Hanna | D62: 8698829380698 | E62: Happylla 25cm Sade 6pcs 390g | F62: Happylla 25cm | G62: SADE | H62: 18 | I62: 25 | J62: Irak Soft | K62: 6 | L62: 18 | M62: 390 | N62: Yurtdışı | O62: 8 | P62: Kırmızı Koli | Q62: 24-26cm
B63: =IF(C63="","",CONCATENATE(C63,E63)) -> Sons Of HannaHappylla 30cm Sade 6pcs 510g | C63: Sons Of Hanna | D63: 8698829380698 | E63: Happylla 30cm Sade 6pcs 510g | F63: Happylla 30cm | G63: SADE | H63: 18 | I63: 30 | J63: Irak Soft | K63: 6 | L63: 18 | M63: 510 | N63: Yurtdışı | O63: 8 | P63: 30cm Koli | Q63: 29-31 cm
B64: =IF(C64="","",CONCATENATE(C64,E64)) -> Sons Of HannaTortillas 30cm Tam Buğday6pcs 510g | C64: Sons Of Hanna | D64: 8698829380698 | E64: Tortillas 30cm Tam Buğday6pcs 510g | F64: Tortillas 30cm Tam Buğday | G64: Tam Buğdaylı | H64: 18 | I64: 30 | J64: Irak Soft | K64: 6 | L64: 18 | M64: 510 | N64: Yurtdışı | O64: 8 | P64: 30cm Koli - TB Etiketli | Q64: 29-31 cm
B65: =IF(C65="","",CONCATENATE(C65,E65)) -> AjjawiLazeza 25 cm 6pcs 390g | C65: Ajjawi | D65: 8698829380698 | E65: Lazeza 25 cm 6pcs 390g | F65: Lazeza 25cm | G65: SADE | H65: 18 | I65: 25 | J65: Irak Soft | K65: 6 | L65: 18 | M65: 390 | N65: Yurtdışı | O65: 6 | P65: Lazeza Kolisi | Q65: 24-26 cm
B66: =IF(C66="","",CONCATENATE(C66,E66)) -> Gülbahar CompanyBaskısız 25cm Sade 8pcs 480g | C66: Gülbahar Company | D66: 8698829380698 | E66: Baskısız 25cm Sade 8pcs 480g | F66: Baskısız 25 cm | G66: SADE | H66: 14 | I66: 25 | J66: Irak Soft | K66: 8 | L66: 14 | M66: 480 | N66: Yurtdışı | O66: 6 | P66: Kırmızı Koli | Q66: 24-26 cm | T66: Lana 25cm 8pcs 480g Yuvarlak
B67: =IF(C67="","",CONCATENATE(C67,E67)) -> GERMESHanami Germes Tako 15cm 6pcs 150g | C67: GERMES | D67: 8698829380698 | E67: Hanami Germes Tako 15cm 6pcs 150g | F67: Hanami Tako 15cm | G67: SADE | H67: 20 | I67: 15 | J67: Irak Soft | K67: 6 | L67: 20 | M67: 150 | N67: Yurtdışı | O67: 9 | P67: Hanami Tako 15cm-Üretim Tarihi Atılacak | Q67: 14-16 cm | T67: Ambalaj kaç aylık kontrol?
B68: =IF(C68="","",CONCATENATE(C68,E68)) -> Gülbahar CompanyBaskısız 15cm Sade 8pcs 220g | C68: Gülbahar Company | D68: 8698829380698 | E68: Baskısız 15cm Sade 8pcs 220g | F68: Baskısız 15 cm | G68: SADE | H68: 14 | I68: 15 | J68: Irak Soft | K68: 8 | L68: 14 | M68: 220 | N68: Yurtdışı | O68: 6 | P68: 15cm koli | Q68: 24-26 cm (Inkjet ile Bilgiler Atılacak) | T68: Lana 15cm 8pcs 220g Yuvarlak
B69: =IF(C69="","",CONCATENATE(C69,E69)) -> EYALDurum 3 lü paket sade 1620g | C69: EYAL | D69: 8698829380698 | E69: Durum 3 lü paket sade 1620g | F69: Durum 3 lü paket sade 1620g (İç-Dış Ambalaj) | G69: SADE | H69: 4 | I69: 20 | J69: Irak Soft | K69: 36 | L69: 4 | M69: 1620 | N69: Yurtdışı | P69: Lacivert 20cm Koli-İbranice Sade Etiketli | Q69: 19-21 cm
B70: =IF(C70="","",CONCATENATE(C70,E70)) -> EYALDurum 3 lü paket TB 1620g | C70: EYAL | D70: 8698829380698 | E70: Durum 3 lü paket TB 1620g | F70: Durum 3 lü paket TB 1620g (İç-Dış Ambalaj) | G70: Tam Buğdaylı | H70: 4 | I70: 20 | J70: Irak Soft | K70: 36 | L70: 4 | M70: 1620 | N70: Yurtdışı | P70: Lacivert 20cm Koli-İbranice TB Etiketli | Q70: 19-21 cm
B71: =IF(C71="","",CONCATENATE(C71,E71)) -> EYALDurum 30cm sade 18 li 1620g | C71: EYAL | D71: 8698829380698 | E71: Durum 30cm sade 18 li 1620g | F71: Durum 30cm Sade 18pcs 1620g | G71: SADE | H71: 18 | I71: 30 | J71: Irak Soft | K71: 18 | L71: 6 | M71: 1620 | N71: Yurtdışı | P71: 30cm kolisi-Etiketli | Q71: 29-31 cm
B72: =IF(C72="","",CONCATENATE(C72,E72)) -> LAIKYUZHN-BELARUSTortillas 25cm Sade 4pcs 240g | C72: LAIKYUZHN-BELARUS | D72: 8698829380698 | E72: Tortillas 25cm Sade 4pcs 240g | F72: Tortillas 25cm Sade | G72: SADE | H72: 30 | I72: 25 | J72: Soft-PA3 | K72: 4 | L72: 30 | M72: 240 | N72: Yurtdışı | O72: 12 | P72: 25cm Kolisi-Etiketli | Q72: 24-26 cm (Macca Hetto Inkjet Uzun Tarih) | R72: 84 | S72: 80x120cm
B73: =IF(C73="","",CONCATENATE(C73,E73)) -> DonipaDonipa 30cm 18pcs 1710g | C73: Donipa | D73: 8698829380698 | E73: Donipa 30cm 18pcs 1710g | F73: Baskısız 30cm | G73: SADE | H73: 6 | I73: 30 | J73: Irak soft | K73: 18 | L73: 6 | M73: 1710 | N73: Yurtiçi | O73: 6 | P73: 30cm koli-Etiketli | Q73: 29-31 cm | T73: Donipa 30cm 18pcs 1710g etiketli
B74: =IF(C74="","",CONCATENATE(C74,E74)) -> A101Mutlukal Tortillas Sade 25cm 6pcs 390g | C74: A101 | D74: 8698829380698 | E74: Mutlukal Tortillas Sade 25cm 6pcs 390g | F74: Tortillas 25cm | G74: SADE | H74: 20 | I74: 25 | J74: SOFT-PA3 | K74: 6 | L74: 20 | M74: 390 | N74: Yurtiçi | O74: 6 | P74: Kırmızı Koli 25cm-Barkod Etiketli | Q74: 24-26 cm | R74: 54
B75: =IF(C75="","",CONCATENATE(C75,E75)) -> Bağ TicaretHappylla 30cm Sade 10pcs 900g | C75: Bağ Ticaret | D75: 8698829380698 | E75: Happylla 30cm Sade 10pcs 900g | F75: Happylla 30cm | G75: SADE | H75: 12 | I75: 30 | J75: Standart | K75: 10 | L75: 12 | M75: 900 | N75: Yurtdışı | O75: 6 | P75: 30cm kolisi | Q75: 29-31 cm | R75: 60 | S75: 95*130cm
B76: =IF(C76="","",CONCATENATE(C76,E76)) -> Bağ TicaretHappylla 25cm Sade 10pcs 500g | C76: Bağ Ticaret | D76: 8698829380698 | E76: Happylla 25cm Sade 10pcs 500g | F76: Happylla 500g | G76: SADE | H76: 12 | I76: 25 | J76: Irak Soft | K76: 10 | L76: 12 | M76: 500 | N76: Yurtdışı | O76: 6 | P76: Kırmızı Koli 25cm | Q76: 23-26cm | R76: 104 | S76: 110*110cm
B77: =IF(C77="","",CONCATENATE(C77,E77)) -> Bağ TicaretHappylla 25 cm 10 lu 650g | C77: Bağ Ticaret | D77: 8698829380698 | E77: Happylla 25 cm 10 lu 650g | F77: Happylla 25cm | G77: Tam Buğdaylı | H77: 12 | I77: 25 | J77: Standart | K77: 10 | L77: 12 | M77: 650 | N77: Yurtdışı | O77: 6 | P77: Kırmızı Koli 25cm-Arapça etiketli | Q77: 24-26cm | R77: 104 | S77: 110*110cm | T77: Happylla 650g-Etiketli
B78: =IF(C78="","",CONCATENATE(C78,E78)) -> Oqqa NaturalOqqa 25cm 10 lu 650g | C78: Oqqa Natural | D78: 8698829380698 | E78: Oqqa 25cm 10 lu 650g | F78: Oqqa 25cm 650g (Etiketli) | G78: SADE (Folik Asitli Un) | H78: 12 | I78: 25 | J78: Irak Soft | K78: 10 | L78: 12 | M78: 650 | N78: Yurtdışı | O78: 12 | P78: Kırmızı Koli-Etiketli | Q78: 24-26cm | T78: Folik Asit Bilgisi Etiketli-Besin Değerleri
B79: =IF(C79="","",CONCATENATE(C79,E79)) -> WillifoodWillifood 20cm 10 pcs 450g | C79: Willifood | D79: 8698829380698 | E79: Willifood 20cm 10 pcs 450g | F79: Willifood 20cm 10 pcs 450g | G79: SADE | H79: 12 | I79: 20 | J79: Irak Soft | K79: 10 | L79: 12 | M79: 450 | N79: Yurtdışı | O79: Özel Tarih | P79: 20cm koli-Etiketli | Q79: 19-21 cm
B80: =IF(C80="","",CONCATENATE(C80,E80)) -> A101Baskısız 25cm 6 pcs 390g (Deneme) | C80: A101 | D80: 8698829380698 | E80: Baskısız 25cm 6 pcs 390g (Deneme) | F80: Baskısız 25cm proteinli (Deneme) | G80: Proteinli | H80: 20 | I80: 25 | J80: Mauri (5kg yağ+2lt gliserin+gluten 3kg+protein 11.4kg+katkı) | K80: 6 | L80: 20 | M80: 390 | N80: Yurtiçi | O80: 5 | P80: Kırmızı koli-Etiketli | Q80: 24-26 cm
B81: =IF(C81="","",CONCATENATE(C81,E81)) -> WillifoodWillifood 25cm 8 pcs 560g | C81: Willifood | D81: 8698829380698 | E81: Willifood 25cm 8 pcs 560g | F81: Willifood 25cm 8 pcs 560g | G81: SADE | H81: 14 | I81: 25 | J81: ırak Soft | K81: 8 | L81: 14 | M81: 560 | N81: YURTDIŞI | O81: 18 | P81: KIRMIZI KOLİ-ETİKETLİ | Q81: 24-26 CM
B82: =IF(C82="","",CONCATENATE(C82,E82)) -> WillifoodWillifood Pizza 26cm 4 pcs 480g | C82: Willifood | D82: 8698829380698 | E82: Willifood Pizza 26cm 4 pcs 480g | F82: Willifood 26 cm Pizza | G82: Pizza | H82: 12 | I82: 26 | J82: Irak Soft | K82: 4 | L82: 12 | M82: 480 | N82: Yurtdışı | O82: 18 | P82: Dürümek Kolisi-Çift Etiket | Q82: Kesme.Bezeler 145-150 g.Kesilmemiş 27-28 cm. Kesilmemiş ağ 520-540g. Kesilmiş ağ 475-485 g
B83: =IF(C83="","",CONCATENATE(C83,E83)) -> Yüksekbaş GıdaYüksekbaş 15cm 10 pcs 250g | C83: Yüksekbaş Gıda | D83: 8698829380698 | E83: Yüksekbaş 15cm 10 pcs 250g | F83: Tortillove 15cm | G83: SADE | H83: 12 | I83: 15 | J83: Irak Soft | K83: 10 | L83: 12 | M83: 250 | N83: Yurtdışı | O83: 6 | P83: 15cm koli | Q83: 14-16 cm | R83: 100 | S83: 85*115cm
B84: =IF(C84="","",CONCATENATE(C84,E84)) -> Yüksekbaş GıdaYüksekbaş 20cm 10pcs 450g | C84: Yüksekbaş Gıda | D84: 8698829380698 | E84: Yüksekbaş 20cm 10pcs 450g | F84: Tortillove 20cm | G84: SADE | H84: 12 | I84: 20 | J84: Irak Soft | K84: 10 | L84: 12 | M84: 450 | N84: Yurtdışı | O84: 6 | P84: 20cm kolisi | Q84: 19-21 cm | R84: 100 | S84: 100*120cm
B85: =IF(C85="","",CONCATENATE(C85,E85)) -> Yüksekbaş GıdaYüksekbaş 25cm 10pcs 650g | C85: Yüksekbaş Gıda | D85: 8698829380698 | E85: Yüksekbaş 25cm 10pcs 650g | F85: Tortillove 25cm | G85: SADE | H85: 12 | I85: 25 | J85: Irak Soft | K85: 10 | L85: 12 | M85: 650 | N85: Yurtdışı | O85: 6 | P85: 25cm Kırmızı Koli | Q85: 24-26 cm | R85: 100 | S85: 110*110cm
B86: =IF(C86="","",CONCATENATE(C86,E86)) -> Yüksekbaş GıdaYüksekbaş 30cm 10pcs 950g | C86: Yüksekbaş Gıda | D86: 8698829380698 | E86: Yüksekbaş 30cm 10pcs 950g | F86: Tortillove 30cm | G86: SADE | H86: 12 | I86: 30 | J86: Irak Soft | K86: 10 | L86: 12 | M86: 950 | N86: Yurtdışı | O86: 6 | P86: 30cm Kolisi | Q86: 29-31 cm | R86: 66 | S86: 95*130cm
B87: =IF(C87="","",CONCATENATE(C87,E87)) -> Yüksekbaş GıdaYüksekbaş TB 25cm 10pcs 650g | C87: Yüksekbaş Gıda | D87: 8698829380698 | E87: Yüksekbaş TB 25cm 10pcs 650g | F87: Tortillove Tam Buğday 25cm | G87: Tam Buğdaylı | H87: 12 | I87: 25 | J87: Irak Soft | K87: 10 | L87: 12 | M87: 650 | N87: Yurtdışı | O87: 6 | P87: 25cm Kırmızı Koli-Etiketli | Q87: 24-26 cm | R87: 100 | S87: 110*110cm
B88: =IF(C88="","",CONCATENATE(C88,E88)) -> GermesTortillas Domatesli 25cm 4pcs 250g | C88: Germes | D88: 8698829380698 | E88: Tortillas Domatesli 25cm 4pcs 250g | F88: Tortillas Domatesli 25cm (Germes Bilgileri Ekli) | G88: Domatesli | H88: 30 | I88: 25 | J88: Irak Soft | K88: 4 | L88: 30 | M88: 250 | N88: Yurtdışı | O88: 9 | P88: 25cm Kırmızı Koli-Üretim Tarihli Etiketli
B89: =IF(C89="","",CONCATENATE(C89,E89)) -> GermesTortillas Ispanaklı 25cm 4pcs 250g | C89: Germes | D89: 8698829380698 | E89: Tortillas Ispanaklı 25cm 4pcs 250g | F89: Tortillas Ispanaklı 25cm (Germes Bilgileri Ekli) | G89: Ispanaklı | H89: 30 | I89: 25 | J89: Irak Soft | K89: 4 | L89: 30 | M89: 250 | N89: Yurtdışı | O89: 9 | P89: 25cm Kırmızı Koli-Üretim Tarihli Etiketli
B90: =IF(C90="","",CONCATENATE(C90,E90)) -> Fama GroupTortillas 33cm 10pcs 1000g | C90: Fama Group | D90: 8698829380698 | E90: Tortillas 33cm 10pcs 1000g | F90: Tortillas 33cm | G90: Sade | H90: 12 | I90: 33 | J90: Irak Soft | K90: 10 | L90: 12 | M90: 1000 | N90: Yurtdışı | O90: 12 | P90: 33cm Kolisi | Q90: 32-34 cm | R90: 50 | S90: 95*130cm
B91: =IF(C91="","",CONCATENATE(C91,E91)) -> Fama GroupTortillas Pizza 26cm 4pcs 480g | C91: Fama Group | D91: 8698829380698 | E91: Tortillas Pizza 26cm 4pcs 480g | F91: Tortillas Pizza 26cm | G91: Sade | H91: 6 | I91: 26 | J91: Irak Soft | K91: 4 | L91: 6 | M91: 480 | N91: Yurtdışı | O91: 12 | P91: Pizza Kolisi-ETİKETLİ | Q91: 25-27 cm | R91: 50 | S91: 80*120cm
B92: =IF(C92="","",CONCATENATE(C92,E92)) -> Fama GroupTortillas 25cm Tam Buğday 10pcs 650g | C92: Fama Group | D92: 8698829380698 | E92: Tortillas 25cm Tam Buğday 10pcs 650g | F92: Tortillas 25cm Tam Buğday | G92: Tam Buğdaylı | H92: 12 | I92: 25 | J92: Irak Soft | K92: 10 | L92: 12 | M92: 650 | N92: Yurtdışı | O92: 12 | P92: 25cm Kolisi-Etiketli | Q92: 24-26 cm | R92: 50 | S92: 80*120cm
B93: =IF(C93="","",CONCATENATE(C93,E93)) -> Fama GroupTortillas 30cm 10pcs 850g | C93: Fama Group | D93: 8698829380698 | E93: Tortillas 30cm 10pcs 850g | F93: Tortillas 30cm | G93: Sade | H93: 12 | I93: 30 | J93: Irak Soft | K93: 10 | L93: 12 | M93: 850 | N93: Yurtdışı | O93: 12 | P93: 30 cm Kolisi | Q93: 29-31 cm | R93: 50 | S93: 95*130cm
B94: =IF(C94="","",CONCATENATE(C94,E94)) -> Fama GroupTortillas 25cm 10pcs 650g | C94: Fama Group | D94: 8698829380698 | E94: Tortillas 25cm 10pcs 650g | F94: Tortillas 25cm | G94: Sade | H94: 12 | I94: 25 | J94: Irak Soft | K94: 10 | L94: 12 | M94: 650 | N94: Yurtdışı | O94: 12 | P94: 25cm Kolisi | Q94: 24-26cm | R94: 50 | S94: 80*120cm
B95: =IF(C95="","",CONCATENATE(C95,E95)) -> Fama GroupTortillas 20cm 10pcs 450g | C95: Fama Group | D95: 8698829380698 | E95: Tortillas 20cm 10pcs 450g | F95: Tortillas 20cm | G95: Sade | H95: 12 | I95: 20 | J95: Irak Soft | K95: 10 | L95: 12 | M95: 450 | N95: Yurtdışı | O95: 12 | P95: 20cm Siyah Koli | Q95: 19-21cm | R95: 50 | S95: 80*120cm
B96: =IF(C96="","",CONCATENATE(C96,E96)) -> Fama GroupTortillas 15cm 10pcs 250g | C96: Fama Group | D96: 8698829380698 | E96: Tortillas 15cm 10pcs 250g | F96: Tortillas 15cm | G96: Sade | H96: 12 | I96: 15 | J96: Irak Soft | K96: 10 | L96: 12 | M96: 250 | N96: Yurtdışı | O96: 12 | P96: 15cm koli | Q96: 14-16cm | R96: 50 | S96: 80*120cm
B97: =IF(C97="","",CONCATENATE(C97,E97)) -> Yusuf KöseTortillas 33cm 10pcs 1000g | C97: Yusuf Köse | D97: 8698829380698 | E97: Tortillas 33cm 10pcs 1000g | F97: Tortillas 33cm | G97: Sade | H97: 12 | I97: 33 | J97: Irak Soft | K97: 10 | L97: 12 | M97: 1000 | N97: Yurtiçi | O97: 6 | P97: 33cm Kolisi | Q97: 32-34cm | R97: 50 | S97: 95*130cm
B98: =IF(C98="","",CONCATENATE(C98,E98)) -> Yusuf KöseTortillas 30cm 10pcs 950g | C98: Yusuf Köse | D98: 8698829380698 | E98: Tortillas 30cm 10pcs 950g | F98: Tortillas 30cm | G98: Sade | H98: 12 | I98: 30 | J98: Irak Soft | K98: 10 | L98: 12 | M98: 950 | N98: Yurtiçi | O98: 6 | P98: 30cm Kolisi | Q98: 29-31cm | R98: 50 | S98: 100*120cm
B99: =IF(C99="","",CONCATENATE(C99,E99)) -> Yusuf KöseTortillas 15cm 10pcs 250g | C99: Yusuf Köse | D99: 8698829380698 | E99: Tortillas 15cm 10pcs 250g | F99: Tortillas 15cm | G99: Sade | H99: 12 | I99: 15 | J99: Irak Soft | K99: 10 | L99: 12 | M99: 250 | N99: Yurtiçi | O99: 6 | P99: 15cm koli | Q99: 14-16cm | R99: 84 | S99: 80*120cm
B100: =IF(C100="","",CONCATENATE(C100,E100)) -> KopuzTortillas 33cm 10pcs 1000g | C100: Kopuz | D100: 8698829380698 | E100: Tortillas 33cm 10pcs 1000g | F100: Tortillas 33cm | G100: Sade | H100: 12 | I100: 33 | J100: Irak Soft | K100: 10 | L100: 12 | M100: 1000 | N100: Yurtiçi | O100: 6 | P100: 33cm Kolisi | Q100: 32-34cm
B101: =IF(C101="","",CONCATENATE(C101,E101)) -> LLC KOTORMANETKA PEYNİRLİ 25CM Irak Soft | C101: LLC KOTOR | D101: 8698829380698 | E101: MANETKA PEYNİRLİ 25CM Irak Soft | F101: MANETKA PEYNİRLİ 25 CM Irak Soft | G101: PEYNİRLİ | H101: 30 | I101: 25 | J101: IRAK SOFT-AT | K101: 4 | L101: 30 | M101: 250 | N101: YURTDIŞI | O101: 6 | P101: KIRMIZI KOLİ-TARİHLİ KOLİ ETİKETİ | Q101: 24-26 CM | R101: 78
B102: =IF(C102="","",CONCATENATE(C102,E102)) -> Switz TradingSwitz 25cm 8pcs 520g | C102: Switz Trading | D102: 8698829380698 | E102: Switz 25cm 8pcs 520g | F102: Switz 25cm 8pcs 520g | G102: Sade | H102: 14 | I102: 25 | J102: Irak soft | K102: 8 | L102: 14 | M102: 520 | N102: Yurtdışı | O102: 9 | P102: Kırmızı Koli | Q102: 24-26 cm | R102: 100 | S102: 110x110cm
...

Sheet Data
A1: MUTLUKAL İŞ EMRİ
A2: MAKİNE 1 | Z2: 46174 | AA2: 0.71875
A3: SIRA | B3: FİRMA | C3: GTIN KODU | D3: PRODUCT NAME / ÜRÜN ADI | E3: ORDER NUMBER / SİPARİŞ NUMARASI | F3: KAREKOD DOSYA ADI | G3: AMBALAJ | H3: AMBALAJ ETİKETİ | I3: CİNSİ | J3: ÜRETİLECEK MİKTAR/ KOLİ | K3: DEPO STOK / KOLİ | L3: ÜRETİLECEK MİKTAR/ PALET | M3: PALET KOLİ SAYISI | N3: PALET ÖLÇÜ | O3: AMBALAJ MİKTAR | P3: ÇAP | Q3: FORMÜL | R3: PAKET İÇİ | S3: KOLİ İÇİ | T3: PAKET GRAMAJI | U3: TARİH | V3: SKT/AY | W3: ÜRT/PRD | X3: TETT/EXP | Y3: PRT/LOT | Z3: KOLİ / TARİH | AA3: AÇIKLAMALAR | AB3: Birleştir
A4: 1. | B4: LLC TRİTON | C4: =IF(B4="","",VLOOKUP(AB4,Varsayımlar!$B:$Q,3,0)) -> 8698829380698 | D4: MUTLUKAL WHEAT TORTILLA | E4: KB-006336 | F4: ZPT-008462 | G4: =IF(B4="","",VLOOKUP(AB4,Varsayımlar!$B:$Q,5,0)) -> TORTİLLAS 25 CM 4 PCS 260G | I4: =IF(B4="","",VLOOKUP(AB4,Varsayımlar!$B:$Q,6,0)) -> SADE | J4: 588 | L4: 7 | O4: =IF(B4="","",VLOOKUP(AB4,Varsayımlar!$B:$Q,7,0)*J4) -> 17640 | P4: =IF(B4="","",VLOOKUP(AB4,Varsayımlar!$B:$Q,8,0)) -> 25 | Q4: =IF(B4="","",VLOOKUP(AB4,Varsayımlar!$B:$Q,9,0)) -> SOFT | R4: =IF(B4="","",VLOOKUP(AB4,Varsayımlar!$B:$Q,10,0)) -> 4 | S4: =IF(B4="","",VLOOKUP(AB4,Varsayımlar!$B:$Q,11,0)) -> 30 | T4: =IF(B4="","",VLOOKUP(AB4,Varsayımlar!$B:$Q,12,0)) -> 260 | U4: =IF(B4="","",VLOOKUP(AB4,Varsayımlar!$B:$Q,13,0)) -> YURTDIŞI | V4: =IF(B4="","",VLOOKUP(AB4,Varsayımlar!$B:$Q,14,0)) -> 6 | W4: 46175 | X4: 46358 | Y4: 26060225-1 | Z4: =IF(B4="","",VLOOKUP(AB4,Varsayımlar!$B:$Q,15,0)) -> TRİTON -SKT ATILACAK | AA4: =IF(B4="","",VLOOKUP(AB4,Varsayımlar!$B:$Q,16,0)) -> 24-26 CM | AB4: =IF(B4="","",CONCATENATE(B4,D4)) -> LLC TRİTONMUTLUKAL WHEAT TORTILLA | AC4: BİTTİ
A5: 2. | B5: LLC TRİTON | C5: =IF(B5="","",VLOOKUP(AB5,Varsayımlar!$B:$Q,3,0)) -> 8698829380698 | D5: MUTLUKAL WHEAT TORTILLA | E5: KB-006336 | F5: ZPO-019211 | G5: =IF(B5="","",VLOOKUP(AB5,Varsayımlar!$B:$Q,5,0)) -> TORTİLLAS 25 CM 4 PCS 260G | I5: =IF(B5="","",VLOOKUP(AB5,Varsayımlar!$B:$Q,6,0)) -> SADE | J5: 1848 | L5: 22 | O5: =IF(B5="","",VLOOKUP(AB5,Varsayımlar!$B:$Q,7,0)*J5) -> 55440 | P5: =IF(B5="","",VLOOKUP(AB5,Varsayımlar!$B:$Q,8,0)) -> 25 | Q5: =IF(B5="","",VLOOKUP(AB5,Varsayımlar!$B:$Q,9,0)) -> SOFT | R5: =IF(B5="","",VLOOKUP(AB5,Varsayımlar!$B:$Q,10,0)) -> 4 | S5: =IF(B5="","",VLOOKUP(AB5,Varsayımlar!$B:$Q,11,0)) -> 30 | T5: =IF(B5="","",VLOOKUP(AB5,Varsayımlar!$B:$Q,12,0)) -> 260 | U5: =IF(B5="","",VLOOKUP(AB5,Varsayımlar!$B:$Q,13,0)) -> YURTDIŞI | V5: =IF(B5="","",VLOOKUP(AB5,Varsayımlar!$B:$Q,14,0)) -> 6 | W5: 46175 | X5: 46358 | Y5: 26060225-1 | Z5: =IF(B5="","",VLOOKUP(AB5,Varsayımlar!$B:$Q,15,0)) -> TRİTON -SKT ATILACAK | AA5: =IF(B5="","",VLOOKUP(AB5,Varsayımlar!$B:$Q,16,0)) -> 24-26 CM | AB5: =IF(B5="","",CONCATENATE(B5,D5)) -> LLC TRİTONMUTLUKAL WHEAT TORTILLA
A6: 3. | B6: LLC TRİTON | C6: =IF(B6="","",VLOOKUP(AB6,Varsayımlar!$B:$Q,3,0)) -> 8698829380698 | D6: MUTLUKAL WHEAT TORTILLA | E6: KB-006321 | F6: ZP6-17971 | G6: =IF(B6="","",VLOOKUP(AB6,Varsayımlar!$B:$Q,5,0)) -> TORTİLLAS 25 CM 4 PCS 260G | I6: =IF(B6="","",VLOOKUP(AB6,Varsayımlar!$B:$Q,6,0)) -> SADE | J6: 1680 | L6: 20 | O6: =IF(B6="","",VLOOKUP(AB6,Varsayımlar!$B:$Q,7,0)*J6) -> 50400 | P6: =IF(B6="","",VLOOKUP(AB6,Varsayımlar!$B:$Q,8,0)) -> 25 | Q6: =IF(B6="","",VLOOKUP(AB6,Varsayımlar!$B:$Q,9,0)) -> SOFT | R6: =IF(B6="","",VLOOKUP(AB6,Varsayımlar!$B:$Q,10,0)) -> 4 | S6: =IF(B6="","",VLOOKUP(AB6,Varsayımlar!$B:$Q,11,0)) -> 30 | T6: =IF(B6="","",VLOOKUP(AB6,Varsayımlar!$B:$Q,12,0)) -> 260 | U6: =IF(B6="","",VLOOKUP(AB6,Varsayımlar!$B:$Q,13,0)) -> YURTDIŞI | V6: =IF(B6="","",VLOOKUP(AB6,Varsayımlar!$B:$Q,14,0)) -> 6 | W6: 46176 | X6: 46359 | Y6: 26060325-1 | Z6: =IF(B6="","",VLOOKUP(AB6,Varsayımlar!$B:$Q,15,0)) -> TRİTON -SKT ATILACAK | AA6: =IF(B6="","",VLOOKUP(AB6,Varsayımlar!$B:$Q,16,0)) -> 24-26 CM | AB6: =IF(B6="","",CONCATENATE(B6,D6)) -> LLC TRİTONMUTLUKAL WHEAT TORTILLA
A7: 4. | B7: LLC TRİTON | C7: =IF(B7="","",VLOOKUP(AB7,Varsayımlar!$B:$Q,3,0)) -> 8698829380698 | D7: MUTLUKAL WHEAT TORTILLA | E7: KB-006321 | F7: Z210006314 | G7: =IF(B7="","",VLOOKUP(AB7,Varsayımlar!$B:$Q,5,0)) -> TORTİLLAS 25 CM 4 PCS 260G | I7: =IF(B7="","",VLOOKUP(AB7,Varsayımlar!$B:$Q,6,0)) -> SADE | J7: 420 | L7: =J7/84 -> 5 | O7: =IF(B7="","",VLOOKUP(AB7,Varsayımlar!$B:$Q,7,0)*J7) -> 12600 | P7: =IF(B7="","",VLOOKUP(AB7,Varsayımlar!$B:$Q,8,0)) -> 25 | Q7: =IF(B7="","",VLOOKUP(AB7,Varsayımlar!$B:$Q,9,0)) -> SOFT | R7: =IF(B7="","",VLOOKUP(AB7,Varsayımlar!$B:$Q,10,0)) -> 4 | S7: =IF(B7="","",VLOOKUP(AB7,Varsayımlar!$B:$Q,11,0)) -> 30 | T7: =IF(B7="","",VLOOKUP(AB7,Varsayımlar!$B:$Q,12,0)) -> 260 | U7: =IF(B7="","",VLOOKUP(AB7,Varsayımlar!$B:$Q,13,0)) -> YURTDIŞI | V7: =IF(B7="","",VLOOKUP(AB7,Varsayımlar!$B:$Q,14,0)) -> 6 | W7: 46176 | X7: 46359 | Y7: 26060325-1 | Z7: =IF(B7="","",VLOOKUP(AB7,Varsayımlar!$B:$Q,15,0)) -> TRİTON -SKT ATILACAK | AA7: =IF(B7="","",VLOOKUP(AB7,Varsayımlar!$B:$Q,16,0)) -> 24-26 CM | AB7: =IF(B7="","",CONCATENATE(B7,D7)) -> LLC TRİTONMUTLUKAL WHEAT TORTILLA
A8: 5. | B8: LLC TRİTON | C8: =IF(B8="","",VLOOKUP(AB8,Varsayımlar!$B:$Q,3,0)) -> 8698829380698 | D8: MUTLUKAL WHEAT TORTILLA | E8: KB-006321 | F8: ZP3-012107 | G8: =IF(B8="","",VLOOKUP(AB8,Varsayımlar!$B:$Q,5,0)) -> TORTİLLAS 25 CM 4 PCS 260G | I8: =IF(B8="","",VLOOKUP(AB8,Varsayımlar!$B:$Q,6,0)) -> SADE | J8: 336 | L8: =J8/84 -> 4 | O8: =IF(B8="","",VLOOKUP(AB8,Varsayımlar!$B:$Q,7,0)*J8) -> 10080 | P8: =IF(B8="","",VLOOKUP(AB8,Varsayımlar!$B:$Q,8,0)) -> 25 | Q8: =IF(B8="","",VLOOKUP(AB8,Varsayımlar!$B:$Q,9,0)) -> SOFT | R8: =IF(B8="","",VLOOKUP(AB8,Varsayımlar!$B:$Q,10,0)) -> 4 | S8: =IF(B8="","",VLOOKUP(AB8,Varsayımlar!$B:$Q,11,0)) -> 30 | T8: =IF(B8="","",VLOOKUP(AB8,Varsayımlar!$B:$Q,12,0)) -> 260 | U8: =IF(B8="","",VLOOKUP(AB8,Varsayımlar!$B:$Q,13,0)) -> YURTDIŞI | V8: =IF(B8="","",VLOOKUP(AB8,Varsayımlar!$B:$Q,14,0)) -> 6 | W8: 46176 | X8: 46359 | Y8: 26060325-1 | Z8: =IF(B8="","",VLOOKUP(AB8,Varsayımlar!$B:$Q,15,0)) -> TRİTON -SKT ATILACAK | AA8: =IF(B8="","",VLOOKUP(AB8,Varsayımlar!$B:$Q,16,0)) -> 24-26 CM | AB8: =IF(B8="","",CONCATENATE(B8,D8)) -> LLC TRİTONMUTLUKAL WHEAT TORTILLA
A9: 6. | B9: LLC TRİTON | C9: =IF(B9="","",VLOOKUP(AB9,Varsayımlar!$B:$Q,3,0)) -> 8698829380698 | D9: MUTLUKAL WHEAT TORTILLA | E9: KB-006567 | F9: ZPD-012226 | G9: =IF(B9="","",VLOOKUP(AB9,Varsayımlar!$B:$Q,5,0)) -> TORTİLLAS 25 CM 4 PCS 260G | I9: =IF(B9="","",VLOOKUP(AB9,Varsayımlar!$B:$Q,6,0)) -> SADE | J9: 1680 | L9: =J9/84 -> 20 | O9: =IF(B9="","",VLOOKUP(AB9,Varsayımlar!$B:$Q,7,0)*J9) -> 50400 | P9: =IF(B9="","",VLOOKUP(AB9,Varsayımlar!$B:$Q,8,0)) -> 25 | Q9: =IF(B9="","",VLOOKUP(AB9,Varsayımlar!$B:$Q,9,0)) -> SOFT | R9: =IF(B9="","",VLOOKUP(AB9,Varsayımlar!$B:$Q,10,0)) -> 4 | S9: =IF(B9="","",VLOOKUP(AB9,Varsayımlar!$B:$Q,11,0)) -> 30 | T9: =IF(B9="","",VLOOKUP(AB9,Varsayımlar!$B:$Q,12,0)) -> 260 | U9: =IF(B9="","",VLOOKUP(AB9,Varsayımlar!$B:$Q,13,0)) -> YURTDIŞI | V9: =IF(B9="","",VLOOKUP(AB9,Varsayımlar!$B:$Q,14,0)) -> 6 | W9: 46176 | X9: 46359 | Y9: 26060325-3 | Z9: =IF(B9="","",VLOOKUP(AB9,Varsayımlar!$B:$Q,15,0)) -> TRİTON -SKT ATILACAK | AA9: =IF(B9="","",VLOOKUP(AB9,Varsayımlar!$B:$Q,16,0)) -> 24-26 CM | AB9: =IF(B9="","",CONCATENATE(B9,D9)) -> LLC TRİTONMUTLUKAL WHEAT TORTILLA
A10: 7. | B10: LLC TRİTON | C10: =IF(B10="","",VLOOKUP(AB10,Varsayımlar!$B:$Q,3,0)) -> 8698829380698 | D10: MUTLUKAL WHEAT TORTILLA | E10: KB-006567 | F10: Z190009938 | G10: =IF(B10="","",VLOOKUP(AB10,Varsayımlar!$B:$Q,5,0)) -> TORTİLLAS 25 CM 4 PCS 260G | I10: =IF(B10="","",VLOOKUP(AB10,Varsayımlar!$B:$Q,6,0)) -> SADE | J10: 756 | L10: =J10/84 -> 9 | O10: =IF(B10="","",VLOOKUP(AB10,Varsayımlar!$B:$Q,7,0)*J10) -> 22680 | P10: =IF(B10="","",VLOOKUP(AB10,Varsayımlar!$B:$Q,8,0)) -> 25 | Q10: =IF(B10="","",VLOOKUP(AB10,Varsayımlar!$B:$Q,9,0)) -> SOFT | R10: =IF(B10="","",VLOOKUP(AB10,Varsayımlar!$B:$Q,10,0)) -> 4 | S10: =IF(B10="","",VLOOKUP(AB10,Varsayımlar!$B:$Q,11,0)) -> 30 | T10: =IF(B10="","",VLOOKUP(AB10,Varsayımlar!$B:$Q,12,0)) -> 260 | U10: =IF(B10="","",VLOOKUP(AB10,Varsayımlar!$B:$Q,13,0)) -> YURTDIŞI | V10: =IF(B10="","",VLOOKUP(AB10,Varsayımlar!$B:$Q,14,0)) -> 6 | W10: 46176 | X10: 46359 | Y10: 26060325-3 | Z10: =IF(B10="","",VLOOKUP(AB10,Varsayımlar!$B:$Q,15,0)) -> TRİTON -SKT ATILACAK | AA10: =IF(B10="","",VLOOKUP(AB10,Varsayımlar!$B:$Q,16,0)) -> 24-26 CM | AB10: =IF(B10="","",CONCATENATE(B10,D10)) -> LLC TRİTONMUTLUKAL WHEAT TORTILLA
A11: 8. | B11: GERMES | C11: =IF(B11="","",VLOOKUP(AB11,Varsayımlar!$B:$Q,3,0)) -> 8698829380698 | D11: HANAMİ GERMES 25CM SADE 250G | E11: 46 | F11: 46-HANAMİ GERMES 25CM SADE 250G | G11: =IF(B11="","",VLOOKUP(AB11,Varsayımlar!$B:$Q,5,0)) -> HANAMİ 25 CM SADE (081) | I11: =IF(B11="","",VLOOKUP(AB11,Varsayımlar!$B:$Q,6,0)) -> SADE | J11: 588 | L11: 7 | O11: =IF(B11="","",VLOOKUP(AB11,Varsayımlar!$B:$Q,7,0)*J11) -> 17640 | P11: =IF(B11="","",VLOOKUP(AB11,Varsayımlar!$B:$Q,8,0)) -> 25 | Q11: =IF(B11="","",VLOOKUP(AB11,Varsayımlar!$B:$Q,9,0)) -> IRAK SOFT | R11: =IF(B11="","",VLOOKUP(AB11,Varsayımlar!$B:$Q,10,0)) -> 4 | S11: =IF(B11="","",VLOOKUP(AB11,Varsayımlar!$B:$Q,11,0)) -> 30 | T11: =IF(B11="","",VLOOKUP(AB11,Varsayımlar!$B:$Q,12,0)) -> 250 | U11: =IF(B11="","",VLOOKUP(AB11,Varsayımlar!$B:$Q,13,0)) -> YURTDIŞI | V11: =IF(B11="","",VLOOKUP(AB11,Varsayımlar!$B:$Q,14,0)) -> 9 | W11: 46181 | X11: 46454 | Y11: 26060825 | Z11: =IF(B11="","",VLOOKUP(AB11,Varsayımlar!$B:$Q,15,0)) -> HANAMİ MAVİ - ÜRETİM ATILACAK | AA11: =IF(B11="","",VLOOKUP(AB11,Varsayımlar!$B:$Q,16,0)) -> 24-26 CM | AB11: =IF(B11="","",CONCATENATE(B11,D11)) -> GERMESHANAMİ GERMES 25CM SADE 250G
A12: 9. | B12: GERMES | C12: =IF(B12="","",VLOOKUP(AB12,Varsayımlar!$B:$Q,3,0)) -> 8698829380698 | D12: Kırmızı Tortillas-Germes-25cm 375g | E12: 46 | F12: 46-Kırmızı Tortillas-Germes-25cm 375g | G12: =IF(B12="","",VLOOKUP(AB12,Varsayımlar!$B:$Q,5,0)) -> KIRMIZI TORTİLLAS 25 CM | H12: BARKOD ETİKETİ | I12: =IF(B12="","",VLOOKUP(AB12,Varsayımlar!$B:$Q,6,0)) -> SADE | J12: 84 | L12: 1 | O12: =IF(B12="","",VLOOKUP(AB12,Varsayımlar!$B:$Q,7,0)*J12) -> 1512 | P12: =IF(B12="","",VLOOKUP(AB12,Varsayımlar!$B:$Q,8,0)) -> 25 | Q12: =IF(B12="","",VLOOKUP(AB12,Varsayımlar!$B:$Q,9,0)) -> IRAK SOFT | R12: =IF(B12="","",VLOOKUP(AB12,Varsayımlar!$B:$Q,10,0)) -> 6 | S12: =IF(B12="","",VLOOKUP(AB12,Varsayımlar!$B:$Q,11,0)) -> 18 | T12: =IF(B12="","",VLOOKUP(AB12,Varsayımlar!$B:$Q,12,0)) -> 375 | U12: =IF(B12="","",VLOOKUP(AB12,Varsayımlar!$B:$Q,13,0)) -> YURTDIŞI | V12: =IF(B12="","",VLOOKUP(AB12,Varsayımlar!$B:$Q,14,0)) -> 9 | W12: 46181 | X12: 46454 | Y12: 26060825 | Z12: =IF(B12="","",VLOOKUP(AB12,Varsayımlar!$B:$Q,15,0)) -> KIRMIZI - ÜRETİM TARİHLİ ETİKET | AA12: =IF(B12="","",VLOOKUP(AB12,Varsayımlar!$B:$Q,16,0)) -> 24-26 CM | AB12: =IF(B12="","",CONCATENATE(B12,D12)) -> GERMESKırmızı Tortillas-Germes-25cm 375g
A13: 10. | B13: LLC TRİTON | C13: =IF(B13="","",VLOOKUP(AB13,Varsayımlar!$B:$Q,3,0)) -> 8698829380698 | D13: MUTLUKAL WHEAT TORTILLA | E13: KB-006500 | F13: ZP4-021324 | G13: =IF(B13="","",VLOOKUP(AB13,Varsayımlar!$B:$Q,5,0)) -> TORTİLLAS 25 CM 4 PCS 260G | I13: =IF(B13="","",VLOOKUP(AB13,Varsayımlar!$B:$Q,6,0)) -> SADE | J13: 2436 | L13: =J13/84 -> 29 | O13: =IF(B13="","",VLOOKUP(AB13,Varsayımlar!$B:$Q,7,0)*J13) -> 73080 | P13: =IF(B13="","",VLOOKUP(AB13,Varsayımlar!$B:$Q,8,0)) -> 25 | Q13: =IF(B13="","",VLOOKUP(AB13,Varsayımlar!$B:$Q,9,0)) -> SOFT | R13: =IF(B13="","",VLOOKUP(AB13,Varsayımlar!$B:$Q,10,0)) -> 4 | S13: =IF(B13="","",VLOOKUP(AB13,Varsayımlar!$B:$Q,11,0)) -> 30 | T13: =IF(B13="","",VLOOKUP(AB13,Varsayımlar!$B:$Q,12,0)) -> 260 | U13: =IF(B13="","",VLOOKUP(AB13,Varsayımlar!$B:$Q,13,0)) -> YURTDIŞI | V13: =IF(B13="","",VLOOKUP(AB13,Varsayımlar!$B:$Q,14,0)) -> 6 | W13: 46177 | X13: 46360 | Y13: 26060425-1 | Z13: =IF(B13="","",VLOOKUP(AB13,Varsayımlar!$B:$Q,15,0)) -> TRİTON -SKT ATILACAK | AA13: =IF(B13="","",VLOOKUP(AB13,Varsayımlar!$B:$Q,16,0)) -> 24-26 CM | AB13: =IF(B13="","",CONCATENATE(B13,D13)) -> LLC TRİTONMUTLUKAL WHEAT TORTILLA
A14: 11. | B14: LLC TRİTON | C14: =IF(B14="","",VLOOKUP(AB14,Varsayımlar!$B:$Q,3,0)) -> 8698829380698 | D14: MUTLUKAL WHEAT TORTILLA | E14: KB-006502 | F14: ZPL-015636 | G14: =IF(B14="","",VLOOKUP(AB14,Varsayımlar!$B:$Q,5,0)) -> TORTİLLAS 25 CM 4 PCS 260G | I14: =IF(B14="","",VLOOKUP(AB14,Varsayımlar!$B:$Q,6,0)) -> SADE | J14: 1344 | L14: =J14/84 -> 16 | O14: =IF(B14="","",VLOOKUP(AB14,Varsayımlar!$B:$Q,7,0)*J14) -> 40320 | P14: =IF(B14="","",VLOOKUP(AB14,Varsayımlar!$B:$Q,8,0)) -> 25 | Q14: =IF(B14="","",VLOOKUP(AB14,Varsayımlar!$B:$Q,9,0)) -> SOFT | R14: =IF(B14="","",VLOOKUP(AB14,Varsayımlar!$B:$Q,10,0)) -> 4 | S14: =IF(B14="","",VLOOKUP(AB14,Varsayımlar!$B:$Q,11,0)) -> 30 | T14: =IF(B14="","",VLOOKUP(AB14,Varsayımlar!$B:$Q,12,0)) -> 260 | U14: =IF(B14="","",VLOOKUP(AB14,Varsayımlar!$B:$Q,13,0)) -> YURTDIŞI | V14: =IF(B14="","",VLOOKUP(AB14,Varsayımlar!$B:$Q,14,0)) -> 6 | W14: 46177 | X14: 46360 | Y14: 26060425-2 | Z14: =IF(B14="","",VLOOKUP(AB14,Varsayımlar!$B:$Q,15,0)) -> TRİTON -SKT ATILACAK | AA14: =IF(B14="","",VLOOKUP(AB14,Varsayımlar!$B:$Q,16,0)) -> 24-26 CM | AB14: =IF(B14="","",CONCATENATE(B14,D14)) -> LLC TRİTONMUTLUKAL WHEAT TORTILLA
A15: 12. | B15: LLC TRİTON | C15: =IF(B15="","",VLOOKUP(AB15,Varsayımlar!$B:$Q,3,0)) -> 8698829380698 | D15: MUTLUKAL WHEAT TORTILLA | E15: KB-006502 | F15: ZPK-013503 | G15: =IF(B15="","",VLOOKUP(AB15,Varsayımlar!$B:$Q,5,0)) -> TORTİLLAS 25 CM 4 PCS 260G | I15: =IF(B15="","",VLOOKUP(AB15,Varsayımlar!$B:$Q,6,0)) -> SADE | J15: 1092 | L15: =J15/84 -> 13 | O15: =IF(B15="","",VLOOKUP(AB15,Varsayımlar!$B:$Q,7,0)*J15) -> 32760 | P15: =IF(B15="","",VLOOKUP(AB15,Varsayımlar!$B:$Q,8,0)) -> 25 | Q15: =IF(B15="","",VLOOKUP(AB15,Varsayımlar!$B:$Q,9,0)) -> SOFT | R15: =IF(B15="","",VLOOKUP(AB15,Varsayımlar!$B:$Q,10,0)) -> 4 | S15: =IF(B15="","",VLOOKUP(AB15,Varsayımlar!$B:$Q,11,0)) -> 30 | T15: =IF(B15="","",VLOOKUP(AB15,Varsayımlar!$B:$Q,12,0)) -> 260 | U15: =IF(B15="","",VLOOKUP(AB15,Varsayımlar!$B:$Q,13,0)) -> YURTDIŞI | V15: =IF(B15="","",VLOOKUP(AB15,Varsayımlar!$B:$Q,14,0)) -> 6 | W15: 46177 | X15: 46360 | Y15: 26060425-2 | Z15: =IF(B15="","",VLOOKUP(AB15,Varsayımlar!$B:$Q,15,0)) -> TRİTON -SKT ATILACAK | AA15: =IF(B15="","",VLOOKUP(AB15,Varsayımlar!$B:$Q,16,0)) -> 24-26 CM | AB15: =IF(B15="","",CONCATENATE(B15,D15)) -> LLC TRİTONMUTLUKAL WHEAT TORTILLA
A16: 13. | B16: LLC TRİTON | C16: =IF(B16="","",VLOOKUP(AB16,Varsayımlar!$B:$Q,3,0)) -> 8698829380698 | D16: MUTLUKAL WHEAT TORTILLA | E16: KB-006497 | F16: Z180014794 | G16: =IF(B16="","",VLOOKUP(AB16,Varsayımlar!$B:$Q,5,0)) -> TORTİLLAS 25 CM 4 PCS 260G | I16: =IF(B16="","",VLOOKUP(AB16,Varsayımlar!$B:$Q,6,0)) -> SADE | J16: 1092 | L16: =J16/84 -> 13 | O16: =IF(B16="","",VLOOKUP(AB16,Varsayımlar!$B:$Q,7,0)*J16) -> 32760 | P16: =IF(B16="","",VLOOKUP(AB16,Varsayımlar!$B:$Q,8,0)) -> 25 | Q16: =IF(B16="","",VLOOKUP(AB16,Varsayımlar!$B:$Q,9,0)) -> SOFT | R16: =IF(B16="","",VLOOKUP(AB16,Varsayımlar!$B:$Q,10,0)) -> 4 | S16: =IF(B16="","",VLOOKUP(AB16,Varsayımlar!$B:$Q,11,0)) -> 30 | T16: =IF(B16="","",VLOOKUP(AB16,Varsayımlar!$B:$Q,12,0)) -> 260 | U16: =IF(B16="","",VLOOKUP(AB16,Varsayımlar!$B:$Q,13,0)) -> YURTDIŞI | V16: =IF(B16="","",VLOOKUP(AB16,Varsayımlar!$B:$Q,14,0)) -> 6 | W16: 46177 | X16: 46360 | Y16: 26060425-3 | Z16: =IF(B16="","",VLOOKUP(AB16,Varsayımlar!$B:$Q,15,0)) -> TRİTON -SKT ATILACAK | AA16: =IF(B16="","",VLOOKUP(AB16,Varsayımlar!$B:$Q,16,0)) -> 24-26 CM | AB16: =IF(B16="","",CONCATENATE(B16,D16)) -> LLC TRİTONMUTLUKAL WHEAT TORTILLA
A17: 14. | B17: LLC TRİTON | C17: =IF(B17="","",VLOOKUP(AB17,Varsayımlar!$B:$Q,3,0)) -> 8698829380698 | D17: MUTLUKAL WHEAT TORTILLA | E17: KB-006497 | F17: ZP8-015844 | G17: =IF(B17="","",VLOOKUP(AB17,Varsayımlar!$B:$Q,5,0)) -> TORTİLLAS 25 CM 4 PCS 260G | I17: =IF(B17="","",VLOOKUP(AB17,Varsayımlar!$B:$Q,6,0)) -> SADE | J17: 1344 | L17: =J17/84 -> 16 | O17: =IF(B17="","",VLOOKUP(AB17,Varsayımlar!$B:$Q,7,0)*J17) -> 40320 | P17: =IF(B17="","",VLOOKUP(AB17,Varsayımlar!$B:$Q,8,0)) -> 25 | Q17: =IF(B17="","",VLOOKUP(AB17,Varsayımlar!$B:$Q,9,0)) -> SOFT | R17: =IF(B17="","",VLOOKUP(AB17,Varsayımlar!$B:$Q,10,0)) -> 4 | S17: =IF(B17="","",VLOOKUP(AB17,Varsayımlar!$B:$Q,11,0)) -> 30 | T17: =IF(B17="","",VLOOKUP(AB17,Varsayımlar!$B:$Q,12,0)) -> 260 | U17: =IF(B17="","",VLOOKUP(AB17,Varsayımlar!$B:$Q,13,0)) -> YURTDIŞI | V17: =IF(B17="","",VLOOKUP(AB17,Varsayımlar!$B:$Q,14,0)) -> 6 | W17: 46177 | X17: 46360 | Y17: 26060425-3 | Z17: =IF(B17="","",VLOOKUP(AB17,Varsayımlar!$B:$Q,15,0)) -> TRİTON -SKT ATILACAK | AA17: =IF(B17="","",VLOOKUP(AB17,Varsayımlar!$B:$Q,16,0)) -> 24-26 CM | AB17: =IF(B17="","",CONCATENATE(B17,D17)) -> LLC TRİTONMUTLUKAL WHEAT TORTILLA
A18: 15. | B18: LLC TRİTON | C18: =IF(B18="","",VLOOKUP(AB18,Varsayımlar!$B:$Q,3,0)) -> 8698829380698 | D18: MUTLUKAL WHEAT TORTILLA | E18: KB-006582 | F18: ZPT-008984 | G18: =IF(B18="","",VLOOKUP(AB18,Varsayımlar!$B:$Q,5,0)) -> TORTİLLAS 25 CM 4 PCS 260G | I18: =IF(B18="","",VLOOKUP(AB18,Varsayımlar!$B:$Q,6,0)) -> SADE | J18: 588 | L18: =J18/84 -> 7 | O18: =IF(B18="","",VLOOKUP(AB18,Varsayımlar!$B:$Q,7,0)*J18) -> 17640 | P18: =IF(B18="","",VLOOKUP(AB18,Varsayımlar!$B:$Q,8,0)) -> 25 | Q18: =IF(B18="","",VLOOKUP(AB18,Varsayımlar!$B:$Q,9,0)) -> SOFT | R18: =IF(B18="","",VLOOKUP(AB18,Varsayımlar!$B:$Q,10,0)) -> 4 | S18: =IF(B18="","",VLOOKUP(AB18,Varsayımlar!$B:$Q,11,0)) -> 30 | T18: =IF(B18="","",VLOOKUP(AB18,Varsayımlar!$B:$Q,12,0)) -> 260 | U18: =IF(B18="","",VLOOKUP(AB18,Varsayımlar!$B:$Q,13,0)) -> YURTDIŞI | V18: =IF(B18="","",VLOOKUP(AB18,Varsayımlar!$B:$Q,14,0)) -> 6 | W18: 46178 | X18: 46361 | Y18: 26060525 | Z18: =IF(B18="","",VLOOKUP(AB18,Varsayımlar!$B:$Q,15,0)) -> TRİTON -SKT ATILACAK | AA18: =IF(B18="","",VLOOKUP(AB18,Varsayımlar!$B:$Q,16,0)) -> 24-26 CM | AB18: =IF(B18="","",CONCATENATE(B18,D18)) -> LLC TRİTONMUTLUKAL WHEAT TORTILLA
A19: 16. | B19: LLC TRİTON | C19: =IF(B19="","",VLOOKUP(AB19,Varsayımlar!$B:$Q,3,0)) -> 8698829380698 | D19: MUTLUKAL WHEAT TORTILLA | E19: KB-006582 | F19: ZPO-020470 | G19: =IF(B19="","",VLOOKUP(AB19,Varsayımlar!$B:$Q,5,0)) -> TORTİLLAS 25 CM 4 PCS 260G | I19: =IF(B19="","",VLOOKUP(AB19,Varsayımlar!$B:$Q,6,0)) -> SADE | J19: 1848 | L19: =J19/84 -> 22 | O19: =IF(B19="","",VLOOKUP(AB19,Varsayımlar!$B:$Q,7,0)*J19) -> 55440 | P19: =IF(B19="","",VLOOKUP(AB19,Varsayımlar!$B:$Q,8,0)) -> 25 | Q19: =IF(B19="","",VLOOKUP(AB19,Varsayımlar!$B:$Q,9,0)) -> SOFT | R19: =IF(B19="","",VLOOKUP(AB19,Varsayımlar!$B:$Q,10,0)) -> 4 | S19: =IF(B19="","",VLOOKUP(AB19,Varsayımlar!$B:$Q,11,0)) -> 30 | T19: =IF(B19="","",VLOOKUP(AB19,Varsayımlar!$B:$Q,12,0)) -> 260 | U19: =IF(B19="","",VLOOKUP(AB19,Varsayımlar!$B:$Q,13,0)) -> YURTDIŞI | V19: =IF(B19="","",VLOOKUP(AB19,Varsayımlar!$B:$Q,14,0)) -> 6 | W19: 46178 | X19: 46361 | Y19: 26060525 | Z19: =IF(B19="","",VLOOKUP(AB19,Varsayımlar!$B:$Q,15,0)) -> TRİTON -SKT ATILACAK | AA19: =IF(B19="","",VLOOKUP(AB19,Varsayımlar!$B:$Q,16,0)) -> 24-26 CM | AB19: =IF(B19="","",CONCATENATE(B19,D19)) -> LLC TRİTONMUTLUKAL WHEAT TORTILLA
C20: =IF(B20="","",VLOOKUP(AB20,Varsayımlar!$B:$Q,3,0)) | G20: =IF(B20="","",VLOOKUP(AB20,Varsayımlar!$B:$Q,5,0)) | I20: =IF(B20="","",VLOOKUP(AB20,Varsayımlar!$B:$Q,6,0)) | O20: =IF(B20="","",VLOOKUP(AB20,Varsayımlar!$B:$Q,7,0)*J20) | P20: =IF(B20="","",VLOOKUP(AB20,Varsayımlar!$B:$Q,8,0)) | Q20: =IF(B20="","",VLOOKUP(AB20,Varsayımlar!$B:$Q,9,0)) | R20: =IF(B20="","",VLOOKUP(AB20,Varsayımlar!$B:$Q,10,0)) | S20: =IF(B20="","",VLOOKUP(AB20,Varsayımlar!$B:$Q,11,0)) | T20: =IF(B20="","",VLOOKUP(AB20,Varsayımlar!$B:$Q,12,0)) | U20: =IF(B20="","",VLOOKUP(AB20,Varsayımlar!$B:$Q,13,0)) | V20: =IF(B20="","",VLOOKUP(AB20,Varsayımlar!$B:$Q,14,0)) | Z20: =IF(B20="","",VLOOKUP(AB20,Varsayımlar!$B:$Q,15,0)) | AA20: =IF(B20="","",VLOOKUP(AB20,Varsayımlar!$B:$Q,16,0)) | AB20: =IF(B20="","",CONCATENATE(B20,D20))
A21: 9. | B21: MAYDONOZ DÖNER | C21: =IF(B21="","",VLOOKUP(AB21,Varsayımlar!$B:$Q,3,0)) -> 8698829380698 | D21: Mutlukal Tortillas 15cm 250g | G21: =IF(B21="","",VLOOKUP(AB21,Varsayımlar!$B:$Q,5,0)) -> Mutlukal Tortillas 15cm | I21: =IF(B21="","",VLOOKUP(AB21,Varsayımlar!$B:$Q,6,0)) -> SADE | J21: 3168 | L21: =J21/96 -> 33 | O21: =IF(B21="","",VLOOKUP(AB21,Varsayımlar!$B:$Q,7,0)*J21) -> 31680 | P21: =IF(B21="","",VLOOKUP(AB21,Varsayımlar!$B:$Q,8,0)) -> 12 | Q21: =IF(B21="","",VLOOKUP(AB21,Varsayımlar!$B:$Q,9,0)) -> IRAK SOFT | R21: =IF(B21="","",VLOOKUP(AB21,Varsayımlar!$B:$Q,10,0)) -> 10 | S21: =IF(B21="","",VLOOKUP(AB21,Varsayımlar!$B:$Q,11,0)) -> 12 | T21: =IF(B21="","",VLOOKUP(AB21,Varsayımlar!$B:$Q,12,0)) -> 250 | U21: =IF(B21="","",VLOOKUP(AB21,Varsayımlar!$B:$Q,13,0)) -> YURTİÇİ | V21: =IF(B21="","",VLOOKUP(AB21,Varsayımlar!$B:$Q,14,0)) -> 6 | Z21: =IF(B21="","",VLOOKUP(AB21,Varsayımlar!$B:$Q,15,0)) -> 15CM KOLİ | AA21: =IF(B21="","",VLOOKUP(AB21,Varsayımlar!$B:$Q,16,0)) -> KESME-33-35G BEZE, KESİLMEMİŞ 16-18CM, 320-330G- KESİLMİŞ 245-250G | AB21: =IF(B21="","",CONCATENATE(B21,D21)) -> MAYDONOZ DÖNERMutlukal Tortillas 15cm 250g
A22: 9. | B22: MAYDONOZ DÖNER | C22: =IF(B22="","",VLOOKUP(AB22,Varsayımlar!$B:$Q,3,0)) -> 8698829380698 | D22: Mutlukal Tortillas 15cm 250g | G22: =IF(B22="","",VLOOKUP(AB22,Varsayımlar!$B:$Q,5,0)) -> Mutlukal Tortillas 15cm | I22: =IF(B22="","",VLOOKUP(AB22,Varsayımlar!$B:$Q,6,0)) -> SADE | J22: 3168 | L22: =J22/96 -> 33 | O22: =IF(B22="","",VLOOKUP(AB22,Varsayımlar!$B:$Q,7,0)*J22) -> 31680 | P22: =IF(B22="","",VLOOKUP(AB22,Varsayımlar!$B:$Q,8,0)) -> 12 | Q22: =IF(B22="","",VLOOKUP(AB22,Varsayımlar!$B:$Q,9,0)) -> IRAK SOFT | R22: =IF(B22="","",VLOOKUP(AB22,Varsayımlar!$B:$Q,10,0)) -> 10 | S22: =IF(B22="","",VLOOKUP(AB22,Varsayımlar!$B:$Q,11,0)) -> 12 | T22: =IF(B22="","",VLOOKUP(AB22,Varsayımlar!$B:$Q,12,0)) -> 250 | U22: =IF(B22="","",VLOOKUP(AB22,Varsayımlar!$B:$Q,13,0)) -> YURTİÇİ | V22: =IF(B22="","",VLOOKUP(AB22,Varsayımlar!$B:$Q,14,0)) -> 6 | Z22: =IF(B22="","",VLOOKUP(AB22,Varsayımlar!$B:$Q,15,0)) -> 15CM KOLİ | AA22: =IF(B22="","",VLOOKUP(AB22,Varsayımlar!$B:$Q,16,0)) -> KESME-33-35G BEZE, KESİLMEMİŞ 16-18CM, 320-330G- KESİLMİŞ 245-250G | AB22: =IF(B22="","",CONCATENATE(B22,D22)) -> MAYDONOZ DÖNERMutlukal Tortillas 15cm 250g
A23: MAKİNE 5
A24: SIRA | B24: FİRMA | C24: GTIN KODU | D24: PRODUCT NAME / ÜRÜN ADI | E24: ORDER NUMBER / SİPARİŞ NUMARASI | F24: KAREKOD DOSYA ADI | G24: AMBALAJ | H24: AMBALAJ ETİKETİ | I24: CİNSİ | J24: ÜRETİLECEK MİKTAR/ KOLİ | K24: DEPO STOK / KOLİ | L24: ÜRETİLECEK MİKTAR/ PALET | O24: AMBALAJ MİKTAR | P24: ÇAP | Q24: FORMÜL | R24: PAKET İÇİ | S24: KOLİ İÇİ | T24: PAKET GRAMAJI | U24: TARİH | V24: SKT/AY | W24: ÜRT/PRD | X24: TETT/EXP | Y24: PRT/LOT | Z24: KOLİ / TARİH | AA24: AÇIKLAMALAR | AB24: Birleştir
A25: 1. | B25: LLC TRİTON | C25: =IF(B25="","",VLOOKUP(AB25,Varsayımlar!$B:$Q,3,0)) -> 8698829380698 | D25: MUTLUKAL WHEAT TORTILLA | E25: KB-006496 | F25: Z180013769 | G25: =IF(B25="","",VLOOKUP(AB25,Varsayımlar!$B:$Q,5,0)) -> TORTİLLAS 25 CM 4 PCS 260G | I25: =IF(B25="","",VLOOKUP(AB25,Varsayımlar!$B:$Q,6,0)) -> SADE | J25: 1092 | K25: 504 | L25: =J25/84 -> 13 | O25: =IF(B25="","",VLOOKUP(AB25,Varsayımlar!$B:$Q,7,0)*J25) -> 32760 | P25: =IF(B25="","",VLOOKUP(AB25,Varsayımlar!$B:$Q,8,0)) -> 25 | Q25: =IF(B25="","",VLOOKUP(AB25,Varsayımlar!$B:$Q,9,0)) -> SOFT | R25: =IF(B25="","",VLOOKUP(AB25,Varsayımlar!$B:$Q,10,0)) -> 4 | S25: =IF(B25="","",VLOOKUP(AB25,Varsayımlar!$B:$Q,11,0)) -> 30 | T25: =IF(B25="","",VLOOKUP(AB25,Varsayımlar!$B:$Q,12,0)) -> 260 | U25: =IF(B25="","",VLOOKUP(AB25,Varsayımlar!$B:$Q,13,0)) -> YURTDIŞI | V25: =IF(B25="","",VLOOKUP(AB25,Varsayımlar!$B:$Q,14,0)) -> 6 | W25: 46175 | X25: 46358 | Y25: 26060225-2 | Z25: =IF(B25="","",VLOOKUP(AB25,Varsayımlar!$B:$Q,15,0)) -> TRİTON -SKT ATILACAK | AA25: =IF(B25="","",VLOOKUP(AB25,Varsayımlar!$B:$Q,16,0)) -> 24-26 CM | AB25: =IF(B25="","",CONCATENATE(B25,D25)) -> LLC TRİTONMUTLUKAL WHEAT TORTILLA
A26: 2. | B26: LLC TRİTON | C26: =IF(B26="","",VLOOKUP(AB26,Varsayımlar!$B:$Q,3,0)) -> 8698829380698 | D26: MUTLUKAL WHEAT TORTILLA | E26: KB-006496 | F26: ZP8-014855 | G26: =IF(B26="","",VLOOKUP(AB26,Varsayımlar!$B:$Q,5,0)) -> TORTİLLAS 25 CM 4 PCS 260G | I26: =IF(B26="","",VLOOKUP(AB26,Varsayımlar!$B:$Q,6,0)) -> SADE | J26: 1344 | K26: 683 | L26: =J26/84 -> 16 | O26: =IF(B26="","",VLOOKUP(AB26,Varsayımlar!$B:$Q,7,0)*J26) -> 40320 | P26: =IF(B26="","",VLOOKUP(AB26,Varsayımlar!$B:$Q,8,0)) -> 25 | Q26: =IF(B26="","",VLOOKUP(AB26,Varsayımlar!$B:$Q,9,0)) -> SOFT | R26: =IF(B26="","",VLOOKUP(AB26,Varsayımlar!$B:$Q,10,0)) -> 4 | S26: =IF(B26="","",VLOOKUP(AB26,Varsayımlar!$B:$Q,11,0)) -> 30 | T26: =IF(B26="","",VLOOKUP(AB26,Varsayımlar!$B:$Q,12,0)) -> 260 | U26: =IF(B26="","",VLOOKUP(AB26,Varsayımlar!$B:$Q,13,0)) -> YURTDIŞI | V26: =IF(B26="","",VLOOKUP(AB26,Varsayımlar!$B:$Q,14,0)) -> 6 | W26: 46175 | X26: 46358 | Y26: 26060225-2 | Z26: =IF(B26="","",VLOOKUP(AB26,Varsayımlar!$B:$Q,15,0)) -> TRİTON -SKT ATILACAK | AA26: =IF(B26="","",VLOOKUP(AB26,Varsayımlar!$B:$Q,16,0)) -> 24-26 CM | AB26: =IF(B26="","",CONCATENATE(B26,D26)) -> LLC TRİTONMUTLUKAL WHEAT TORTILLA
A27: 3. | B27: LLC KOTOR | C27: =IF(B27="","",VLOOKUP(AB27,Varsayımlar!$B:$Q,3,0)) -> 8698829380698 | D27: MANETKA PEYNİRLİ 25CM | E27: 04620478612503 (76377) | F27: 04620478612503 (76377) PEYNİRLİ 25CM | G27: =IF(B27="","",VLOOKUP(AB27,Varsayımlar!$B:$Q,5,0)) -> MANETKA PEYNİRLİ 25 CM | I27: =IF(B27="","",VLOOKUP(AB27,Varsayımlar!$B:$Q,6,0)) -> PEYNİRLİ | J27: 2496 | L27: =J27/78 -> 32 | O27: =IF(B27="","",VLOOKUP(AB27,Varsayımlar!$B:$Q,7,0)*J27) -> 74880 | P27: =IF(B27="","",VLOOKUP(AB27,Varsayımlar!$B:$Q,8,0)) -> 25 | Q27: =IF(B27="","",VLOOKUP(AB27,Varsayımlar!$B:$Q,9,0)) -> SOFT-AT | R27: =IF(B27="","",VLOOKUP(AB27,Varsayımlar!$B:$Q,10,0)) -> 4 | S27: =IF(B27="","",VLOOKUP(AB27,Varsayımlar!$B:$Q,11,0)) -> 30 | T27: =IF(B27="","",VLOOKUP(AB27,Varsayımlar!$B:$Q,12,0)) -> 250 | U27: =IF(B27="","",VLOOKUP(AB27,Varsayımlar!$B:$Q,13,0)) -> YURTDIŞI | V27: =IF(B27="","",VLOOKUP(AB27,Varsayımlar!$B:$Q,14,0)) -> 6 | W27: 46182 | X27: 46365 | Y27: 26060925P | Z27: =IF(B27="","",VLOOKUP(AB27,Varsayımlar!$B:$Q,15,0)) -> KIRMIZI KOLİ-TARİHLİ KOLİ ETİKETİ | AA27: =IF(B27="","",VLOOKUP(AB27,Varsayımlar!$B:$Q,16,0)) -> 24-26 CM | AB27: =IF(B27="","",CONCATENATE(B27,D27)) -> LLC KOTORMANETKA PEYNİRLİ 25CM
A28: 4. | B28: MAGNİT | C28: =IF(B28="","",VLOOKUP(AB28,Varsayımlar!$B:$Q,3,0)) -> 8698829380698 | D28: MAGNİT MAVİ AMBALAJ 25 CM 260G | G28: =IF(B28="","",VLOOKUP(AB28,Varsayımlar!$B:$Q,5,0)) -> MAGNİT MAVİ AMBALAJ 25CM | I28: =IF(B28="","",VLOOKUP(AB28,Varsayımlar!$B:$Q,6,0)) -> SADE | J28: 2016 | L28: =2016/84 -> 24 | O28: =IF(B28="","",VLOOKUP(AB28,Varsayımlar!$B:$Q,7,0)*J28) -> 60480 | P28: =IF(B28="","",VLOOKUP(AB28,Varsayımlar!$B:$Q,8,0)) -> 25 | Q28: =IF(B28="","",VLOOKUP(AB28,Varsayımlar!$B:$Q,9,0)) -> SOFT | R28: =IF(B28="","",VLOOKUP(AB28,Varsayımlar!$B:$Q,10,0)) -> 4 | S28: =IF(B28="","",VLOOKUP(AB28,Varsayımlar!$B:$Q,11,0)) -> 30 | T28: =IF(B28="","",VLOOKUP(AB28,Varsayımlar!$B:$Q,12,0)) -> 260 | U28: =IF(B28="","",VLOOKUP(AB28,Varsayımlar!$B:$Q,13,0)) -> YURTDIŞI | V28: =IF(B28="","",VLOOKUP(AB28,Varsayımlar!$B:$Q,14,0)) -> 9 | Z28: =IF(B28="","",VLOOKUP(AB28,Varsayımlar!$B:$Q,15,0)) -> 25CM TURUNCU KOLİ-SOL ÜST DİKDÖRTGENE ÜRETİM TARİHİ BASILACAK | AA28: =IF(B28="","",VLOOKUP(AB28,Varsayımlar!$B:$Q,16,0)) -> 24-26 CM | AB28: =IF(B28="","",CONCATENATE(B28,D28)) -> MAGNİTMAGNİT MAVİ AMBALAJ 25 CM 260G
C29: =IF(B29="","",VLOOKUP(AB29,Varsayımlar!$B:$Q,3,0)) | G29: =IF(B29="","",VLOOKUP(AB29,Varsayımlar!$B:$Q,5,0)) | I29: =IF(B29="","",VLOOKUP(AB29,Varsayımlar!$B:$Q,6,0)) | O29: =IF(B29="","",VLOOKUP(AB29,Varsayımlar!$B:$Q,7,0)*J29) | P29: =IF(B29="","",VLOOKUP(AB29,Varsayımlar!$B:$Q,8,0)) | Q29: =IF(B29="","",VLOOKUP(AB29,Varsayımlar!$B:$Q,9,0)) | R29: =IF(B29="","",VLOOKUP(AB29,Varsayımlar!$B:$Q,10,0)) | S29: =IF(B29="","",VLOOKUP(AB29,Varsayımlar!$B:$Q,11,0)) | T29: =IF(B29="","",VLOOKUP(AB29,Varsayımlar!$B:$Q,12,0)) | U29: =IF(B29="","",VLOOKUP(AB29,Varsayımlar!$B:$Q,13,0)) | V29: =IF(B29="","",VLOOKUP(AB29,Varsayımlar!$B:$Q,14,0)) | Z29: =IF(B29="","",VLOOKUP(AB29,Varsayımlar!$B:$Q,15,0)) | AA29: =IF(B29="","",VLOOKUP(AB29,Varsayımlar!$B:$Q,16,0)) | AB29: =IF(B29="","",CONCATENATE(B29,D29))
A30: MAKİNE 6
A31: SIRA | B31: FİRMA | C31: GTIN KODU | D31: PRODUCT NAME / ÜRÜN ADI | E31: ORDER NUMBER / SİPARİŞ NUMARASI | F31: KAREKOD DOSYA ADI | G31: AMBALAJ | H31: AMBALAJ ETİKETİ | I31: CİNSİ | J31: ÜRETİLECEK MİKTAR/ KOLİ | K31: DEPO STOK / KOLİ | L31: ÜRETİLECEK MİKTAR/ PALET | O31: AMBALAJ MİKTAR | P31: ÇAP | Q31: FORMÜL | R31: PAKET İÇİ | S31: KOLİ İÇİ | T31: PAKET GRAMAJI | U31: TARİH | V31: SKT/AY | W31: ÜRT/PRD | X31: TETT/EXP | Y31: PRT/LOT | Z31: KOLİ / TARİH | AA31: AÇIKLAMALAR | AB31: Birleştir
A32: 1. | B32: GERMES | C32: =IF(B32="","",VLOOKUP(AB32,Varsayımlar!$B:$Q,3,0)) -> 8698829380698 | D32: HANAMİ PEYNİRLİ 25 CM 250G | E32: 46 | F32: 46-HANAMİ GERMES PEYNİRLİ 25CM 250G | G32: =IF(B32="","",VLOOKUP(AB32,Varsayımlar!$B:$Q,5,0)) -> HANAMİ PEYNİRLİ 25CM AMBALAJ (098) | I32: =IF(B32="","",VLOOKUP(AB32,Varsayımlar!$B:$Q,6,0)) -> PEYNİRLİ | J32: 504 | L32: =J32/84 -> 6 | O32: =IF(B32="","",VLOOKUP(AB32,Varsayımlar!$B:$Q,7,0)*J32) -> 15120 | P32: =IF(B32="","",VLOOKUP(AB32,Varsayımlar!$B:$Q,8,0)) -> 25 | Q32: =IF(B32="","",VLOOKUP(AB32,Varsayımlar!$B:$Q,9,0)) -> IRAK SOFT-AT | R32: =IF(B32="","",VLOOKUP(AB32,Varsayımlar!$B:$Q,10,0)) -> 4 | S32: =IF(B32="","",VLOOKUP(AB32,Varsayımlar!$B:$Q,11,0)) -> 30 | T32: =IF(B32="","",VLOOKUP(AB32,Varsayımlar!$B:$Q,12,0)) -> 250 | U32: =IF(B32="","",VLOOKUP(AB32,Varsayımlar!$B:$Q,13,0)) -> YURTDIŞI | V32: =IF(B32="","",VLOOKUP(AB32,Varsayımlar!$B:$Q,14,0)) -> 9 | W32: 46181 | X32: 46454 | Y32: 26060825P | Z32: =IF(B32="","",VLOOKUP(AB32,Varsayımlar!$B:$Q,15,0)) -> HANAMİ SARI KOLİ-ÜRETİM TARİHİ BASILACAK | AA32: =IF(B32="","",VLOOKUP(AB32,Varsayımlar!$B:$Q,16,0)) -> 24-26 CM | AB32: =IF(B32="","",CONCATENATE(B32,D32)) -> GERMESHANAMİ PEYNİRLİ 25 CM 250G | AC32: BİTTİ
A33: 2. | B33: GERMES | C33: =IF(B33="","",VLOOKUP(AB33,Varsayımlar!$B:$Q,3,0)) -> 8698829380698 | D33: HANAMİ GERMES 25CM SADE 250G | E33: 45 | F33: 45-HANAMİ GERMES 25CM 250G | G33: =IF(B33="","",VLOOKUP(AB33,Varsayımlar!$B:$Q,5,0)) -> HANAMİ 25 CM SADE (081) | I33: =IF(B33="","",VLOOKUP(AB33,Varsayımlar!$B:$Q,6,0)) -> SADE | J33: 756 | L33: =J33/84 -> 9 | O33: =IF(B33="","",VLOOKUP(AB33,Varsayımlar!$B:$Q,7,0)*J33) -> 22680 | P33: =IF(B33="","",VLOOKUP(AB33,Varsayımlar!$B:$Q,8,0)) -> 25 | Q33: =IF(B33="","",VLOOKUP(AB33,Varsayımlar!$B:$Q,9,0)) -> IRAK SOFT | R33: =IF(B33="","",VLOOKUP(AB33,Varsayımlar!$B:$Q,10,0)) -> 4 | S33: =IF(B33="","",VLOOKUP(AB33,Varsayımlar!$B:$Q,11,0)) -> 30 | T33: =IF(B33="","",VLOOKUP(AB33,Varsayımlar!$B:$Q,12,0)) -> 250 | U33: =IF(B33="","",VLOOKUP(AB33,Varsayımlar!$B:$Q,13,0)) -> YURTDIŞI | V33: =IF(B33="","",VLOOKUP(AB33,Varsayımlar!$B:$Q,14,0)) -> 9 | W33: 46174 | X33: 46447 | Y33: 26060125 | Z33: =IF(B33="","",VLOOKUP(AB33,Varsayımlar!$B:$Q,15,0)) -> HANAMİ MAVİ - ÜRETİM ATILACAK | AA33: =IF(B33="","",VLOOKUP(AB33,Varsayımlar!$B:$Q,16,0)) -> 24-26 CM | AB33: =IF(B33="","",CONCATENATE(B33,D33)) -> GERMESHANAMİ GERMES 25CM SADE 250G
A34: 3. | B34: GERMES | C34: =IF(B34="","",VLOOKUP(AB34,Varsayımlar!$B:$Q,3,0)) -> 8698829380698 | D34: Kırmızı Tortillas-Germes-25cm 375g | E34: 45 | F34: 45-Kırmızı Tortillas-Germes-25cm 375g | G34: =IF(B34="","",VLOOKUP(AB34,Varsayımlar!$B:$Q,5,0)) -> KIRMIZI TORTİLLAS 25 CM | I34: =IF(B34="","",VLOOKUP(AB34,Varsayımlar!$B:$Q,6,0)) -> SADE | J34: 84 | L34: =J34/84 -> 1 | O34: =IF(B34="","",VLOOKUP(AB34,Varsayımlar!$B:$Q,7,0)*J34) -> 1512 | P34: =IF(B34="","",VLOOKUP(AB34,Varsayımlar!$B:$Q,8,0)) -> 25 | Q34: =IF(B34="","",VLOOKUP(AB34,Varsayımlar!$B:$Q,9,0)) -> IRAK SOFT | R34: =IF(B34="","",VLOOKUP(AB34,Varsayımlar!$B:$Q,10,0)) -> 6 | S34: =IF(B34="","",VLOOKUP(AB34,Varsayımlar!$B:$Q,11,0)) -> 18 | T34: =IF(B34="","",VLOOKUP(AB34,Varsayımlar!$B:$Q,12,0)) -> 375 | U34: =IF(B34="","",VLOOKUP(AB34,Varsayımlar!$B:$Q,13,0)) -> YURTDIŞI | V34: =IF(B34="","",VLOOKUP(AB34,Varsayımlar!$B:$Q,14,0)) -> 9 | W34: 46174 | X34: 46447 | Y34: 26060125 | Z34: =IF(B34="","",VLOOKUP(AB34,Varsayımlar!$B:$Q,15,0)) -> KIRMIZI - ÜRETİM TARİHLİ ETİKET | AA34: =IF(B34="","",VLOOKUP(AB34,Varsayımlar!$B:$Q,16,0)) -> 24-26 CM | AB34: =IF(B34="","",CONCATENATE(B34,D34)) -> GERMESKırmızı Tortillas-Germes-25cm 375g
A35: 4. | B35: SMART LLC | C35: =IF(B35="","",VLOOKUP(AB35,Varsayımlar!$B:$Q,3,0)) -> 8698829380698 | D35: TORTİLLAS SAMAKAT 20CM 166G | F35: KAREKODSUZ ÜRETİLECEK | G35: =IF(B35="","",VLOOKUP(AB35,Varsayımlar!$B:$Q,5,0)) -> TORTİLLAS 20CM (SAMAKAT BİLGİLERİ EKLİ) | I35: =IF(B35="","",VLOOKUP(AB35,Varsayımlar!$B:$Q,6,0)) -> SADE | J35: 2475 | L35: =J35/225 -> 11 | O35: =IF(B35="","",VLOOKUP(AB35,Varsayımlar!$B:$Q,7,0)*J35) -> 34650 | P35: =IF(B35="","",VLOOKUP(AB35,Varsayımlar!$B:$Q,8,0)) -> 20 | Q35: =IF(B35="","",VLOOKUP(AB35,Varsayımlar!$B:$Q,9,0)) -> IRAK SOFT | R35: =IF(B35="","",VLOOKUP(AB35,Varsayımlar!$B:$Q,10,0)) -> 4 | S35: =IF(B35="","",VLOOKUP(AB35,Varsayımlar!$B:$Q,11,0)) -> 14 | T35: =IF(B35="","",VLOOKUP(AB35,Varsayımlar!$B:$Q,12,0)) -> 166 | U35: =IF(B35="","",VLOOKUP(AB35,Varsayımlar!$B:$Q,13,0)) -> YURTDIŞI | V35: =IF(B35="","",VLOOKUP(AB35,Varsayımlar!$B:$Q,14,0)) -> 9 | W35: 46174 | X35: 46447 | Y35: 26060120 | Z35: =IF(B35="","",VLOOKUP(AB35,Varsayımlar!$B:$Q,15,0)) -> SİYAH KARE KOLİ- Üretim Tarihi Etiketli | AA35: =IF(B35="","",VLOOKUP(AB35,Varsayımlar!$B:$Q,16,0)) -> 19-21 CM | AB35: =IF(B35="","",CONCATENATE(B35,D35)) -> SMART LLCTORTİLLAS SAMAKAT 20CM 166G
A36: 5. | B36: LLC TRİTON | C36: =IF(B36="","",VLOOKUP(AB36,Varsayımlar!$B:$Q,3,0)) -> 8698829380698 | D36: MUTLUKAL WHEAT TORTILLA | E36: KB-006501 | F36: ZPM-015047 | G36: =IF(B36="","",VLOOKUP(AB36,Varsayımlar!$B:$Q,5,0)) -> TORTİLLAS 25 CM 4 PCS 260G | I36: =IF(B36="","",VLOOKUP(AB36,Varsayımlar!$B:$Q,6,0)) -> SADE | J36: 2016 | L36: =J36/84 -> 24 | O36: =IF(B36="","",VLOOKUP(AB36,Varsayımlar!$B:$Q,7,0)*J36) -> 60480 | P36: =IF(B36="","",VLOOKUP(AB36,Varsayımlar!$B:$Q,8,0)) -> 25 | Q36: =IF(B36="","",VLOOKUP(AB36,Varsayımlar!$B:$Q,9,0)) -> SOFT | R36: =IF(B36="","",VLOOKUP(AB36,Varsayımlar!$B:$Q,10,0)) -> 4 | S36: =IF(B36="","",VLOOKUP(AB36,Varsayımlar!$B:$Q,11,0)) -> 30 | T36: =IF(B36="","",VLOOKUP(AB36,Varsayımlar!$B:$Q,12,0)) -> 260 | U36: =IF(B36="","",VLOOKUP(AB36,Varsayımlar!$B:$Q,13,0)) -> YURTDIŞI | V36: =IF(B36="","",VLOOKUP(AB36,Varsayımlar!$B:$Q,14,0)) -> 6 | W36: 46176 | X36: 46359 | Y36: 26060325-2 | Z36: =IF(B36="","",VLOOKUP(AB36,Varsayımlar!$B:$Q,15,0)) -> TRİTON -SKT ATILACAK | AA36: =IF(B36="","",VLOOKUP(AB36,Varsayımlar!$B:$Q,16,0)) -> 24-26 CM | AB36: =IF(B36="","",CONCATENATE(B36,D36)) -> LLC TRİTONMUTLUKAL WHEAT TORTILLA
A37: 6. | B37: LLC TRİTON | C37: =IF(B37="","",VLOOKUP(AB37,Varsayımlar!$B:$Q,3,0)) -> 8698829380698 | D37: MUTLUKAL WHEAT TORTILLA | E37: KB-006501 | F37: Z13-007146 | G37: =IF(B37="","",VLOOKUP(AB37,Varsayımlar!$B:$Q,5,0)) -> TORTİLLAS 25 CM 4 PCS 260G | I37: =IF(B37="","",VLOOKUP(AB37,Varsayımlar!$B:$Q,6,0)) -> SADE | J37: 420 | L37: =J37/84 -> 5 | O37: =IF(B37="","",VLOOKUP(AB37,Varsayımlar!$B:$Q,7,0)*J37) -> 12600 | P37: =IF(B37="","",VLOOKUP(AB37,Varsayımlar!$B:$Q,8,0)) -> 25 | Q37: =IF(B37="","",VLOOKUP(AB37,Varsayımlar!$B:$Q,9,0)) -> SOFT | R37: =IF(B37="","",VLOOKUP(AB37,Varsayımlar!$B:$Q,10,0)) -> 4 | S37: =IF(B37="","",VLOOKUP(AB37,Varsayımlar!$B:$Q,11,0)) -> 30 | T37: =IF(B37="","",VLOOKUP(AB37,Varsayımlar!$B:$Q,12,0)) -> 260 | U37: =IF(B37="","",VLOOKUP(AB37,Varsayımlar!$B:$Q,13,0)) -> YURTDIŞI | V37: =IF(B37="","",VLOOKUP(AB37,Varsayımlar!$B:$Q,14,0)) -> 6 | W37: 46176 | X37: 46359 | Y37: 26060325-2 | Z37: =IF(B37="","",VLOOKUP(AB37,Varsayımlar!$B:$Q,15,0)) -> TRİTON -SKT ATILACAK | AA37: =IF(B37="","",VLOOKUP(AB37,Varsayımlar!$B:$Q,16,0)) -> 24-26 CM | AB37: =IF(B37="","",CONCATENATE(B37,D37)) -> LLC TRİTONMUTLUKAL WHEAT TORTILLA
A38: 7. | B38: SMART LLC | C38: =IF(B38="","",VLOOKUP(AB38,Varsayımlar!$B:$Q,3,0)) -> 8698829380698 | D38: TORTİLLAS SAMAKAT 20CM 166G | F38: KAREKODSUZ ÜRETİLECEK | G38: =IF(B38="","",VLOOKUP(AB38,Varsayımlar!$B:$Q,5,0)) -> TORTİLLAS 20CM (SAMAKAT BİLGİLERİ EKLİ) | I38: =IF(B38="","",VLOOKUP(AB38,Varsayımlar!$B:$Q,6,0)) -> SADE | J38: 2475 | L38: =J38/225 -> 11 | O38: =IF(B38="","",VLOOKUP(AB38,Varsayımlar!$B:$Q,7,0)*J38) -> 34650 | P38: =IF(B38="","",VLOOKUP(AB38,Varsayımlar!$B:$Q,8,0)) -> 20 | Q38: =IF(B38="","",VLOOKUP(AB38,Varsayımlar!$B:$Q,9,0)) -> IRAK SOFT | R38: =IF(B38="","",VLOOKUP(AB38,Varsayımlar!$B:$Q,10,0)) -> 4 | S38: =IF(B38="","",VLOOKUP(AB38,Varsayımlar!$B:$Q,11,0)) -> 14 | T38: =IF(B38="","",VLOOKUP(AB38,Varsayımlar!$B:$Q,12,0)) -> 166 | U38: =IF(B38="","",VLOOKUP(AB38,Varsayımlar!$B:$Q,13,0)) -> YURTDIŞI | V38: =IF(B38="","",VLOOKUP(AB38,Varsayımlar!$B:$Q,14,0)) -> 9 | W38: 46181 | X38: 46454 | Y38: 26060820 | Z38: =IF(B38="","",VLOOKUP(AB38,Varsayımlar!$B:$Q,15,0)) -> SİYAH KARE KOLİ- Üretim Tarihi Etiketli | AA38: =IF(B38="","",VLOOKUP(AB38,Varsayımlar!$B:$Q,16,0)) -> 19-21 CM | AB38: =IF(B38="","",CONCATENATE(B38,D38)) -> SMART LLCTORTİLLAS SAMAKAT 20CM 166G
A39: 8. | B39: LLC KOTOR | C39: =IF(B39="","",VLOOKUP(AB39,Varsayımlar!$B:$Q,3,0)) -> 8698829380698 | D39: MANETKA SADE 20CM 166G | E39: 04620478612497-1 | F39: 04620478612497-1 (100800) SADE 20CM | G39: =IF(B39="","",VLOOKUP(AB39,Varsayımlar!$B:$Q,5,0)) -> MANETKA SADE 20CM 166G | I39: =IF(B39="","",VLOOKUP(AB39,Varsayımlar!$B:$Q,6,0)) -> SADE | J39: 7200 | L39: =J39/225 -> 32 | O39: =IF(B39="","",VLOOKUP(AB39,Varsayımlar!$B:$Q,7,0)*J39) -> 100800 | P39: =IF(B39="","",VLOOKUP(AB39,Varsayımlar!$B:$Q,8,0)) -> 20 | Q39: =IF(B39="","",VLOOKUP(AB39,Varsayımlar!$B:$Q,9,0)) -> IRAK SOFT | R39: =IF(B39="","",VLOOKUP(AB39,Varsayımlar!$B:$Q,10,0)) -> 4 | S39: =IF(B39="","",VLOOKUP(AB39,Varsayımlar!$B:$Q,11,0)) -> 14 | T39: =IF(B39="","",VLOOKUP(AB39,Varsayımlar!$B:$Q,12,0)) -> 166 | U39: =IF(B39="","",VLOOKUP(AB39,Varsayımlar!$B:$Q,13,0)) -> YURTDIŞI | V39: =IF(B39="","",VLOOKUP(AB39,Varsayımlar!$B:$Q,14,0)) -> 6 | W39: 46182 | X39: 46365 | Y39: 26060920 | Z39: =IF(B39="","",VLOOKUP(AB39,Varsayımlar!$B:$Q,15,0)) -> SİYAH KARE KOLİ-ÜRETİM TARİHLİ ETİKET | AA39: =IF(B39="","",VLOOKUP(AB39,Varsayımlar!$B:$Q,16,0)) -> 19-21 CM | AB39: =IF(B39="","",CONCATENATE(B39,D39)) -> LLC KOTORMANETKA SADE 20CM 166G
A40: 9. | B40: MAYDONOZ DÖNER | C40: =IF(B40="","",VLOOKUP(AB40,Varsayımlar!$B:$Q,3,0)) -> 8698829380698 | D40: Mutlukal Tortillas 15cm 250g | G40: =IF(B40="","",VLOOKUP(AB40,Varsayımlar!$B:$Q,5,0)) -> Mutlukal Tortillas 15cm | I40: =IF(B40="","",VLOOKUP(AB40,Varsayımlar!$B:$Q,6,0)) -> SADE | J40: 3168 | L40: =J40/96 -> 33 | O40: =IF(B40="","",VLOOKUP(AB40,Varsayımlar!$B:$Q,7,0)*J40) -> 31680 | P40: =IF(B40="","",VLOOKUP(AB40,Varsayımlar!$B:$Q,8,0)) -> 12 | Q40: =IF(B40="","",VLOOKUP(AB40,Varsayımlar!$B:$Q,9,0)) -> IRAK SOFT | R40: =IF(B40="","",VLOOKUP(AB40,Varsayımlar!$B:$Q,10,0)) -> 10 | S40: =IF(B40="","",VLOOKUP(AB40,Varsayımlar!$B:$Q,11,0)) -> 12 | T40: =IF(B40="","",VLOOKUP(AB40,Varsayımlar!$B:$Q,12,0)) -> 250 | U40: =IF(B40="","",VLOOKUP(AB40,Varsayımlar!$B:$Q,13,0)) -> YURTİÇİ | V40: =IF(B40="","",VLOOKUP(AB40,Varsayımlar!$B:$Q,14,0)) -> 6 | Z40: =IF(B40="","",VLOOKUP(AB40,Varsayımlar!$B:$Q,15,0)) -> 15CM KOLİ | AA40: =IF(B40="","",VLOOKUP(AB40,Varsayımlar!$B:$Q,16,0)) -> KESME-33-35G BEZE, KESİLMEMİŞ 16-18CM, 320-330G- KESİLMİŞ 245-250G | AB40: =IF(B40="","",CONCATENATE(B40,D40)) -> MAYDONOZ DÖNERMutlukal Tortillas 15cm 250g
A41: 10. | B41: SMART LLC | C41: =IF(B41="","",VLOOKUP(AB41,Varsayımlar!$B:$Q,3,0)) -> 8698829380698 | D41: TORTİLLAS SAMAKAT 20CM 166G | E41: 32 | F41: KAREKODSUZ ÜRETİLECEK | G41: =IF(B41="","",VLOOKUP(AB41,Varsayımlar!$B:$Q,5,0)) -> TORTİLLAS 20CM (SAMAKAT BİLGİLERİ EKLİ) | I41: =IF(B41="","",VLOOKUP(AB41,Varsayımlar!$B:$Q,6,0)) -> SADE | J41: 5850 | L41: =J41/225 -> 26 | O41: =IF(B41="","",VLOOKUP(AB41,Varsayımlar!$B:$Q,7,0)*J41) -> 81900 | P41: =IF(B41="","",VLOOKUP(AB41,Varsayımlar!$B:$Q,8,0)) -> 20 | Q41: =IF(B41="","",VLOOKUP(AB41,Varsayımlar!$B:$Q,9,0)) -> IRAK SOFT | R41: =IF(B41="","",VLOOKUP(AB41,Varsayımlar!$B:$Q,10,0)) -> 4 | S41: =IF(B41="","",VLOOKUP(AB41,Varsayımlar!$B:$Q,11,0)) -> 14 | T41: =IF(B41="","",VLOOKUP(AB41,Varsayımlar!$B:$Q,12,0)) -> 166 | U41: =IF(B41="","",VLOOKUP(AB41,Varsayımlar!$B:$Q,13,0)) -> YURTDIŞI | V41: =IF(B41="","",VLOOKUP(AB41,Varsayımlar!$B:$Q,14,0)) -> 9 | W41: 46188 | X41: 46461 | Y41: 26061520 | Z41: =IF(B41="","",VLOOKUP(AB41,Varsayımlar!$B:$Q,15,0)) -> SİYAH KARE KOLİ- Üretim Tarihi Etiketli | AA41: =IF(B41="","",VLOOKUP(AB41,Varsayımlar!$B:$Q,16,0)) -> 19-21 CM | AB41: =IF(B41="","",CONCATENATE(B41,D41)) -> SMART LLCTORTİLLAS SAMAKAT 20CM 166G
C42: =IF(B42="","",VLOOKUP(AB42,Varsayımlar!$B:$Q,3,0)) | G42: =IF(B42="","",VLOOKUP(AB42,Varsayımlar!$B:$Q,5,0)) | I42: =IF(B42="","",VLOOKUP(AB42,Varsayımlar!$B:$Q,6,0)) | O42: =IF(B42="","",VLOOKUP(AB42,Varsayımlar!$B:$Q,7,0)*J42) | P42: =IF(B42="","",VLOOKUP(AB42,Varsayımlar!$B:$Q,8,0)) | Q42: =IF(B42="","",VLOOKUP(AB42,Varsayımlar!$B:$Q,9,0)) | R42: =IF(B42="","",VLOOKUP(AB42,Varsayımlar!$B:$Q,10,0)) | S42: =IF(B42="","",VLOOKUP(AB42,Varsayımlar!$B:$Q,11,0)) | T42: =IF(B42="","",VLOOKUP(AB42,Varsayımlar!$B:$Q,12,0)) | U42: =IF(B42="","",VLOOKUP(AB42,Varsayımlar!$B:$Q,13,0)) | V42: =IF(B42="","",VLOOKUP(AB42,Varsayımlar!$B:$Q,14,0)) | Z42: =IF(B42="","",VLOOKUP(AB42,Varsayımlar!$B:$Q,15,0)) | AA42: =IF(B42="","",VLOOKUP(AB42,Varsayımlar!$B:$Q,16,0)) | AB42: =IF(B42="","",CONCATENATE(B42,D42))
C43: =IF(B43="","",VLOOKUP(AB43,Varsayımlar!$B:$Q,3,0)) | G43: =IF(B43="","",VLOOKUP(AB43,Varsayımlar!$B:$Q,5,0)) | I43: =IF(B43="","",VLOOKUP(AB43,Varsayımlar!$B:$Q,6,0)) | O43: =IF(B43="","",VLOOKUP(AB43,Varsayımlar!$B:$Q,7,0)*J43) | P43: =IF(B43="","",VLOOKUP(AB43,Varsayımlar!$B:$Q,8,0)) | Q43: =IF(B43="","",VLOOKUP(AB43,Varsayımlar!$B:$Q,9,0)) | R43: =IF(B43="","",VLOOKUP(AB43,Varsayımlar!$B:$Q,10,0)) | S43: =IF(B43="","",VLOOKUP(AB43,Varsayımlar!$B:$Q,11,0)) | T43: =IF(B43="","",VLOOKUP(AB43,Varsayımlar!$B:$Q,12,0)) | U43: =IF(B43="","",VLOOKUP(AB43,Varsayımlar!$B:$Q,13,0)) | V43: =IF(B43="","",VLOOKUP(AB43,Varsayımlar!$B:$Q,14,0)) | Z43: =IF(B43="","",VLOOKUP(AB43,Varsayımlar!$B:$Q,15,0)) | AA43: =IF(B43="","",VLOOKUP(AB43,Varsayımlar!$B:$Q,16,0)) | AB43: =IF(B43="","",CONCATENATE(B43,D43))
C44: =IF(B44="","",VLOOKUP(AB44,Varsayımlar!$B:$Q,3,0)) | G44: =IF(B44="","",VLOOKUP(AB44,Varsayımlar!$B:$Q,5,0)) | I44: =IF(B44="","",VLOOKUP(AB44,Varsayımlar!$B:$Q,6,0)) | O44: =IF(B44="","",VLOOKUP(AB44,Varsayımlar!$B:$Q,7,0)*J44) | P44: =IF(B44="","",VLOOKUP(AB44,Varsayımlar!$B:$Q,8,0)) | Q44: =IF(B44="","",VLOOKUP(AB44,Varsayımlar!$B:$Q,9,0)) | R44: =IF(B44="","",VLOOKUP(AB44,Varsayımlar!$B:$Q,10,0)) | S44: =IF(B44="","",VLOOKUP(AB44,Varsayımlar!$B:$Q,11,0)) | T44: =IF(B44="","",VLOOKUP(AB44,Varsayımlar!$B:$Q,12,0)) | U44: =IF(B44="","",VLOOKUP(AB44,Varsayımlar!$B:$Q,13,0)) | V44: =IF(B44="","",VLOOKUP(AB44,Varsayımlar!$B:$Q,14,0)) | Z44: =IF(B44="","",VLOOKUP(AB44,Varsayımlar!$B:$Q,15,0)) | AA44: =IF(B44="","",VLOOKUP(AB44,Varsayımlar!$B:$Q,16,0)) | AB44: =IF(B44="","",CONCATENATE(B44,D44))
C45: =IF(B45="","",VLOOKUP(AB45,Varsayımlar!$B:$Q,3,0)) | G45: =IF(B45="","",VLOOKUP(AB45,Varsayımlar!$B:$Q,5,0)) | I45: =IF(B45="","",VLOOKUP(AB45,Varsayımlar!$B:$Q,6,0)) | O45: =IF(B45="","",VLOOKUP(AB45,Varsayımlar!$B:$Q,7,0)*J45) | P45: =IF(B45="","",VLOOKUP(AB45,Varsayımlar!$B:$Q,8,0)) | Q45: =IF(B45="","",VLOOKUP(AB45,Varsayımlar!$B:$Q,9,0)) | R45: =IF(B45="","",VLOOKUP(AB45,Varsayımlar!$B:$Q,10,0)) | S45: =IF(B45="","",VLOOKUP(AB45,Varsayımlar!$B:$Q,11,0)) | T45: =IF(B45="","",VLOOKUP(AB45,Varsayımlar!$B:$Q,12,0)) | U45: =IF(B45="","",VLOOKUP(AB45,Varsayımlar!$B:$Q,13,0)) | V45: =IF(B45="","",VLOOKUP(AB45,Varsayımlar!$B:$Q,14,0)) | Z45: =IF(B45="","",VLOOKUP(AB45,Varsayımlar!$B:$Q,15,0)) | AA45: =IF(B45="","",VLOOKUP(AB45,Varsayımlar!$B:$Q,16,0)) | AB45: =IF(B45="","",CONCATENATE(B45,D45))
C46: =IF(B46="","",VLOOKUP(AB46,Varsayımlar!$B:$Q,3,0)) | G46: =IF(B46="","",VLOOKUP(AB46,Varsayımlar!$B:$Q,5,0)) | I46: =IF(B46="","",VLOOKUP(AB46,Varsayımlar!$B:$Q,6,0)) | O46: =IF(B46="","",VLOOKUP(AB46,Varsayımlar!$B:$Q,7,0)*J46) | P46: =IF(B46="","",VLOOKUP(AB46,Varsayımlar!$B:$Q,8,0)) | Q46: =IF(B46="","",VLOOKUP(AB46,Varsayımlar!$B:$Q,9,0)) | R46: =IF(B46="","",VLOOKUP(AB46,Varsayımlar!$B:$Q,10,0)) | S46: =IF(B46="","",VLOOKUP(AB46,Varsayımlar!$B:$Q,11,0)) | T46: =IF(B46="","",VLOOKUP(AB46,Varsayımlar!$B:$Q,12,0)) | U46: =IF(B46="","",VLOOKUP(AB46,Varsayımlar!$B:$Q,13,0)) | V46: =IF(B46="","",VLOOKUP(AB46,Varsayımlar!$B:$Q,14,0)) | Z46: =IF(B46="","",VLOOKUP(AB46,Varsayımlar!$B:$Q,15,0)) | AA46: =IF(B46="","",VLOOKUP(AB46,Varsayımlar!$B:$Q,16,0)) | AB46: =IF(B46="","",CONCATENATE(B46,D46))
C47: =IF(B47="","",VLOOKUP(AB47,Varsayımlar!$B:$Q,3,0)) | G47: =IF(B47="","",VLOOKUP(AB47,Varsayımlar!$B:$Q,5,0)) | I47: =IF(B47="","",VLOOKUP(AB47,Varsayımlar!$B:$Q,6,0)) | O47: =IF(B47="","",VLOOKUP(AB47,Varsayımlar!$B:$Q,7,0)*J47) | P47: =IF(B47="","",VLOOKUP(AB47,Varsayımlar!$B:$Q,8,0)) | Q47: =IF(B47="","",VLOOKUP(AB47,Varsayımlar!$B:$Q,9,0)) | R47: =IF(B47="","",VLOOKUP(AB47,Varsayımlar!$B:$Q,10,0)) | S47: =IF(B47="","",VLOOKUP(AB47,Varsayımlar!$B:$Q,11,0)) | T47: =IF(B47="","",VLOOKUP(AB47,Varsayımlar!$B:$Q,12,0)) | U47: =IF(B47="","",VLOOKUP(AB47,Varsayımlar!$B:$Q,13,0)) | V47: =IF(B47="","",VLOOKUP(AB47,Varsayımlar!$B:$Q,14,0)) | Z47: =IF(B47="","",VLOOKUP(AB47,Varsayımlar!$B:$Q,15,0)) | AA47: =IF(B47="","",VLOOKUP(AB47,Varsayımlar!$B:$Q,16,0)) | AB47: =IF(B47="","",CONCATENATE(B47,D47))
C48: =IF(B48="","",VLOOKUP(AB48,Varsayımlar!$B:$Q,3,0)) | G48: =IF(B48="","",VLOOKUP(AB48,Varsayımlar!$B:$Q,5,0)) | I48: =IF(B48="","",VLOOKUP(AB48,Varsayımlar!$B:$Q,6,0)) | O48: =IF(B48="","",VLOOKUP(AB48,Varsayımlar!$B:$Q,7,0)*J48) | P48: =IF(B48="","",VLOOKUP(AB48,Varsayımlar!$B:$Q,8,0)) | Q48: =IF(B48="","",VLOOKUP(AB48,Varsayımlar!$B:$Q,9,0)) | R48: =IF(B48="","",VLOOKUP(AB48,Varsayımlar!$B:$Q,10,0)) | S48: =IF(B48="","",VLOOKUP(AB48,Varsayımlar!$B:$Q,11,0)) | T48: =IF(B48="","",VLOOKUP(AB48,Varsayımlar!$B:$Q,12,0)) | U48: =IF(B48="","",VLOOKUP(AB48,Varsayımlar!$B:$Q,13,0)) | V48: =IF(B48="","",VLOOKUP(AB48,Varsayımlar!$B:$Q,14,0)) | Z48: =IF(B48="","",VLOOKUP(AB48,Varsayımlar!$B:$Q,15,0)) | AA48: =IF(B48="","",VLOOKUP(AB48,Varsayımlar!$B:$Q,16,0)) | AB48: =IF(B48="","",CONCATENATE(B48,D48))
C49: =IF(B49="","",VLOOKUP(AB49,Varsayımlar!$B:$Q,3,0)) | G49: =IF(B49="","",VLOOKUP(AB49,Varsayımlar!$B:$Q,5,0)) | I49: =IF(B49="","",VLOOKUP(AB49,Varsayımlar!$B:$Q,6,0)) | O49: =IF(B49="","",VLOOKUP(AB49,Varsayımlar!$B:$Q,7,0)*J49) | P49: =IF(B49="","",VLOOKUP(AB49,Varsayımlar!$B:$Q,8,0)) | Q49: =IF(B49="","",VLOOKUP(AB49,Varsayımlar!$B:$Q,9,0)) | R49: =IF(B49="","",VLOOKUP(AB49,Varsayımlar!$B:$Q,10,0)) | S49: =IF(B49="","",VLOOKUP(AB49,Varsayımlar!$B:$Q,11,0)) | T49: =IF(B49="","",VLOOKUP(AB49,Varsayımlar!$B:$Q,12,0)) | U49: =IF(B49="","",VLOOKUP(AB49,Varsayımlar!$B:$Q,13,0)) | V49: =IF(B49="","",VLOOKUP(AB49,Varsayımlar!$B:$Q,14,0)) | Z49: =IF(B49="","",VLOOKUP(AB49,Varsayımlar!$B:$Q,15,0)) | AA49: =IF(B49="","",VLOOKUP(AB49,Varsayımlar!$B:$Q,16,0)) | AB49: =IF(B49="","",CONCATENATE(B49,D49))
C50: =IF(B50="","",VLOOKUP(AB50,Varsayımlar!$B:$Q,3,0)) | G50: =IF(B50="","",VLOOKUP(AB50,Varsayımlar!$B:$Q,5,0)) | I50: =IF(B50="","",VLOOKUP(AB50,Varsayımlar!$B:$Q,6,0)) | O50: =IF(B50="","",VLOOKUP(AB50,Varsayımlar!$B:$Q,7,0)*J50) | P50: =IF(B50="","",VLOOKUP(AB50,Varsayımlar!$B:$Q,8,0)) | Q50: =IF(B50="","",VLOOKUP(AB50,Varsayımlar!$B:$Q,9,0)) | R50: =IF(B50="","",VLOOKUP(AB50,Varsayımlar!$B:$Q,10,0)) | S50: =IF(B50="","",VLOOKUP(AB50,Varsayımlar!$B:$Q,11,0)) | T50: =IF(B50="","",VLOOKUP(AB50,Varsayımlar!$B:$Q,12,0)) | U50: =IF(B50="","",VLOOKUP(AB50,Varsayımlar!$B:$Q,13,0)) | V50: =IF(B50="","",VLOOKUP(AB50,Varsayımlar!$B:$Q,14,0)) | Z50: =IF(B50="","",VLOOKUP(AB50,Varsayımlar!$B:$Q,15,0)) | AA50: =IF(B50="","",VLOOKUP(AB50,Varsayımlar!$B:$Q,16,0)) | AB50: =IF(B50="","",CONCATENATE(B50,D50))
C51: =IF(B51="","",VLOOKUP(AB51,Varsayımlar!$B:$Q,3,0)) | G51: =IF(B51="","",VLOOKUP(AB51,Varsayımlar!$B:$Q,5,0)) | I51: =IF(B51="","",VLOOKUP(AB51,Varsayımlar!$B:$Q,6,0)) | O51: =IF(B51="","",VLOOKUP(AB51,Varsayımlar!$B:$Q,7,0)*J51) | P51: =IF(B51="","",VLOOKUP(AB51,Varsayımlar!$B:$Q,8,0)) | Q51: =IF(B51="","",VLOOKUP(AB51,Varsayımlar!$B:$Q,9,0)) | R51: =IF(B51="","",VLOOKUP(AB51,Varsayımlar!$B:$Q,10,0)) | S51: =IF(B51="","",VLOOKUP(AB51,Varsayımlar!$B:$Q,11,0)) | T51: =IF(B51="","",VLOOKUP(AB51,Varsayımlar!$B:$Q,12,0)) | U51: =IF(B51="","",VLOOKUP(AB51,Varsayımlar!$B:$Q,13,0)) | V51: =IF(B51="","",VLOOKUP(AB51,Varsayımlar!$B:$Q,14,0)) | Z51: =IF(B51="","",VLOOKUP(AB51,Varsayımlar!$B:$Q,15,0)) | AA51: =IF(B51="","",VLOOKUP(AB51,Varsayımlar!$B:$Q,16,0)) | AB51: =IF(B51="","",CONCATENATE(B51,D51))
C52: =IF(B52="","",VLOOKUP(AB52,Varsayımlar!$B:$Q,3,0)) | G52: =IF(B52="","",VLOOKUP(AB52,Varsayımlar!$B:$Q,5,0)) | I52: =IF(B52="","",VLOOKUP(AB52,Varsayımlar!$B:$Q,6,0)) | O52: =IF(B52="","",VLOOKUP(AB52,Varsayımlar!$B:$Q,7,0)*J52) | P52: =IF(B52="","",VLOOKUP(AB52,Varsayımlar!$B:$Q,8,0)) | Q52: =IF(B52="","",VLOOKUP(AB52,Varsayımlar!$B:$Q,9,0)) | R52: =IF(B52="","",VLOOKUP(AB52,Varsayımlar!$B:$Q,10,0)) | S52: =IF(B52="","",VLOOKUP(AB52,Varsayımlar!$B:$Q,11,0)) | T52: =IF(B52="","",VLOOKUP(AB52,Varsayımlar!$B:$Q,12,0)) | U52: =IF(B52="","",VLOOKUP(AB52,Varsayımlar!$B:$Q,13,0)) | V52: =IF(B52="","",VLOOKUP(AB52,Varsayımlar!$B:$Q,14,0)) | Z52: =IF(B52="","",VLOOKUP(AB52,Varsayımlar!$B:$Q,15,0)) | AA52: =IF(B52="","",VLOOKUP(AB52,Varsayımlar!$B:$Q,16,0)) | AB52: =IF(B52="","",CONCATENATE(B52,D52))
C53: =IF(B53="","",VLOOKUP(AB53,Varsayımlar!$B:$Q,3,0)) | G53: =IF(B53="","",VLOOKUP(AB53,Varsayımlar!$B:$Q,5,0)) | I53: =IF(B53="","",VLOOKUP(AB53,Varsayımlar!$B:$Q,6,0)) | O53: =IF(B53="","",VLOOKUP(AB53,Varsayımlar!$B:$Q,7,0)*J53) | P53: =IF(B53="","",VLOOKUP(AB53,Varsayımlar!$B:$Q,8,0)) | Q53: =IF(B53="","",VLOOKUP(AB53,Varsayımlar!$B:$Q,9,0)) | R53: =IF(B53="","",VLOOKUP(AB53,Varsayımlar!$B:$Q,10,0)) | S53: =IF(B53="","",VLOOKUP(AB53,Varsayımlar!$B:$Q,11,0)) | T53: =IF(B53="","",VLOOKUP(AB53,Varsayımlar!$B:$Q,12,0)) | U53: =IF(B53="","",VLOOKUP(AB53,Varsayımlar!$B:$Q,13,0)) | V53: =IF(B53="","",VLOOKUP(AB53,Varsayımlar!$B:$Q,14,0)) | Z53: =IF(B53="","",VLOOKUP(AB53,Varsayımlar!$B:$Q,15,0)) | AA53: =IF(B53="","",VLOOKUP(AB53,Varsayımlar!$B:$Q,16,0)) | AB53: =IF(B53="","",CONCATENATE(B53,D53))
... C1351: =IF(B1351="","",VLOOKUP(AB1351,Varsayımlar!$B:$Q,3,0)) | G1351: =IF(B1351="","",VLOOKUP(AB1351,Varsayımlar!$B:$Q,5,0)) | I1351: =IF(B1351="","",VLOOKUP(AB1351,Varsayımlar!$B:$Q,6,0)) | O1351: =IF(B1351="","",VLOOKUP(AB1351,Varsayımlar!$B:$Q,7,0)*J1351) | P1351: =IF(B1351="","",VLOOKUP(AB1351,Varsayımlar!$B:$Q,8,0)) | Q1351: =IF(B1351="","",VLOOKUP(AB1351,Varsayımlar!$B:$Q,9,0)) | R1351: =IF(B1351="","",VLOOKUP(AB1351,Varsayımlar!$B:$Q,10,0)) | S1351: =IF(B1351="","",VLOOKUP(AB1351,Varsayımlar!$B:$Q,11,0)) | T1351: =IF(B1351="","",VLOOKUP(AB1351,Varsayımlar!$B:$Q,12,0)) | U1351: =IF(B1351="","",VLOOKUP(AB1351,Varsayımlar!$B:$Q,13,0)) | V1351: =IF(B1351="","",VLOOKUP(AB1351,Varsayımlar!$B:$Q,14,0)) | Z1351: =IF(B1351="","",VLOOKUP(AB1351,Varsayımlar!$B:$Q,15,0)) | AA1351: =IF(B1351="","",VLOOKUP(AB1351,Varsayımlar!$B:$Q,16,0)) | AB1351: =IF(B1351="","",CONCATENATE(B1351,D1351))
C1352: =IF(B1352="","",VLOOKUP(AB1352,Varsayımlar!$B:$Q,3,0)) | G1352: =IF(B1352="","",VLOOKUP(AB1352,Varsayımlar!$B:$Q,5,0)) | I1352: =IF(B1352="","",VLOOKUP(AB1352,Varsayımlar!$B:$Q,6,0)) | O1352: =IF(B1352="","",VLOOKUP(AB1352,Varsayımlar!$B:$Q,7,0)*J1352) | P1352: =IF(B1352="","",VLOOKUP(AB1352,Varsayımlar!$B:$Q,8,0)) | Q1352: =IF(B1352="","",VLOOKUP(AB1352,Varsayımlar!$B:$Q,9,0)) | R1352: =IF(B1352="","",VLOOKUP(AB1352,Varsayımlar!$B:$Q,10,0)) | S1352: =IF(B1352="","",VLOOKUP(AB1352,Varsayımlar!$B:$Q,11,0)) | Z1352: =IF(B1352="","",VLOOKUP(AB1352,Varsayımlar!$B:$Q,15,0)) | AA1352: =IF(B1352="","",VLOOKUP(AB1352,Varsayımlar!$B:$Q,16,0)) | AB1352: =IF(B1352="","",CONCATENATE(B1352,D1352))

Sheet Sayfa1
A1: MUTLUKAL İŞ EMRİ
A2: MAKİNE 1 | AA2: 46175 | AB2: 0.55208333
A3: SIRA | B3: FİRMA | C3: GTIN KODU | D3: ARAÇ SAYISI | E3: PRODUCT NAME / ÜRÜN ADI | F3: ORDER NUMBER / SİPARİŞ NUMARASI | G3: KAREKOD DOSYA ADI | H3: AMBALAJ | I3: AMBALAJ ETİKETİ | J3: CİNSİ | K3: ÜRETİLECEK MİKTAR/ KOLİ | L3: DEPO STOK / KOLİ | M3: ÜRETİLECEK MİKTAR/ PALET | N3: PALET/KOLİ | O3: SÜRE | P3: AMBALAJ MİKTAR | Q3: ÇAP | R3: FORMÜL | S3: PAKET İÇİ | T3: KOLİ İÇİ | U3: PAKET GRAMAJI | V3: TARİH | W3: SKT/AY | X3: ÜRT/PRD | Y3: TETT/EXP | Z3: PRT/LOT | AA3: KOLİ / TARİH | AB3: AÇIKLAMALAR | AC3: Birleştir
A4: 1. | B4: LLC TRİTON | C4: =IF(B4="","",VLOOKUP(AC4,Varsayımlar!$B:$Q,3,0)) -> 8698829380698 | E4: MUTLUKAL WHEAT TORTILLA | F4: KB-006321 | G4: ZP6-17971 | H4: =IF(B4="","",VLOOKUP(AC4,Varsayımlar!$B:$Q,5,0)) -> TORTİLLAS 25 CM 4 PCS 260G | J4: =IF(B4="","",VLOOKUP(AC4,Varsayımlar!$B:$Q,6,0)) -> SADE | K4: 1680 | M4: 20 | N4: 84 | P4: =IF(B4="","",VLOOKUP(AC4,Varsayımlar!$B:$Q,7,0)*K4) -> 50400 | Q4: =IF(B4="","",VLOOKUP(AC4,Varsayımlar!$B:$Q,8,0)) -> 25 | R4: =IF(B4="","",VLOOKUP(AC4,Varsayımlar!$B:$Q,9,0)) -> SOFT | S4: =IF(B4="","",VLOOKUP(AC4,Varsayımlar!$B:$Q,10,0)) -> 4 | T4: =IF(B4="","",VLOOKUP(AC4,Varsayımlar!$B:$Q,11,0)) -> 30 | U4: =IF(B4="","",VLOOKUP(AC4,Varsayımlar!$B:$Q,12,0)) -> 260 | V4: =IF(B4="","",VLOOKUP(AC4,Varsayımlar!$B:$Q,13,0)) -> YURTDIŞI | W4: =IF(B4="","",VLOOKUP(AC4,Varsayımlar!$B:$Q,14,0)) -> 6 | X4: 46176 | Y4: 46359 | Z4: 26060325-1 | AA4: =IF(B4="","",VLOOKUP(AC4,Varsayımlar!$B:$Q,15,0)) -> TRİTON -SKT ATILACAK | AB4: =IF(B4="","",VLOOKUP(AC4,Varsayımlar!$B:$Q,16,0)) -> 24-26 CM | AC4: =IF(B4="","",CONCATENATE(B4,E4)) -> LLC TRİTONMUTLUKAL WHEAT TORTILLA
A5: 2. | B5: LLC TRİTON | C5: =IF(B5="","",VLOOKUP(AC5,Varsayımlar!$B:$Q,3,0)) -> 8698829380698 | E5: MUTLUKAL WHEAT TORTILLA | F5: KB-006321 | G5: Z210006314 | H5: =IF(B5="","",VLOOKUP(AC5,Varsayımlar!$B:$Q,5,0)) -> TORTİLLAS 25 CM 4 PCS 260G | J5: =IF(B5="","",VLOOKUP(AC5,Varsayımlar!$B:$Q,6,0)) -> SADE | K5: 420 | M5: =K5/84 -> 5 | N5: 84 | P5: =IF(B5="","",VLOOKUP(AC5,Varsayımlar!$B:$Q,7,0)*K5) -> 12600 | Q5: =IF(B5="","",VLOOKUP(AC5,Varsayımlar!$B:$Q,8,0)) -> 25 | R5: =IF(B5="","",VLOOKUP(AC5,Varsayımlar!$B:$Q,9,0)) -> SOFT | S5: =IF(B5="","",VLOOKUP(AC5,Varsayımlar!$B:$Q,10,0)) -> 4 | T5: =IF(B5="","",VLOOKUP(AC5,Varsayımlar!$B:$Q,11,0)) -> 30 | U5: =IF(B5="","",VLOOKUP(AC5,Varsayımlar!$B:$Q,12,0)) -> 260 | V5: =IF(B5="","",VLOOKUP(AC5,Varsayımlar!$B:$Q,13,0)) -> YURTDIŞI | W5: =IF(B5="","",VLOOKUP(AC5,Varsayımlar!$B:$Q,14,0)) -> 6 | X5: 46176 | Y5: 46359 | Z5: 26060325-1 | AA5: =IF(B5="","",VLOOKUP(AC5,Varsayımlar!$B:$Q,15,0)) -> TRİTON -SKT ATILACAK | AB5: =IF(B5="","",VLOOKUP(AC5,Varsayımlar!$B:$Q,16,0)) -> 24-26 CM | AC5: =IF(B5="","",CONCATENATE(B5,E5)) -> LLC TRİTONMUTLUKAL WHEAT TORTILLA
A6: 3. | B6: LLC TRİTON | C6: =IF(B6="","",VLOOKUP(AC6,Varsayımlar!$B:$Q,3,0)) -> 8698829380698 | E6: MUTLUKAL WHEAT TORTILLA | F6: KB-006321 | G6: ZP3-012107 | H6: =IF(B6="","",VLOOKUP(AC6,Varsayımlar!$B:$Q,5,0)) -> TORTİLLAS 25 CM 4 PCS 260G | J6: =IF(B6="","",VLOOKUP(AC6,Varsayımlar!$B:$Q,6,0)) -> SADE | K6: 336 | M6: =K6/84 -> 4 | N6: 84 | P6: =IF(B6="","",VLOOKUP(AC6,Varsayımlar!$B:$Q,7,0)*K6) -> 10080 | Q6: =IF(B6="","",VLOOKUP(AC6,Varsayımlar!$B:$Q,8,0)) -> 25 | R6: =IF(B6="","",VLOOKUP(AC6,Varsayımlar!$B:$Q,9,0)) -> SOFT | S6: =IF(B6="","",VLOOKUP(AC6,Varsayımlar!$B:$Q,10,0)) -> 4 | T6: =IF(B6="","",VLOOKUP(AC6,Varsayımlar!$B:$Q,11,0)) -> 30 | U6: =IF(B6="","",VLOOKUP(AC6,Varsayımlar!$B:$Q,12,0)) -> 260 | V6: =IF(B6="","",VLOOKUP(AC6,Varsayımlar!$B:$Q,13,0)) -> YURTDIŞI | W6: =IF(B6="","",VLOOKUP(AC6,Varsayımlar!$B:$Q,14,0)) -> 6 | X6: 46176 | Y6: 46359 | Z6: 26060325-1 | AA6: =IF(B6="","",VLOOKUP(AC6,Varsayımlar!$B:$Q,15,0)) -> TRİTON -SKT ATILACAK | AB6: =IF(B6="","",VLOOKUP(AC6,Varsayımlar!$B:$Q,16,0)) -> 24-26 CM | AC6: =IF(B6="","",CONCATENATE(B6,E6)) -> LLC TRİTONMUTLUKAL WHEAT TORTILLA
A7: 4. | B7: LLC TRİTON | C7: =IF(B7="","",VLOOKUP(AC7,Varsayımlar!$B:$Q,3,0)) -> 8698829380698 | E7: MUTLUKAL WHEAT TORTILLA | F7: KB-006567 | G7: ZPD-012226 | H7: =IF(B7="","",VLOOKUP(AC7,Varsayımlar!$B:$Q,5,0)) -> TORTİLLAS 25 CM 4 PCS 260G | J7: =IF(B7="","",VLOOKUP(AC7,Varsayımlar!$B:$Q,6,0)) -> SADE | K7: 1680 | M7: =K7/84 -> 20 | N7: 84 | P7: =IF(B7="","",VLOOKUP(AC7,Varsayımlar!$B:$Q,7,0)*K7) -> 50400 | Q7: =IF(B7="","",VLOOKUP(AC7,Varsayımlar!$B:$Q,8,0)) -> 25 | R7: =IF(B7="","",VLOOKUP(AC7,Varsayımlar!$B:$Q,9,0)) -> SOFT | S7: =IF(B7="","",VLOOKUP(AC7,Varsayımlar!$B:$Q,10,0)) -> 4 | T7: =IF(B7="","",VLOOKUP(AC7,Varsayımlar!$B:$Q,11,0)) -> 30 | U7: =IF(B7="","",VLOOKUP(AC7,Varsayımlar!$B:$Q,12,0)) -> 260 | V7: =IF(B7="","",VLOOKUP(AC7,Varsayımlar!$B:$Q,13,0)) -> YURTDIŞI | W7: =IF(B7="","",VLOOKUP(AC7,Varsayımlar!$B:$Q,14,0)) -> 6 | X7: 46176 | Y7: 46359 | Z7: 26060325-3 | AA7: =IF(B7="","",VLOOKUP(AC7,Varsayımlar!$B:$Q,15,0)) -> TRİTON -SKT ATILACAK | AB7: =IF(B7="","",VLOOKUP(AC7,Varsayımlar!$B:$Q,16,0)) -> 24-26 CM | AC7: =IF(B7="","",CONCATENATE(B7,E7)) -> LLC TRİTONMUTLUKAL WHEAT TORTILLA
A8: 5. | B8: LLC TRİTON | C8: =IF(B8="","",VLOOKUP(AC8,Varsayımlar!$B:$Q,3,0)) -> 8698829380698 | E8: MUTLUKAL WHEAT TORTILLA | F8: KB-006567 | G8: Z190009938 | H8: =IF(B8="","",VLOOKUP(AC8,Varsayımlar!$B:$Q,5,0)) -> TORTİLLAS 25 CM 4 PCS 260G | J8: =IF(B8="","",VLOOKUP(AC8,Varsayımlar!$B:$Q,6,0)) -> SADE | K8: 756 | M8: =K8/84 -> 9 | N8: 84 | P8: =IF(B8="","",VLOOKUP(AC8,Varsayımlar!$B:$Q,7,0)*K8) -> 22680 | Q8: =IF(B8="","",VLOOKUP(AC8,Varsayımlar!$B:$Q,8,0)) -> 25 | R8: =IF(B8="","",VLOOKUP(AC8,Varsayımlar!$B:$Q,9,0)) -> SOFT | S8: =IF(B8="","",VLOOKUP(AC8,Varsayımlar!$B:$Q,10,0)) -> 4 | T8: =IF(B8="","",VLOOKUP(AC8,Varsayımlar!$B:$Q,11,0)) -> 30 | U8: =IF(B8="","",VLOOKUP(AC8,Varsayımlar!$B:$Q,12,0)) -> 260 | V8: =IF(B8="","",VLOOKUP(AC8,Varsayımlar!$B:$Q,13,0)) -> YURTDIŞI | W8: =IF(B8="","",VLOOKUP(AC8,Varsayımlar!$B:$Q,14,0)) -> 6 | X8: 46176 | Y8: 46359 | Z8: 26060325-3 | AA8: =IF(B8="","",VLOOKUP(AC8,Varsayımlar!$B:$Q,15,0)) -> TRİTON -SKT ATILACAK | AB8: =IF(B8="","",VLOOKUP(AC8,Varsayımlar!$B:$Q,16,0)) -> 24-26 CM | AC8: =IF(B8="","",CONCATENATE(B8,E8)) -> LLC TRİTONMUTLUKAL WHEAT TORTILLA
A9: 6. | B9: LLC TRİTON | C9: =IF(B9="","",VLOOKUP(AC9,Varsayımlar!$B:$Q,3,0)) -> 8698829380698 | E9: MUTLUKAL WHEAT TORTILLA | F9: KB-006502 | G9: ZPL-015636 | H9: =IF(B9="","",VLOOKUP(AC9,Varsayımlar!$B:$Q,5,0)) -> TORTİLLAS 25 CM 4 PCS 260G | J9: =IF(B9="","",VLOOKUP(AC9,Varsayımlar!$B:$Q,6,0)) -> SADE | K9: 1344 | M9: =K9/84 -> 16 | N9: 84 | P9: =IF(B9="","",VLOOKUP(AC9,Varsayımlar!$B:$Q,7,0)*K9) -> 40320 | Q9: =IF(B9="","",VLOOKUP(AC9,Varsayımlar!$B:$Q,8,0)) -> 25 | R9: =IF(B9="","",VLOOKUP(AC9,Varsayımlar!$B:$Q,9,0)) -> SOFT | S9: =IF(B9="","",VLOOKUP(AC9,Varsayımlar!$B:$Q,10,0)) -> 4 | T9: =IF(B9="","",VLOOKUP(AC9,Varsayımlar!$B:$Q,11,0)) -> 30 | U9: =IF(B9="","",VLOOKUP(AC9,Varsayımlar!$B:$Q,12,0)) -> 260 | V9: =IF(B9="","",VLOOKUP(AC9,Varsayımlar!$B:$Q,13,0)) -> YURTDIŞI | W9: =IF(B9="","",VLOOKUP(AC9,Varsayımlar!$B:$Q,14,0)) -> 6 | X9: 46177 | Y9: 46360 | Z9: 26060425-2 | AA9: =IF(B9="","",VLOOKUP(AC9,Varsayımlar!$B:$Q,15,0)) -> TRİTON -SKT ATILACAK | AB9: =IF(B9="","",VLOOKUP(AC9,Varsayımlar!$B:$Q,16,0)) -> 24-26 CM | AC9: =IF(B9="","",CONCATENATE(B9,E9)) -> LLC TRİTONMUTLUKAL WHEAT TORTILLA
A10: 7. | B10: LLC TRİTON | C10: =IF(B10="","",VLOOKUP(AC10,Varsayımlar!$B:$Q,3,0)) -> 8698829380698 | E10: MUTLUKAL WHEAT TORTILLA | F10: KB-006502 | G10: ZPK-013503 | H10: =IF(B10="","",VLOOKUP(AC10,Varsayımlar!$B:$Q,5,0)) -> TORTİLLAS 25 CM 4 PCS 260G | J10: =IF(B10="","",VLOOKUP(AC10,Varsayımlar!$B:$Q,6,0)) -> SADE | K10: 1092 | M10: =K10/84 -> 13 | N10: 84 | P10: =IF(B10="","",VLOOKUP(AC10,Varsayımlar!$B:$Q,7,0)*K10) -> 32760 | Q10: =IF(B10="","",VLOOKUP(AC10,Varsayımlar!$B:$Q,8,0)) -> 25 | R10: =IF(B10="","",VLOOKUP(AC10,Varsayımlar!$B:$Q,9,0)) -> SOFT | S10: =IF(B10="","",VLOOKUP(AC10,Varsayımlar!$B:$Q,10,0)) -> 4 | T10: =IF(B10="","",VLOOKUP(AC10,Varsayımlar!$B:$Q,11,0)) -> 30 | U10: =IF(B10="","",VLOOKUP(AC10,Varsayımlar!$B:$Q,12,0)) -> 260 | V10: =IF(B10="","",VLOOKUP(AC10,Varsayımlar!$B:$Q,13,0)) -> YURTDIŞI | W10: =IF(B10="","",VLOOKUP(AC10,Varsayımlar!$B:$Q,14,0)) -> 6 | X10: 46177 | Y10: 46360 | Z10: 26060425-2 | AA10: =IF(B10="","",VLOOKUP(AC10,Varsayımlar!$B:$Q,15,0)) -> TRİTON -SKT ATILACAK | AB10: =IF(B10="","",VLOOKUP(AC10,Varsayımlar!$B:$Q,16,0)) -> 24-26 CM | AC10: =IF(B10="","",CONCATENATE(B10,E10)) -> LLC TRİTONMUTLUKAL WHEAT TORTILLA
A11: 8. | B11: GERMES | C11: =IF(B11="","",VLOOKUP(AC11,Varsayımlar!$B:$Q,3,0)) -> 8698829380698 | E11: HANAMİ GERMES 25CM SADE 250G | F11: 46 | G11: 46-HANAMİ GERMES 25CM SADE 250G | H11: =IF(B11="","",VLOOKUP(AC11,Varsayımlar!$B:$Q,5,0)) -> HANAMİ 25 CM SADE (081) | J11: =IF(B11="","",VLOOKUP(AC11,Varsayımlar!$B:$Q,6,0)) -> SADE | K11: 588 | M11: 7 | N11: 84 | P11: =IF(B11="","",VLOOKUP(AC11,Varsayımlar!$B:$Q,7,0)*K11) -> 17640 | Q11: =IF(B11="","",VLOOKUP(AC11,Varsayımlar!$B:$Q,8,0)) -> 25 | R11: =IF(B11="","",VLOOKUP(AC11,Varsayımlar!$B:$Q,9,0)) -> IRAK SOFT | S11: =IF(B11="","",VLOOKUP(AC11,Varsayımlar!$B:$Q,10,0)) -> 4 | T11: =IF(B11="","",VLOOKUP(AC11,Varsayımlar!$B:$Q,11,0)) -> 30 | U11: =IF(B11="","",VLOOKUP(AC11,Varsayımlar!$B:$Q,12,0)) -> 250 | V11: =IF(B11="","",VLOOKUP(AC11,Varsayımlar!$B:$Q,13,0)) -> YURTDIŞI | W11: =IF(B11="","",VLOOKUP(AC11,Varsayımlar!$B:$Q,14,0)) -> 9 | X11: 46181 | Y11: 46454 | Z11: 26060825 | AA11: =IF(B11="","",VLOOKUP(AC11,Varsayımlar!$B:$Q,15,0)) -> HANAMİ MAVİ - ÜRETİM ATILACAK | AB11: =IF(B11="","",VLOOKUP(AC11,Varsayımlar!$B:$Q,16,0)) -> 24-26 CM | AC11: =IF(B11="","",CONCATENATE(B11,E11)) -> GERMESHANAMİ GERMES 25CM SADE 250G
A12: 9. | B12: GERMES | C12: =IF(B12="","",VLOOKUP(AC12,Varsayımlar!$B:$Q,3,0)) -> 8698829380698 | E12: Kırmızı Tortillas-Germes-25cm 375g | F12: 46 | G12: 46-Kırmızı Tortillas-Germes-25cm 375g | H12: =IF(B12="","",VLOOKUP(AC12,Varsayımlar!$B:$Q,5,0)) -> KIRMIZI TORTİLLAS 25 CM | I12: BARKOD ETİKETİ | J12: =IF(B12="","",VLOOKUP(AC12,Varsayımlar!$B:$Q,6,0)) -> SADE | K12: 84 | M12: 1 | N12: 84 | P12: =IF(B12="","",VLOOKUP(AC12,Varsayımlar!$B:$Q,7,0)*K12) -> 1512 | Q12: =IF(B12="","",VLOOKUP(AC12,Varsayımlar!$B:$Q,8,0)) -> 25 | R12: =IF(B12="","",VLOOKUP(AC12,Varsayımlar!$B:$Q,9,0)) -> IRAK SOFT | S12: =IF(B12="","",VLOOKUP(AC12,Varsayımlar!$B:$Q,10,0)) -> 6 | T12: =IF(B12="","",VLOOKUP(AC12,Varsayımlar!$B:$Q,11,0)) -> 18 | U12: =IF(B12="","",VLOOKUP(AC12,Varsayımlar!$B:$Q,12,0)) -> 375 | V12: =IF(B12="","",VLOOKUP(AC12,Varsayımlar!$B:$Q,13,0)) -> YURTDIŞI | W12: =IF(B12="","",VLOOKUP(AC12,Varsayımlar!$B:$Q,14,0)) -> 9 | X12: 46181 | Y12: 46454 | Z12: 26060825 | AA12: =IF(B12="","",VLOOKUP(AC12,Varsayımlar!$B:$Q,15,0)) -> KIRMIZI - ÜRETİM TARİHLİ ETİKET | AB12: =IF(B12="","",VLOOKUP(AC12,Varsayımlar!$B:$Q,16,0)) -> 24-26 CM | AC12: =IF(B12="","",CONCATENATE(B12,E12)) -> GERMESKırmızı Tortillas-Germes-25cm 375g
A13: 10. | B13: LLC TRİTON | C13: =IF(B13="","",VLOOKUP(AC13,Varsayımlar!$B:$Q,3,0)) -> 8698829380698 | E13: MUTLUKAL WHEAT TORTILLA | F13: KB-006582 | G13: ZPT-008984 | H13: =IF(B13="","",VLOOKUP(AC13,Varsayımlar!$B:$Q,5,0)) -> TORTİLLAS 25 CM 4 PCS 260G | J13: =IF(B13="","",VLOOKUP(AC13,Varsayımlar!$B:$Q,6,0)) -> SADE | K13: 588 | M13: =K13/84 -> 7 | N13: 84 | P13: =IF(B13="","",VLOOKUP(AC13,Varsayımlar!$B:$Q,7,0)*K13) -> 17640 | Q13: =IF(B13="","",VLOOKUP(AC13,Varsayımlar!$B:$Q,8,0)) -> 25 | R13: =IF(B13="","",VLOOKUP(AC13,Varsayımlar!$B:$Q,9,0)) -> SOFT | S13: =IF(B13="","",VLOOKUP(AC13,Varsayımlar!$B:$Q,10,0)) -> 4 | T13: =IF(B13="","",VLOOKUP(AC13,Varsayımlar!$B:$Q,11,0)) -> 30 | U13: =IF(B13="","",VLOOKUP(AC13,Varsayımlar!$B:$Q,12,0)) -> 260 | V13: =IF(B13="","",VLOOKUP(AC13,Varsayımlar!$B:$Q,13,0)) -> YURTDIŞI | W13: =IF(B13="","",VLOOKUP(AC13,Varsayımlar!$B:$Q,14,0)) -> 6 | X13: 46178 | Y13: 46361 | Z13: 26060525 | AA13: =IF(B13="","",VLOOKUP(AC13,Varsayımlar!$B:$Q,15,0)) -> TRİTON -SKT ATILACAK | AB13: =IF(B13="","",VLOOKUP(AC13,Varsayımlar!$B:$Q,16,0)) -> 24-26 CM | AC13: =IF(B13="","",CONCATENATE(B13,E13)) -> LLC TRİTONMUTLUKAL WHEAT TORTILLA
A14: 11. | B14: LLC TRİTON | C14: =IF(B14="","",VLOOKUP(AC14,Varsayımlar!$B:$Q,3,0)) -> 8698829380698 | E14: MUTLUKAL WHEAT TORTILLA | F14: KB-006582 | G14: ZPO-020470 | H14: =IF(B14="","",VLOOKUP(AC14,Varsayımlar!$B:$Q,5,0)) -> TORTİLLAS 25 CM 4 PCS 260G | J14: =IF(B14="","",VLOOKUP(AC14,Varsayımlar!$B:$Q,6,0)) -> SADE | K14: 1848 | M14: =K14/84 -> 22 | N14: 84 | P14: =IF(B14="","",VLOOKUP(AC14,Varsayımlar!$B:$Q,7,0)*K14) -> 55440 | Q14: =IF(B14="","",VLOOKUP(AC14,Varsayımlar!$B:$Q,8,0)) -> 25 | R14: =IF(B14="","",VLOOKUP(AC14,Varsayımlar!$B:$Q,9,0)) -> SOFT | S14: =IF(B14="","",VLOOKUP(AC14,Varsayımlar!$B:$Q,10,0)) -> 4 | T14: =IF(B14="","",VLOOKUP(AC14,Varsayımlar!$B:$Q,11,0)) -> 30 | U14: =IF(B14="","",VLOOKUP(AC14,Varsayımlar!$B:$Q,12,0)) -> 260 | V14: =IF(B14="","",VLOOKUP(AC14,Varsayımlar!$B:$Q,13,0)) -> YURTDIŞI | W14: =IF(B14="","",VLOOKUP(AC14,Varsayımlar!$B:$Q,14,0)) -> 6 | X14: 46178 | Y14: 46361 | Z14: 26060525 | AA14: =IF(B14="","",VLOOKUP(AC14,Varsayımlar!$B:$Q,15,0)) -> TRİTON -SKT ATILACAK | AB14: =IF(B14="","",VLOOKUP(AC14,Varsayımlar!$B:$Q,16,0)) -> 24-26 CM | AC14: =IF(B14="","",CONCATENATE(B14,E14)) -> LLC TRİTONMUTLUKAL WHEAT TORTILLA
A15: 12. | C15: =IF(B15="","",VLOOKUP(AC15,Varsayımlar!$B:$Q,3,0)) | H15: =IF(B15="","",VLOOKUP(AC15,Varsayımlar!$B:$Q,5,0)) | J15: =IF(B15="","",VLOOKUP(AC15,Varsayımlar!$B:$Q,6,0)) | M15: =K15/84 -> 0 | P15: =IF(B15="","",VLOOKUP(AC15,Varsayımlar!$B:$Q,7,0)*K15) | Q15: =IF(B15="","",VLOOKUP(AC15,Varsayımlar!$B:$Q,8,0)) | R15: =IF(B15="","",VLOOKUP(AC15,Varsayımlar!$B:$Q,9,0)) | S15: =IF(B15="","",VLOOKUP(AC15,Varsayımlar!$B:$Q,10,0)) | T15: =IF(B15="","",VLOOKUP(AC15,Varsayımlar!$B:$Q,11,0)) | U15: =IF(B15="","",VLOOKUP(AC15,Varsayımlar!$B:$Q,12,0)) | V15: =IF(B15="","",VLOOKUP(AC15,Varsayımlar!$B:$Q,13,0)) | W15: =IF(B15="","",VLOOKUP(AC15,Varsayımlar!$B:$Q,14,0)) | AA15: =IF(B15="","",VLOOKUP(AC15,Varsayımlar!$B:$Q,15,0)) | AB15: =IF(B15="","",VLOOKUP(AC15,Varsayımlar!$B:$Q,16,0)) | AC15: =IF(B15="","",CONCATENATE(B15,E15))
A16: 16. | C16: =IF(B16="","",VLOOKUP(AC16,Varsayımlar!$B:$Q,3,0)) | H16: =IF(B16="","",VLOOKUP(AC16,Varsayımlar!$B:$Q,5,0)) | J16: =IF(B16="","",VLOOKUP(AC16,Varsayımlar!$B:$Q,6,0)) | M16: =K16/84 -> 0 | P16: =IF(B16="","",VLOOKUP(AC16,Varsayımlar!$B:$Q,7,0)*K16) | Q16: =IF(B16="","",VLOOKUP(AC16,Varsayımlar!$B:$Q,8,0)) | R16: =IF(B16="","",VLOOKUP(AC16,Varsayımlar!$B:$Q,9,0)) | S16: =IF(B16="","",VLOOKUP(AC16,Varsayımlar!$B:$Q,10,0)) | T16: =IF(B16="","",VLOOKUP(AC16,Varsayımlar!$B:$Q,11,0)) | U16: =IF(B16="","",VLOOKUP(AC16,Varsayımlar!$B:$Q,12,0)) | V16: =IF(B16="","",VLOOKUP(AC16,Varsayımlar!$B:$Q,13,0)) | W16: =IF(B16="","",VLOOKUP(AC16,Varsayımlar!$B:$Q,14,0)) | AA16: =IF(B16="","",VLOOKUP(AC16,Varsayımlar!$B:$Q,15,0)) | AB16: =IF(B16="","",VLOOKUP(AC16,Varsayımlar!$B:$Q,16,0)) | AC16: =IF(B16="","",CONCATENATE(B16,E16))
A17: MAKİNE 2 (Kesmelerden Çıkanlar)
A18: SIRA | B18: FİRMA | C18: GTIN KODU | D18: ARAÇ SAYISI | E18: PRODUCT NAME / ÜRÜN ADI | F18: ORDER NUMBER / SİPARİŞ NUMARASI | G18: KAREKOD DOSYA ADI | H18: AMBALAJ | I18: AMBALAJ ETİKETİ | J18: CİNSİ | K18: ÜRETİLECEK MİKTAR/ KOLİ | L18: DEPO STOK / KOLİ | M18: ÜRETİLECEK MİKTAR/ PALET | N18: PALET/KOLİ | O18: SÜRE | P18: AMBALAJ MİKTAR | Q18: ÇAP | R18: FORMÜL | S18: PAKET İÇİ | T18: KOLİ İÇİ | U18: PAKET GRAMAJI | V18: TARİH | W18: SKT/AY | X18: ÜRT/PRD | Y18: TETT/EXP | Z18: PRT/LOT | AA18: KOLİ / TARİH | AB18: AÇIKLAMALAR | AC18: Birleştir
A19: 1. | B19: Maydonoz Döner | C19: =IF(B19="","",VLOOKUP(AC19,Varsayımlar!$B:$Q,3,0)) -> 8698829380698 | E19: Mutlukal Tortillas 15cm 250g | H19: =IF(B19="","",VLOOKUP(AC19,Varsayımlar!$B:$Q,5,0)) -> Mutlukal Tortillas 15cm | J19: =IF(B19="","",VLOOKUP(AC19,Varsayımlar!$B:$Q,6,0)) -> SADE | K19: Ne Çıkarsa | M19: =K19/84 -> #VALUE! | N19: 96 | P19: =IF(B19="","",VLOOKUP(AC19,Varsayımlar!$B:$Q,7,0)*K19) -> #VALUE! | Q19: =IF(B19="","",VLOOKUP(AC19,Varsayımlar!$B:$Q,8,0)) -> 12 | R19: =IF(B19="","",VLOOKUP(AC19,Varsayımlar!$B:$Q,9,0)) -> IRAK SOFT | S19: =IF(B19="","",VLOOKUP(AC19,Varsayımlar!$B:$Q,10,0)) -> 10 | T19: =IF(B19="","",VLOOKUP(AC19,Varsayımlar!$B:$Q,11,0)) -> 12 | U19: =IF(B19="","",VLOOKUP(AC19,Varsayımlar!$B:$Q,12,0)) -> 250 | V19: =IF(B19="","",VLOOKUP(AC19,Varsayımlar!$B:$Q,13,0)) -> YURTİÇİ | W19: =IF(B19="","",VLOOKUP(AC19,Varsayımlar!$B:$Q,14,0)) -> 6 | X19: Güncel | Y19: Güncel | Z19: Güncel | AA19: =IF(B19="","",VLOOKUP(AC19,Varsayımlar!$B:$Q,15,0)) -> 15CM KOLİ | AB19: =IF(B19="","",VLOOKUP(AC19,Varsayımlar!$B:$Q,16,0)) -> KESME-33-35G BEZE, KESİLMEMİŞ 16-18CM, 320-330G- KESİLMİŞ 245-250G | AC19: =IF(B19="","",CONCATENATE(B19,E19)) -> Maydonoz DönerMutlukal Tortillas 15cm 250g
A20: 2. | B20: Şok Market | C20: =IF(B20="","",VLOOKUP(AC20,Varsayımlar!$B:$Q,3,0)) -> 8698829380698 | E20: Bisto 25 cm 12 pcs 840g | H20: =IF(B20="","",VLOOKUP(AC20,Varsayımlar!$B:$Q,5,0)) -> Bisto 25 cm | J20: =IF(B20="","",VLOOKUP(AC20,Varsayımlar!$B:$Q,6,0)) -> SADE | K20: Ne Çıkarsa | M20: =K20/84 -> #VALUE! | N20: 50 | P20: =IF(B20="","",VLOOKUP(AC20,Varsayımlar!$B:$Q,7,0)*K20) -> #VALUE! | Q20: =IF(B20="","",VLOOKUP(AC20,Varsayımlar!$B:$Q,8,0)) -> 25 | R20: =IF(B20="","",VLOOKUP(AC20,Varsayımlar!$B:$Q,9,0)) -> Standart | S20: =IF(B20="","",VLOOKUP(AC20,Varsayımlar!$B:$Q,10,0)) -> 12 | T20: =IF(B20="","",VLOOKUP(AC20,Varsayımlar!$B:$Q,11,0)) -> 12 | U20: =IF(B20="","",VLOOKUP(AC20,Varsayımlar!$B:$Q,12,0)) -> 840 | V20: =IF(B20="","",VLOOKUP(AC20,Varsayımlar!$B:$Q,13,0)) -> Yurtiçi | W20: =IF(B20="","",VLOOKUP(AC20,Varsayımlar!$B:$Q,14,0)) -> 6 | X20: Güncel | Y20: Güncel | Z20: Güncel | AA20: =IF(B20="","",VLOOKUP(AC20,Varsayımlar!$B:$Q,15,0)) -> Bisto Kolisi | AB20: =IF(B20="","",VLOOKUP(AC20,Varsayımlar!$B:$Q,16,0)) -> 24-26 Cm | AC20: =IF(B20="","",CONCATENATE(B20,E20)) -> Şok MarketBisto 25 cm 12 pcs 840g
A21: 3. | B21: Şok Market | C21: =IF(B21="","",VLOOKUP(AC21,Varsayımlar!$B:$Q,3,0)) -> 8698829380698 | E21: Taco 15 cm 6 lı 150 g | H21: =IF(B21="","",VLOOKUP(AC21,Varsayımlar!$B:$Q,5,0)) -> Taco 15 cm | J21: =IF(B21="","",VLOOKUP(AC21,Varsayımlar!$B:$Q,6,0)) -> SADE | K21: Ne Çıkarsa | M21: =K21/84 -> #VALUE! | N21: 50 | P21: =IF(B21="","",VLOOKUP(AC21,Varsayımlar!$B:$Q,7,0)*K21) -> #VALUE! | Q21: =IF(B21="","",VLOOKUP(AC21,Varsayımlar!$B:$Q,8,0)) -> 15 | R21: =IF(B21="","",VLOOKUP(AC21,Varsayımlar!$B:$Q,9,0)) -> SOFT-PA3 | S21: =IF(B21="","",VLOOKUP(AC21,Varsayımlar!$B:$Q,10,0)) -> 6 | T21: =IF(B21="","",VLOOKUP(AC21,Varsayımlar!$B:$Q,11,0)) -> 18 | U21: =IF(B21="","",VLOOKUP(AC21,Varsayımlar!$B:$Q,12,0)) -> 250 | V21: =IF(B21="","",VLOOKUP(AC21,Varsayımlar!$B:$Q,13,0)) -> YURTİÇİ | W21: =IF(B21="","",VLOOKUP(AC21,Varsayımlar!$B:$Q,14,0)) -> 6 | X21: Güncel | Y21: Güncel | Z21: Güncel | AA21: =IF(B21="","",VLOOKUP(AC21,Varsayımlar!$B:$Q,15,0)) -> 15 CM KOLİ | AB21: =IF(B21="","",VLOOKUP(AC21,Varsayımlar!$B:$Q,16,0)) -> 14-16 CM | AC21: =IF(B21="","",CONCATENATE(B21,E21)) -> Şok MarketTaco 15 cm 6 lı 150 g
A22: 4. | B22: Aylin Karton | C22: =IF(B22="","",VLOOKUP(AC22,Varsayımlar!$B:$Q,3,0)) -> 8698829380698 | E22: Happylla 25 cm 10 lu 650g | H22: =IF(B22="","",VLOOKUP(AC22,Varsayımlar!$B:$Q,5,0)) -> Happylla 25cm (060) | J22: =IF(B22="","",VLOOKUP(AC22,Varsayımlar!$B:$Q,6,0)) -> SADE | K22: Ne Çıkarsa | M22: =K22/84 -> #VALUE! | P22: =IF(B22="","",VLOOKUP(AC22,Varsayımlar!$B:$Q,7,0)*K22) -> #VALUE! | Q22: =IF(B22="","",VLOOKUP(AC22,Varsayımlar!$B:$Q,8,0)) -> 25 | R22: =IF(B22="","",VLOOKUP(AC22,Varsayımlar!$B:$Q,9,0)) -> Irak soft | S22: =IF(B22="","",VLOOKUP(AC22,Varsayımlar!$B:$Q,10,0)) -> 10 | T22: =IF(B22="","",VLOOKUP(AC22,Varsayımlar!$B:$Q,11,0)) -> 12 | U22: =IF(B22="","",VLOOKUP(AC22,Varsayımlar!$B:$Q,12,0)) -> 650 | V22: =IF(B22="","",VLOOKUP(AC22,Varsayımlar!$B:$Q,13,0)) -> Yurtiçi | W22: =IF(B22="","",VLOOKUP(AC22,Varsayımlar!$B:$Q,14,0)) -> 6 | X22: Güncel | Y22: Güncel | Z22: Güncel | AA22: =IF(B22="","",VLOOKUP(AC22,Varsayımlar!$B:$Q,15,0)) -> Kırmızı Koli-Etiketli | AB22: =IF(B22="","",VLOOKUP(AC22,Varsayımlar!$B:$Q,16,0)) -> 24-26 cm | AC22: =IF(B22="","",CONCATENATE(B22,E22)) -> Aylin KartonHappylla 25 cm 10 lu 650g
A23: 5. | C23: =IF(B23="","",VLOOKUP(AC23,Varsayımlar!$B:$Q,3,0)) | H23: =IF(B23="","",VLOOKUP(AC23,Varsayımlar!$B:$Q,5,0)) | J23: =IF(B23="","",VLOOKUP(AC23,Varsayımlar!$B:$Q,6,0)) | M23: =K23/84 -> 0 | P23: =IF(B23="","",VLOOKUP(AC23,Varsayımlar!$B:$Q,7,0)*K23) | Q23: =IF(B23="","",VLOOKUP(AC23,Varsayımlar!$B:$Q,8,0)) | R23: =IF(B23="","",VLOOKUP(AC23,Varsayımlar!$B:$Q,9,0)) | S23: =IF(B23="","",VLOOKUP(AC23,Varsayımlar!$B:$Q,10,0)) | T23: =IF(B23="","",VLOOKUP(AC23,Varsayımlar!$B:$Q,11,0)) | U23: =IF(B23="","",VLOOKUP(AC23,Varsayımlar!$B:$Q,12,0)) | V23: =IF(B23="","",VLOOKUP(AC23,Varsayımlar!$B:$Q,13,0)) | W23: =IF(B23="","",VLOOKUP(AC23,Varsayımlar!$B:$Q,14,0)) | AA23: =IF(B23="","",VLOOKUP(AC23,Varsayımlar!$B:$Q,15,0)) | AB23: =IF(B23="","",VLOOKUP(AC23,Varsayımlar!$B:$Q,16,0)) | AC23: =IF(B23="","",CONCATENATE(B23,E23))
C24: =IF(B24="","",VLOOKUP(AC24,Varsayımlar!$B:$Q,3,0)) | H24: =IF(B24="","",VLOOKUP(AC24,Varsayımlar!$B:$Q,5,0)) | J24: =IF(B24="","",VLOOKUP(AC24,Varsayımlar!$B:$Q,6,0)) | P24: =IF(B24="","",VLOOKUP(AC24,Varsayımlar!$B:$Q,7,0)*K24) | Q24: =IF(B24="","",VLOOKUP(AC24,Varsayımlar!$B:$Q,8,0)) | R24: =IF(B24="","",VLOOKUP(AC24,Varsayımlar!$B:$Q,9,0)) | S24: =IF(B24="","",VLOOKUP(AC24,Varsayımlar!$B:$Q,10,0)) | T24: =IF(B24="","",VLOOKUP(AC24,Varsayımlar!$B:$Q,11,0)) | U24: =IF(B24="","",VLOOKUP(AC24,Varsayımlar!$B:$Q,12,0)) | V24: =IF(B24="","",VLOOKUP(AC24,Varsayımlar!$B:$Q,13,0)) | W24: =IF(B24="","",VLOOKUP(AC24,Varsayımlar!$B:$Q,14,0)) | AA24: =IF(B24="","",VLOOKUP(AC24,Varsayımlar!$B:$Q,15,0)) | AB24: =IF(B24="","",VLOOKUP(AC24,Varsayımlar!$B:$Q,16,0)) | AC24: =IF(B24="","",CONCATENATE(B24,E24))
A25: MAKİNE 5
A26: SIRA | B26: FİRMA | C26: GTIN KODU | D26: ARAÇ SAYISI | E26: PRODUCT NAME / ÜRÜN ADI | F26: ORDER NUMBER / SİPARİŞ NUMARASI | G26: KAREKOD DOSYA ADI | H26: AMBALAJ | I26: AMBALAJ ETİKETİ | J26: CİNSİ | K26: ÜRETİLECEK MİKTAR/ KOLİ | L26: DEPO STOK / KOLİ | M26: ÜRETİLECEK MİKTAR/ PALET | N26: PALET/KOLİ | P26: AMBALAJ MİKTAR | Q26: ÇAP | R26: FORMÜL | S26: PAKET İÇİ | T26: KOLİ İÇİ | U26: PAKET GRAMAJI | V26: TARİH | W26: SKT/AY | X26: ÜRT/PRD | Y26: TETT/EXP | Z26: PRT/LOT | AA26: KOLİ / TARİH | AB26: AÇIKLAMALAR | AC26: Birleştir
A27: 1. | B27: LLC TRİTON | C27: =IF(B27="","",VLOOKUP(AC27,Varsayımlar!$B:$Q,3,0)) -> 8698829380698 | E27: MUTLUKAL WHEAT TORTILLA | F27: KB-006496 | G27: Z180013769 | H27: =IF(B27="","",VLOOKUP(AC27,Varsayımlar!$B:$Q,5,0)) -> TORTİLLAS 25 CM 4 PCS 260G | J27: =IF(B27="","",VLOOKUP(AC27,Varsayımlar!$B:$Q,6,0)) -> SADE | K27: 1092 | L27: 504 | M27: =K27/84 -> 13 | N27: 84 | P27: =IF(B27="","",VLOOKUP(AC27,Varsayımlar!$B:$Q,7,0)*K27) -> 32760 | Q27: =IF(B27="","",VLOOKUP(AC27,Varsayımlar!$B:$Q,8,0)) -> 25 | R27: =IF(B27="","",VLOOKUP(AC27,Varsayımlar!$B:$Q,9,0)) -> SOFT | S27: =IF(B27="","",VLOOKUP(AC27,Varsayımlar!$B:$Q,10,0)) -> 4 | T27: =IF(B27="","",VLOOKUP(AC27,Varsayımlar!$B:$Q,11,0)) -> 30 | U27: =IF(B27="","",VLOOKUP(AC27,Varsayımlar!$B:$Q,12,0)) -> 260 | V27: =IF(B27="","",VLOOKUP(AC27,Varsayımlar!$B:$Q,13,0)) -> YURTDIŞI | W27: =IF(B27="","",VLOOKUP(AC27,Varsayımlar!$B:$Q,14,0)) -> 6 | X27: 46175 | Y27: 46358 | Z27: 26060225-2 | AA27: =IF(B27="","",VLOOKUP(AC27,Varsayımlar!$B:$Q,15,0)) -> TRİTON -SKT ATILACAK | AB27: =IF(B27="","",VLOOKUP(AC27,Varsayımlar!$B:$Q,16,0)) -> 24-26 CM | AC27: =IF(B27="","",CONCATENATE(B27,E27)) -> LLC TRİTONMUTLUKAL WHEAT TORTILLA | AD27: BİTTİ
A28: 2. | B28: LLC TRİTON | C28: =IF(B28="","",VLOOKUP(AC28,Varsayımlar!$B:$Q,3,0)) -> 8698829380698 | E28: MUTLUKAL WHEAT TORTILLA | F28: KB-006496 | G28: ZP8-014855 | H28: =IF(B28="","",VLOOKUP(AC28,Varsayımlar!$B:$Q,5,0)) -> TORTİLLAS 25 CM 4 PCS 260G | J28: =IF(B28="","",VLOOKUP(AC28,Varsayımlar!$B:$Q,6,0)) -> SADE | K28: 1344 | L28: 683 | M28: =K28/84 -> 16 | N28: 84 | P28: =IF(B28="","",VLOOKUP(AC28,Varsayımlar!$B:$Q,7,0)*K28) -> 40320 | Q28: =IF(B28="","",VLOOKUP(AC28,Varsayımlar!$B:$Q,8,0)) -> 25 | R28: =IF(B28="","",VLOOKUP(AC28,Varsayımlar!$B:$Q,9,0)) -> SOFT | S28: =IF(B28="","",VLOOKUP(AC28,Varsayımlar!$B:$Q,10,0)) -> 4 | T28: =IF(B28="","",VLOOKUP(AC28,Varsayımlar!$B:$Q,11,0)) -> 30 | U28: =IF(B28="","",VLOOKUP(AC28,Varsayımlar!$B:$Q,12,0)) -> 260 | V28: =IF(B28="","",VLOOKUP(AC28,Varsayımlar!$B:$Q,13,0)) -> YURTDIŞI | W28: =IF(B28="","",VLOOKUP(AC28,Varsayımlar!$B:$Q,14,0)) -> 6 | X28: 46175 | Y28: 46358 | Z28: 26060225-2 | AA28: =IF(B28="","",VLOOKUP(AC28,Varsayımlar!$B:$Q,15,0)) -> TRİTON -SKT ATILACAK | AB28: =IF(B28="","",VLOOKUP(AC28,Varsayımlar!$B:$Q,16,0)) -> 24-26 CM | AC28: =IF(B28="","",CONCATENATE(B28,E28)) -> LLC TRİTONMUTLUKAL WHEAT TORTILLA
A29: 3. | B29: LLC TRİTON | C29: =IF(B29="","",VLOOKUP(AC29,Varsayımlar!$B:$Q,3,0)) -> 8698829380698 | E29: MUTLUKAL WHEAT TORTILLA | F29: KB-006500 | G29: ZP4-021324 | H29: =IF(B29="","",VLOOKUP(AC29,Varsayımlar!$B:$Q,5,0)) -> TORTİLLAS 25 CM 4 PCS 260G | J29: =IF(B29="","",VLOOKUP(AC29,Varsayımlar!$B:$Q,6,0)) -> SADE | K29: 2436 | M29: =K29/84 -> 29 | N29: 84 | P29: =IF(B29="","",VLOOKUP(AC29,Varsayımlar!$B:$Q,7,0)*K29) -> 73080 | Q29: =IF(B29="","",VLOOKUP(AC29,Varsayımlar!$B:$Q,8,0)) -> 25 | R29: =IF(B29="","",VLOOKUP(AC29,Varsayımlar!$B:$Q,9,0)) -> SOFT | S29: =IF(B29="","",VLOOKUP(AC29,Varsayımlar!$B:$Q,10,0)) -> 4 | T29: =IF(B29="","",VLOOKUP(AC29,Varsayımlar!$B:$Q,11,0)) -> 30 | U29: =IF(B29="","",VLOOKUP(AC29,Varsayımlar!$B:$Q,12,0)) -> 260 | V29: =IF(B29="","",VLOOKUP(AC29,Varsayımlar!$B:$Q,13,0)) -> YURTDIŞI | W29: =IF(B29="","",VLOOKUP(AC29,Varsayımlar!$B:$Q,14,0)) -> 6 | X29: 46177 | Y29: 46360 | Z29: 26060425-1 | AA29: =IF(B29="","",VLOOKUP(AC29,Varsayımlar!$B:$Q,15,0)) -> TRİTON -SKT ATILACAK | AB29: =IF(B29="","",VLOOKUP(AC29,Varsayımlar!$B:$Q,16,0)) -> 24-26 CM | AC29: =IF(B29="","",CONCATENATE(B29,E29)) -> LLC TRİTONMUTLUKAL WHEAT TORTILLA
A30: 4. | B30: LLC KOTOR | C30: =IF(B30="","",VLOOKUP(AC30,Varsayımlar!$B:$Q,3,0)) -> 8698829380698 | E30: MANETKA PEYNİRLİ 25CM | F30: 04620478612503 (76377) | G30: 04620478612503 (76377) PEYNİRLİ 25CM | H30: =IF(B30="","",VLOOKUP(AC30,Varsayımlar!$B:$Q,5,0)) -> MANETKA PEYNİRLİ 25 CM | J30: =IF(B30="","",VLOOKUP(AC30,Varsayımlar!$B:$Q,6,0)) -> PEYNİRLİ | K30: 2496 | M30: =K30/78 -> 32 | N30: 78 | P30: =IF(B30="","",VLOOKUP(AC30,Varsayımlar!$B:$Q,7,0)*K30) -> 74880 | Q30: =IF(B30="","",VLOOKUP(AC30,Varsayımlar!$B:$Q,8,0)) -> 25 | R30: =IF(B30="","",VLOOKUP(AC30,Varsayımlar!$B:$Q,9,0)) -> SOFT-AT | S30: =IF(B30="","",VLOOKUP(AC30,Varsayımlar!$B:$Q,10,0)) -> 4 | T30: =IF(B30="","",VLOOKUP(AC30,Varsayımlar!$B:$Q,11,0)) -> 30 | U30: =IF(B30="","",VLOOKUP(AC30,Varsayımlar!$B:$Q,12,0)) -> 250 | V30: =IF(B30="","",VLOOKUP(AC30,Varsayımlar!$B:$Q,13,0)) -> YURTDIŞI | W30: =IF(B30="","",VLOOKUP(AC30,Varsayımlar!$B:$Q,14,0)) -> 6 | X30: 46182 | Y30: 46365 | Z30: 26060925P | AA30: =IF(B30="","",VLOOKUP(AC30,Varsayımlar!$B:$Q,15,0)) -> KIRMIZI KOLİ-TARİHLİ KOLİ ETİKETİ | AB30: =IF(B30="","",VLOOKUP(AC30,Varsayımlar!$B:$Q,16,0)) -> 24-26 CM | AC30: =IF(B30="","",CONCATENATE(B30,E30)) -> LLC KOTORMANETKA PEYNİRLİ 25CM
A31: 5. | B31: MAGNİT | C31: =IF(B31="","",VLOOKUP(AC31,Varsayımlar!$B:$Q,3,0)) -> 8698829380698 | D31: 10. Araç | E31: MAGNİT MAVİ AMBALAJ 25 CM 260G | H31: =IF(B31="","",VLOOKUP(AC31,Varsayımlar!$B:$Q,5,0)) -> MAGNİT MAVİ AMBALAJ 25CM | J31: =IF(B31="","",VLOOKUP(AC31,Varsayımlar!$B:$Q,6,0)) -> SADE | K31: 2016 | M31: =2016/84 -> 24 | N31: 84 | P31: =IF(B31="","",VLOOKUP(AC31,Varsayımlar!$B:$Q,7,0)*K31) -> 60480 | Q31: =IF(B31="","",VLOOKUP(AC31,Varsayımlar!$B:$Q,8,0)) -> 25 | R31: =IF(B31="","",VLOOKUP(AC31,Varsayımlar!$B:$Q,9,0)) -> SOFT | S31: =IF(B31="","",VLOOKUP(AC31,Varsayımlar!$B:$Q,10,0)) -> 4 | T31: =IF(B31="","",VLOOKUP(AC31,Varsayımlar!$B:$Q,11,0)) -> 30 | U31: =IF(B31="","",VLOOKUP(AC31,Varsayımlar!$B:$Q,12,0)) -> 260 | V31: =IF(B31="","",VLOOKUP(AC31,Varsayımlar!$B:$Q,13,0)) -> YURTDIŞI | W31: =IF(B31="","",VLOOKUP(AC31,Varsayımlar!$B:$Q,14,0)) -> 9 | AA31: =IF(B31="","",VLOOKUP(AC31,Varsayımlar!$B:$Q,15,0)) -> 25CM TURUNCU KOLİ-SOL ÜST DİKDÖRTGENE ÜRETİM TARİHİ BASILACAK | AB31: =IF(B31="","",VLOOKUP(AC31,Varsayımlar!$B:$Q,16,0)) -> 24-26 CM | AC31: =IF(B31="","",CONCATENATE(B31,E31)) -> MAGNİTMAGNİT MAVİ AMBALAJ 25 CM 260G
A32: 5. | B32: MAGNİT | C32: =IF(B32="","",VLOOKUP(AC32,Varsayımlar!$B:$Q,3,0)) -> 8698829380698 | D32: 11. Araç | E32: MAGNİT MAVİ AMBALAJ 25 CM 260G | H32: =IF(B32="","",VLOOKUP(AC32,Varsayımlar!$B:$Q,5,0)) -> MAGNİT MAVİ AMBALAJ 25CM | J32: =IF(B32="","",VLOOKUP(AC32,Varsayımlar!$B:$Q,6,0)) -> SADE | K32: 2016 | M32: =2016/84 -> 24 | N32: 84 | P32: =IF(B32="","",VLOOKUP(AC32,Varsayımlar!$B:$Q,7,0)*K32) -> 60480 | Q32: =IF(B32="","",VLOOKUP(AC32,Varsayımlar!$B:$Q,8,0)) -> 25 | R32: =IF(B32="","",VLOOKUP(AC32,Varsayımlar!$B:$Q,9,0)) -> SOFT | S32: =IF(B32="","",VLOOKUP(AC32,Varsayımlar!$B:$Q,10,0)) -> 4 | T32: =IF(B32="","",VLOOKUP(AC32,Varsayımlar!$B:$Q,11,0)) -> 30 | U32: =IF(B32="","",VLOOKUP(AC32,Varsayımlar!$B:$Q,12,0)) -> 260 | V32: =IF(B32="","",VLOOKUP(AC32,Varsayımlar!$B:$Q,13,0)) -> YURTDIŞI | W32: =IF(B32="","",VLOOKUP(AC32,Varsayımlar!$B:$Q,14,0)) -> 9 | AA32: =IF(B32="","",VLOOKUP(AC32,Varsayımlar!$B:$Q,15,0)) -> 25CM TURUNCU KOLİ-SOL ÜST DİKDÖRTGENE ÜRETİM TARİHİ BASILACAK | AB32: =IF(B32="","",VLOOKUP(AC32,Varsayımlar!$B:$Q,16,0)) -> 24-26 CM | AC32: =IF(B32="","",CONCATENATE(B32,E32)) -> MAGNİTMAGNİT MAVİ AMBALAJ 25 CM 260G
A33: 5. | B33: MAGNİT | C33: =IF(B33="","",VLOOKUP(AC33,Varsayımlar!$B:$Q,3,0)) -> 8698829380698 | D33: 12. Araç | E33: MAGNİT MAVİ AMBALAJ 25 CM 260G | H33: =IF(B33="","",VLOOKUP(AC33,Varsayımlar!$B:$Q,5,0)) -> MAGNİT MAVİ AMBALAJ 25CM | J33: =IF(B33="","",VLOOKUP(AC33,Varsayımlar!$B:$Q,6,0)) -> SADE | K33: 2016 | M33: =2016/84 -> 24 | N33: 84 | P33: =IF(B33="","",VLOOKUP(AC33,Varsayımlar!$B:$Q,7,0)*K33) -> 60480 | Q33: =IF(B33="","",VLOOKUP(AC33,Varsayımlar!$B:$Q,8,0)) -> 25 | R33: =IF(B33="","",VLOOKUP(AC33,Varsayımlar!$B:$Q,9,0)) -> SOFT | S33: =IF(B33="","",VLOOKUP(AC33,Varsayımlar!$B:$Q,10,0)) -> 4 | T33: =IF(B33="","",VLOOKUP(AC33,Varsayımlar!$B:$Q,11,0)) -> 30 | U33: =IF(B33="","",VLOOKUP(AC33,Varsayımlar!$B:$Q,12,0)) -> 260 | V33: =IF(B33="","",VLOOKUP(AC33,Varsayımlar!$B:$Q,13,0)) -> YURTDIŞI | W33: =IF(B33="","",VLOOKUP(AC33,Varsayımlar!$B:$Q,14,0)) -> 9 | AA33: =IF(B33="","",VLOOKUP(AC33,Varsayımlar!$B:$Q,15,0)) -> 25CM TURUNCU KOLİ-SOL ÜST DİKDÖRTGENE ÜRETİM TARİHİ BASILACAK | AB33: =IF(B33="","",VLOOKUP(AC33,Varsayımlar!$B:$Q,16,0)) -> 24-26 CM | AC33: =IF(B33="","",CONCATENATE(B33,E33)) -> MAGNİTMAGNİT MAVİ AMBALAJ 25 CM 260G
A34: 5. | B34: MAGNİT | C34: =IF(B34="","",VLOOKUP(AC34,Varsayımlar!$B:$Q,3,0)) -> 8698829380698 | D34: 13. Araç | E34: MAGNİT MAVİ AMBALAJ 25 CM 260G | H34: =IF(B34="","",VLOOKUP(AC34,Varsayımlar!$B:$Q,5,0)) -> MAGNİT MAVİ AMBALAJ 25CM | J34: =IF(B34="","",VLOOKUP(AC34,Varsayımlar!$B:$Q,6,0)) -> SADE | K34: 2016 | M34: =2016/84 -> 24 | N34: 84 | P34: =IF(B34="","",VLOOKUP(AC34,Varsayımlar!$B:$Q,7,0)*K34) -> 60480 | Q34: =IF(B34="","",VLOOKUP(AC34,Varsayımlar!$B:$Q,8,0)) -> 25 | R34: =IF(B34="","",VLOOKUP(AC34,Varsayımlar!$B:$Q,9,0)) -> SOFT | S34: =IF(B34="","",VLOOKUP(AC34,Varsayımlar!$B:$Q,10,0)) -> 4 | T34: =IF(B34="","",VLOOKUP(AC34,Varsayımlar!$B:$Q,11,0)) -> 30 | U34: =IF(B34="","",VLOOKUP(AC34,Varsayımlar!$B:$Q,12,0)) -> 260 | V34: =IF(B34="","",VLOOKUP(AC34,Varsayımlar!$B:$Q,13,0)) -> YURTDIŞI | W34: =IF(B34="","",VLOOKUP(AC34,Varsayımlar!$B:$Q,14,0)) -> 9 | AA34: =IF(B34="","",VLOOKUP(AC34,Varsayımlar!$B:$Q,15,0)) -> 25CM TURUNCU KOLİ-SOL ÜST DİKDÖRTGENE ÜRETİM TARİHİ BASILACAK | AB34: =IF(B34="","",VLOOKUP(AC34,Varsayımlar!$B:$Q,16,0)) -> 24-26 CM | AC34: =IF(B34="","",CONCATENATE(B34,E34)) -> MAGNİTMAGNİT MAVİ AMBALAJ 25 CM 260G
A35: 6. | B35: SMART LLC | C35: =IF(B35="","",VLOOKUP(AC35,Varsayımlar!$B:$Q,3,0)) -> 8698829380698 | E35: Kırmızı tortillas 25cm 4 lü 250g | G35: KAREKODSUZ ÜRETİLECEK | H35: =IF(B35="","",VLOOKUP(AC35,Varsayımlar!$B:$Q,5,0)) -> Kırmızı Tortillas 25 cm | J35: =IF(B35="","",VLOOKUP(AC35,Varsayımlar!$B:$Q,6,0)) -> SADE | K35: 924 | M35: =K35/84 -> 11 | N35: 84 | P35: =IF(B35="","",VLOOKUP(AC35,Varsayımlar!$B:$Q,7,0)*K35) -> 27720 | Q35: =IF(B35="","",VLOOKUP(AC35,Varsayımlar!$B:$Q,8,0)) -> 25 | R35: =IF(B35="","",VLOOKUP(AC35,Varsayımlar!$B:$Q,9,0)) -> Soft | S35: =IF(B35="","",VLOOKUP(AC35,Varsayımlar!$B:$Q,10,0)) -> 4 | T35: =IF(B35="","",VLOOKUP(AC35,Varsayımlar!$B:$Q,11,0)) -> 30 | U35: =IF(B35="","",VLOOKUP(AC35,Varsayımlar!$B:$Q,12,0)) -> 250 | V35: =IF(B35="","",VLOOKUP(AC35,Varsayımlar!$B:$Q,13,0)) -> Yurtdışı | W35: =IF(B35="","",VLOOKUP(AC35,Varsayımlar!$B:$Q,14,0)) -> 9 | X35: 46195 | Y35: 46468 | Z35: 26062225 | AA35: =IF(B35="","",VLOOKUP(AC35,Varsayımlar!$B:$Q,15,0)) -> Kırmızı Koli- Üretim Tarihi Etiketli | AB35: =IF(B35="","",VLOOKUP(AC35,Varsayımlar!$B:$Q,16,0)) -> 24-26 CM | AC35: =IF(B35="","",CONCATENATE(B35,E35)) -> SMART LLCKırmızı tortillas 25cm 4 lü 250g
A36: 7. | C36: =IF(B36="","",VLOOKUP(AC36,Varsayımlar!$B:$Q,3,0)) | H36: =IF(B36="","",VLOOKUP(AC36,Varsayımlar!$B:$Q,5,0)) | J36: =IF(B36="","",VLOOKUP(AC36,Varsayımlar!$B:$Q,6,0)) | P36: =IF(B36="","",VLOOKUP(AC36,Varsayımlar!$B:$Q,7,0)*K36) | Q36: =IF(B36="","",VLOOKUP(AC36,Varsayımlar!$B:$Q,8,0)) | R36: =IF(B36="","",VLOOKUP(AC36,Varsayımlar!$B:$Q,9,0)) | S36: =IF(B36="","",VLOOKUP(AC36,Varsayımlar!$B:$Q,10,0)) | T36: =IF(B36="","",VLOOKUP(AC36,Varsayımlar!$B:$Q,11,0)) | U36: =IF(B36="","",VLOOKUP(AC36,Varsayımlar!$B:$Q,12,0)) | V36: =IF(B36="","",VLOOKUP(AC36,Varsayımlar!$B:$Q,13,0)) | W36: =IF(B36="","",VLOOKUP(AC36,Varsayımlar!$B:$Q,14,0)) | AA36: =IF(B36="","",VLOOKUP(AC36,Varsayımlar!$B:$Q,15,0)) | AB36: =IF(B36="","",VLOOKUP(AC36,Varsayımlar!$B:$Q,16,0))
A37: 8. | C37: =IF(B37="","",VLOOKUP(AC37,Varsayımlar!$B:$Q,3,0)) | H37: =IF(B37="","",VLOOKUP(AC37,Varsayımlar!$B:$Q,5,0)) | J37: =IF(B37="","",VLOOKUP(AC37,Varsayımlar!$B:$Q,6,0)) | P37: =IF(B37="","",VLOOKUP(AC37,Varsayımlar!$B:$Q,7,0)*K37) | Q37: =IF(B37="","",VLOOKUP(AC37,Varsayımlar!$B:$Q,8,0)) | R37: =IF(B37="","",VLOOKUP(AC37,Varsayımlar!$B:$Q,9,0)) | S37: =IF(B37="","",VLOOKUP(AC37,Varsayımlar!$B:$Q,10,0)) | T37: =IF(B37="","",VLOOKUP(AC37,Varsayımlar!$B:$Q,11,0)) | U37: =IF(B37="","",VLOOKUP(AC37,Varsayımlar!$B:$Q,12,0)) | V37: =IF(B37="","",VLOOKUP(AC37,Varsayımlar!$B:$Q,13,0)) | W37: =IF(B37="","",VLOOKUP(AC37,Varsayımlar!$B:$Q,14,0)) | AA37: =IF(B37="","",VLOOKUP(AC37,Varsayımlar!$B:$Q,15,0)) | AB37: =IF(B37="","",VLOOKUP(AC37,Varsayımlar!$B:$Q,16,0))
C38: =IF(B38="","",VLOOKUP(AC38,Varsayımlar!$B:$Q,3,0)) | H38: =IF(B38="","",VLOOKUP(AC38,Varsayımlar!$B:$Q,5,0)) | J38: =IF(B38="","",VLOOKUP(AC38,Varsayımlar!$B:$Q,6,0)) | P38: =IF(B38="","",VLOOKUP(AC38,Varsayımlar!$B:$Q,7,0)*K38) | Q38: =IF(B38="","",VLOOKUP(AC38,Varsayımlar!$B:$Q,8,0)) | R38: =IF(B38="","",VLOOKUP(AC38,Varsayımlar!$B:$Q,9,0)) | S38: =IF(B38="","",VLOOKUP(AC38,Varsayımlar!$B:$Q,10,0)) | T38: =IF(B38="","",VLOOKUP(AC38,Varsayımlar!$B:$Q,11,0)) | U38: =IF(B38="","",VLOOKUP(AC38,Varsayımlar!$B:$Q,12,0)) | V38: =IF(B38="","",VLOOKUP(AC38,Varsayımlar!$B:$Q,13,0)) | W38: =IF(B38="","",VLOOKUP(AC38,Varsayımlar!$B:$Q,14,0)) | AA38: =IF(B38="","",VLOOKUP(AC38,Varsayımlar!$B:$Q,15,0)) | AB38: =IF(B38="","",VLOOKUP(AC38,Varsayımlar!$B:$Q,16,0)) | AC38: =IF(B38="","",CONCATENATE(B38,E38))
A39: MAKİNE 6
A40: SIRA | B40: FİRMA | C40: GTIN KODU | D40: ARAÇ SAYISI | E40: PRODUCT NAME / ÜRÜN ADI | F40: ORDER NUMBER / SİPARİŞ NUMARASI | G40: KAREKOD DOSYA ADI | H40: AMBALAJ | I40: AMBALAJ ETİKETİ | J40: CİNSİ | K40: ÜRETİLECEK MİKTAR/ KOLİ | L40: DEPO STOK / KOLİ | M40: ÜRETİLECEK MİKTAR/ PALET | N40: PALET/KOLİ | P40: AMBALAJ MİKTAR | Q40: ÇAP | R40: FORMÜL | S40: PAKET İÇİ | T40: KOLİ İÇİ | U40: PAKET GRAMAJI | V40: TARİH | W40: SKT/AY | X40: ÜRT/PRD | Y40: TETT/EXP | Z40: PRT/LOT | AA40: KOLİ / TARİH | AB40: AÇIKLAMALAR | AC40: Birleştir
A41: 1. | B41: LLC TRİTON | C41: =IF(B41="","",VLOOKUP(AC41,Varsayımlar!$B:$Q,3,0)) -> 8698829380698 | E41: MUTLUKAL WHEAT TORTILLA | F41: KB-006501 | G41: ZPM-015047 | H41: =IF(B41="","",VLOOKUP(AC41,Varsayımlar!$B:$Q,5,0)) -> TORTİLLAS 25 CM 4 PCS 260G | J41: =IF(B41="","",VLOOKUP(AC41,Varsayımlar!$B:$Q,6,0)) -> SADE | K41: 2016 | M41: =K41/84 -> 24 | P41: =IF(B41="","",VLOOKUP(AC41,Varsayımlar!$B:$Q,7,0)*K41) -> 60480 | Q41: =IF(B41="","",VLOOKUP(AC41,Varsayımlar!$B:$Q,8,0)) -> 25 | R41: =IF(B41="","",VLOOKUP(AC41,Varsayımlar!$B:$Q,9,0)) -> SOFT | S41: =IF(B41="","",VLOOKUP(AC41,Varsayımlar!$B:$Q,10,0)) -> 4 | T41: =IF(B41="","",VLOOKUP(AC41,Varsayımlar!$B:$Q,11,0)) -> 30 | U41: =IF(B41="","",VLOOKUP(AC41,Varsayımlar!$B:$Q,12,0)) -> 260 | V41: =IF(B41="","",VLOOKUP(AC41,Varsayımlar!$B:$Q,13,0)) -> YURTDIŞI | W41: =IF(B41="","",VLOOKUP(AC41,Varsayımlar!$B:$Q,14,0)) -> 6 | X41: 46176 | Y41: 46359 | Z41: 26060325-2 | AA41: =IF(B41="","",VLOOKUP(AC41,Varsayımlar!$B:$Q,15,0)) -> TRİTON -SKT ATILACAK | AB41: =IF(B41="","",VLOOKUP(AC41,Varsayımlar!$B:$Q,16,0)) -> 24-26 CM | AC41: =IF(B41="","",CONCATENATE(B41,E41)) -> LLC TRİTONMUTLUKAL WHEAT TORTILLA
A42: 2. | B42: LLC TRİTON | C42: =IF(B42="","",VLOOKUP(AC42,Varsayımlar!$B:$Q,3,0)) -> 8698829380698 | E42: MUTLUKAL WHEAT TORTILLA | F42: KB-006501 | G42: Z13-007146 | H42: =IF(B42="","",VLOOKUP(AC42,Varsayımlar!$B:$Q,5,0)) -> TORTİLLAS 25 CM 4 PCS 260G | J42: =IF(B42="","",VLOOKUP(AC42,Varsayımlar!$B:$Q,6,0)) -> SADE | K42: 420 | M42: =K42/84 -> 5 | P42: =IF(B42="","",VLOOKUP(AC42,Varsayımlar!$B:$Q,7,0)*K42) -> 12600 | Q42: =IF(B42="","",VLOOKUP(AC42,Varsayımlar!$B:$Q,8,0)) -> 25 | R42: =IF(B42="","",VLOOKUP(AC42,Varsayımlar!$B:$Q,9,0)) -> SOFT | S42: =IF(B42="","",VLOOKUP(AC42,Varsayımlar!$B:$Q,10,0)) -> 4 | T42: =IF(B42="","",VLOOKUP(AC42,Varsayımlar!$B:$Q,11,0)) -> 30 | U42: =IF(B42="","",VLOOKUP(AC42,Varsayımlar!$B:$Q,12,0)) -> 260 | V42: =IF(B42="","",VLOOKUP(AC42,Varsayımlar!$B:$Q,13,0)) -> YURTDIŞI | W42: =IF(B42="","",VLOOKUP(AC42,Varsayımlar!$B:$Q,14,0)) -> 6 | X42: 46176 | Y42: 46359 | Z42: 26060325-2 | AA42: =IF(B42="","",VLOOKUP(AC42,Varsayımlar!$B:$Q,15,0)) -> TRİTON -SKT ATILACAK | AB42: =IF(B42="","",VLOOKUP(AC42,Varsayımlar!$B:$Q,16,0)) -> 24-26 CM | AC42: =IF(B42="","",CONCATENATE(B42,E42)) -> LLC TRİTONMUTLUKAL WHEAT TORTILLA
A43: 3. | B43: LLC TRİTON | C43: =IF(B43="","",VLOOKUP(AC43,Varsayımlar!$B:$Q,3,0)) -> 8698829380698 | E43: MUTLUKAL WHEAT TORTILLA | F43: KB-006497 | G43: Z180014794 | H43: =IF(B43="","",VLOOKUP(AC43,Varsayımlar!$B:$Q,5,0)) -> TORTİLLAS 25 CM 4 PCS 260G | J43: =IF(B43="","",VLOOKUP(AC43,Varsayımlar!$B:$Q,6,0)) -> SADE | K43: 1092 | M43: =K43/84 -> 13 | N43: 84 | P43: =IF(B43="","",VLOOKUP(AC43,Varsayımlar!$B:$Q,7,0)*K43) -> 32760 | Q43: =IF(B43="","",VLOOKUP(AC43,Varsayımlar!$B:$Q,8,0)) -> 25 | R43: =IF(B43="","",VLOOKUP(AC43,Varsayımlar!$B:$Q,9,0)) -> SOFT | S43: =IF(B43="","",VLOOKUP(AC43,Varsayımlar!$B:$Q,10,0)) -> 4 | T43: =IF(B43="","",VLOOKUP(AC43,Varsayımlar!$B:$Q,11,0)) -> 30 | U43: =IF(B43="","",VLOOKUP(AC43,Varsayımlar!$B:$Q,12,0)) -> 260 | V43: =IF(B43="","",VLOOKUP(AC43,Varsayımlar!$B:$Q,13,0)) -> YURTDIŞI | W43: =IF(B43="","",VLOOKUP(AC43,Varsayımlar!$B:$Q,14,0)) -> 6 | X43: 46177 | Y43: 46360 | Z43: 26060425-3 | AA43: =IF(B43="","",VLOOKUP(AC43,Varsayımlar!$B:$Q,15,0)) -> TRİTON -SKT ATILACAK | AB43: =IF(B43="","",VLOOKUP(AC43,Varsayımlar!$B:$Q,16,0)) -> 24-26 CM | AC43: =IF(B43="","",CONCATENATE(B43,E43)) -> LLC TRİTONMUTLUKAL WHEAT TORTILLA
A44: 4. | B44: LLC TRİTON | C44: =IF(B44="","",VLOOKUP(AC44,Varsayımlar!$B:$Q,3,0)) -> 8698829380698 | E44: MUTLUKAL WHEAT TORTILLA | F44: KB-006497 | G44: ZP8-015844 | H44: =IF(B44="","",VLOOKUP(AC44,Varsayımlar!$B:$Q,5,0)) -> TORTİLLAS 25 CM 4 PCS 260G | J44: =IF(B44="","",VLOOKUP(AC44,Varsayımlar!$B:$Q,6,0)) -> SADE | K44: 1344 | M44: =K44/84 -> 16 | N44: 84 | P44: =IF(B44="","",VLOOKUP(AC44,Varsayımlar!$B:$Q,7,0)*K44) -> 40320 | Q44: =IF(B44="","",VLOOKUP(AC44,Varsayımlar!$B:$Q,8,0)) -> 25 | R44: =IF(B44="","",VLOOKUP(AC44,Varsayımlar!$B:$Q,9,0)) -> SOFT | S44: =IF(B44="","",VLOOKUP(AC44,Varsayımlar!$B:$Q,10,0)) -> 4 | T44: =IF(B44="","",VLOOKUP(AC44,Varsayımlar!$B:$Q,11,0)) -> 30 | U44: =IF(B44="","",VLOOKUP(AC44,Varsayımlar!$B:$Q,12,0)) -> 260 | V44: =IF(B44="","",VLOOKUP(AC44,Varsayımlar!$B:$Q,13,0)) -> YURTDIŞI | W44: =IF(B44="","",VLOOKUP(AC44,Varsayımlar!$B:$Q,14,0)) -> 6 | X44: 46177 | Y44: 46360 | Z44: 26060425-3 | AA44: =IF(B44="","",VLOOKUP(AC44,Varsayımlar!$B:$Q,15,0)) -> TRİTON -SKT ATILACAK | AB44: =IF(B44="","",VLOOKUP(AC44,Varsayımlar!$B:$Q,16,0)) -> 24-26 CM | AC44: =IF(B44="","",CONCATENATE(B44,E44)) -> LLC TRİTONMUTLUKAL WHEAT TORTILLA
A45: 5. | B45: SMART LLC | C45: =IF(B45="","",VLOOKUP(AC45,Varsayımlar!$B:$Q,3,0)) -> 8698829380698 | E45: TORTİLLAS SAMAKAT 20CM 166G | G45: KAREKODSUZ ÜRETİLECEK | H45: =IF(B45="","",VLOOKUP(AC45,Varsayımlar!$B:$Q,5,0)) -> TORTİLLAS 20CM (SAMAKAT BİLGİLERİ EKLİ) | J45: =IF(B45="","",VLOOKUP(AC45,Varsayımlar!$B:$Q,6,0)) -> SADE | K45: 2475 | M45: =K45/225 -> 11 | P45: =IF(B45="","",VLOOKUP(AC45,Varsayımlar!$B:$Q,7,0)*K45) -> 34650 | Q45: =IF(B45="","",VLOOKUP(AC45,Varsayımlar!$B:$Q,8,0)) -> 20 | R45: =IF(B45="","",VLOOKUP(AC45,Varsayımlar!$B:$Q,9,0)) -> IRAK SOFT | S45: =IF(B45="","",VLOOKUP(AC45,Varsayımlar!$B:$Q,10,0)) -> 4 | T45: =IF(B45="","",VLOOKUP(AC45,Varsayımlar!$B:$Q,11,0)) -> 14 | U45: =IF(B45="","",VLOOKUP(AC45,Varsayımlar!$B:$Q,12,0)) -> 166 | V45: =IF(B45="","",VLOOKUP(AC45,Varsayımlar!$B:$Q,13,0)) -> YURTDIŞI | W45: =IF(B45="","",VLOOKUP(AC45,Varsayımlar!$B:$Q,14,0)) -> 9 | X45: 46181 | Y45: 46454 | Z45: 26060820 | AA45: =IF(B45="","",VLOOKUP(AC45,Varsayımlar!$B:$Q,15,0)) -> SİYAH KARE KOLİ- Üretim Tarihi Etiketli | AB45: =IF(B45="","",VLOOKUP(AC45,Varsayımlar!$B:$Q,16,0)) -> 19-21 CM | AC45: =IF(B45="","",CONCATENATE(B45,E45)) -> SMART LLCTORTİLLAS SAMAKAT 20CM 166G
A46: 6. | B46: LLC KOTOR | C46: =IF(B46="","",VLOOKUP(AC46,Varsayımlar!$B:$Q,3,0)) -> 8698829380698 | E46: MANETKA SADE 20CM 166G | F46: 04620478612497-1 | G46: 04620478612497-1 (100800) SADE 20CM | H46: =IF(B46="","",VLOOKUP(AC46,Varsayımlar!$B:$Q,5,0)) -> MANETKA SADE 20CM 166G | J46: =IF(B46="","",VLOOKUP(AC46,Varsayımlar!$B:$Q,6,0)) -> SADE | K46: 7200 | M46: =K46/225 -> 32 | P46: =IF(B46="","",VLOOKUP(AC46,Varsayımlar!$B:$Q,7,0)*K46) -> 100800 | Q46: =IF(B46="","",VLOOKUP(AC46,Varsayımlar!$B:$Q,8,0)) -> 20 | R46: =IF(B46="","",VLOOKUP(AC46,Varsayımlar!$B:$Q,9,0)) -> IRAK SOFT | S46: =IF(B46="","",VLOOKUP(AC46,Varsayımlar!$B:$Q,10,0)) -> 4 | T46: =IF(B46="","",VLOOKUP(AC46,Varsayımlar!$B:$Q,11,0)) -> 14 | U46: =IF(B46="","",VLOOKUP(AC46,Varsayımlar!$B:$Q,12,0)) -> 166 | V46: =IF(B46="","",VLOOKUP(AC46,Varsayımlar!$B:$Q,13,0)) -> YURTDIŞI | W46: =IF(B46="","",VLOOKUP(AC46,Varsayımlar!$B:$Q,14,0)) -> 6 | X46: 46182 | Y46: 46365 | Z46: 26060920 | AA46: =IF(B46="","",VLOOKUP(AC46,Varsayımlar!$B:$Q,15,0)) -> SİYAH KARE KOLİ-ÜRETİM TARİHLİ ETİKET | AB46: =IF(B46="","",VLOOKUP(AC46,Varsayımlar!$B:$Q,16,0)) -> 19-21 CM | AC46: =IF(B46="","",CONCATENATE(B46,E46)) -> LLC KOTORMANETKA SADE 20CM 166G
A47: 7. | B47: MAYDONOZ DÖNER | C47: =IF(B47="","",VLOOKUP(AC47,Varsayımlar!$B:$Q,3,0)) -> 8698829380698 | E47: Mutlukal Tortillas 15cm 250g | H47: =IF(B47="","",VLOOKUP(AC47,Varsayımlar!$B:$Q,5,0)) -> Mutlukal Tortillas 15cm | J47: =IF(B47="","",VLOOKUP(AC47,Varsayımlar!$B:$Q,6,0)) -> SADE | K47: 3168 | M47: =K47/96 -> 33 | P47: =IF(B47="","",VLOOKUP(AC47,Varsayımlar!$B:$Q,7,0)*K47) -> 31680 | Q47: =IF(B47="","",VLOOKUP(AC47,Varsayımlar!$B:$Q,8,0)) -> 12 | R47: =IF(B47="","",VLOOKUP(AC47,Varsayımlar!$B:$Q,9,0)) -> IRAK SOFT | S47: =IF(B47="","",VLOOKUP(AC47,Varsayımlar!$B:$Q,10,0)) -> 10 | T47: =IF(B47="","",VLOOKUP(AC47,Varsayımlar!$B:$Q,11,0)) -> 12 | U47: =IF(B47="","",VLOOKUP(AC47,Varsayımlar!$B:$Q,12,0)) -> 250 | V47: =IF(B47="","",VLOOKUP(AC47,Varsayımlar!$B:$Q,13,0)) -> YURTİÇİ | W47: =IF(B47="","",VLOOKUP(AC47,Varsayımlar!$B:$Q,14,0)) -> 6 | AA47: =IF(B47="","",VLOOKUP(AC47,Varsayımlar!$B:$Q,15,0)) -> 15CM KOLİ | AB47: =IF(B47="","",VLOOKUP(AC47,Varsayımlar!$B:$Q,16,0)) -> KESME-33-35G BEZE, KESİLMEMİŞ 16-18CM, 320-330G- KESİLMİŞ 245-250G | AC47: =IF(B47="","",CONCATENATE(B47,E47)) -> MAYDONOZ DÖNERMutlukal Tortillas 15cm 250g
A48: 8. | B48: SMART LLC | C48: =IF(B48="","",VLOOKUP(AC48,Varsayımlar!$B:$Q,3,0)) -> 8698829380698 | E48: TORTİLLAS SAMAKAT 20CM 166G | F48: 32 | G48: KAREKODSUZ ÜRETİLECEK | H48: =IF(B48="","",VLOOKUP(AC48,Varsayımlar!$B:$Q,5,0)) -> TORTİLLAS 20CM (SAMAKAT BİLGİLERİ EKLİ) | J48: =IF(B48="","",VLOOKUP(AC48,Varsayımlar!$B:$Q,6,0)) -> SADE | K48: 5850 | M48: =K48/225 -> 26 | P48: =IF(B48="","",VLOOKUP(AC48,Varsayımlar!$B:$Q,7,0)*K48) -> 81900 | Q48: =IF(B48="","",VLOOKUP(AC48,Varsayımlar!$B:$Q,8,0)) -> 20 | R48: =IF(B48="","",VLOOKUP(AC48,Varsayımlar!$B:$Q,9,0)) -> IRAK SOFT | S48: =IF(B48="","",VLOOKUP(AC48,Varsayımlar!$B:$Q,10,0)) -> 4 | T48: =IF(B48="","",VLOOKUP(AC48,Varsayımlar!$B:$Q,11,0)) -> 14 | U48: =IF(B48="","",VLOOKUP(AC48,Varsayımlar!$B:$Q,12,0)) -> 166 | V48: =IF(B48="","",VLOOKUP(AC48,Varsayımlar!$B:$Q,13,0)) -> YURTDIŞI | W48: =IF(B48="","",VLOOKUP(AC48,Varsayımlar!$B:$Q,14,0)) -> 9 | X48: 46188 | Y48: 46461 | Z48: 26061520 | AA48: =IF(B48="","",VLOOKUP(AC48,Varsayımlar!$B:$Q,15,0)) -> SİYAH KARE KOLİ- Üretim Tarihi Etiketli | AB48: =IF(B48="","",VLOOKUP(AC48,Varsayımlar!$B:$Q,16,0)) -> 19-21 CM | AC48: =IF(B48="","",CONCATENATE(B48,E48)) -> SMART LLCTORTİLLAS SAMAKAT 20CM 166G
A49: 9. | B49: Sultanoğlu | C49: =IF(B49="","",VLOOKUP(AC49,Varsayımlar!$B:$Q,3,0)) -> 8698829380698 | E49: Tortillove 25 cm 8pcs 520g | H49: =IF(B49="","",VLOOKUP(AC49,Varsayımlar!$B:$Q,5,0)) -> Tortillove 25 cm | J49: =IF(B49="","",VLOOKUP(AC49,Varsayımlar!$B:$Q,6,0)) -> SADE | K49: 60 | M49: =K49/60 -> 1 | P49: =IF(B49="","",VLOOKUP(AC49,Varsayımlar!$B:$Q,7,0)*K49) -> 840 | Q49: =IF(B49="","",VLOOKUP(AC49,Varsayımlar!$B:$Q,8,0)) -> 25 | R49: =IF(B49="","",VLOOKUP(AC49,Varsayımlar!$B:$Q,9,0)) -> Irak Soft | S49: =IF(B49="","",VLOOKUP(AC49,Varsayımlar!$B:$Q,10,0)) -> 8 | T49: =IF(B49="","",VLOOKUP(AC49,Varsayımlar!$B:$Q,11,0)) -> 14 | U49: =IF(B49="","",VLOOKUP(AC49,Varsayımlar!$B:$Q,12,0)) -> 520 | V49: =IF(B49="","",VLOOKUP(AC49,Varsayımlar!$B:$Q,13,0)) -> YURTİÇİ | W49: =IF(B49="","",VLOOKUP(AC49,Varsayımlar!$B:$Q,14,0)) -> 6 | X49: Güncel | Y49: Güncel | Z49: Güncel | AA49: =IF(B49="","",VLOOKUP(AC49,Varsayımlar!$B:$Q,15,0)) -> Kırmızı Koli | AB49: =IF(B49="","",VLOOKUP(AC49,Varsayımlar!$B:$Q,16,0)) -> 24-26 cm | AC49: =IF(B49="","",CONCATENATE(B49,E49)) -> SultanoğluTortillove 25 cm 8pcs 520g
A50: 10. | B50: Kopuz | C50: =IF(B50="","",VLOOKUP(AC50,Varsayımlar!$B:$Q,3,0)) -> 8698829380698 | E50: Mutlukal Tortillas 30cm 950g | H50: =IF(B50="","",VLOOKUP(AC50,Varsayımlar!$B:$Q,5,0)) -> Mutlukal tortillas 30cm | J50: =IF(B50="","",VLOOKUP(AC50,Varsayımlar!$B:$Q,6,0)) -> SADE | K50: 50 | M50: =K50/50 -> 1 | P50: =IF(B50="","",VLOOKUP(AC50,Varsayımlar!$B:$Q,7,0)*K50) -> 600 | Q50: =IF(B50="","",VLOOKUP(AC50,Varsayımlar!$B:$Q,8,0)) -> 30 | R50: =IF(B50="","",VLOOKUP(AC50,Varsayımlar!$B:$Q,9,0)) -> Irak Soft | S50: =IF(B50="","",VLOOKUP(AC50,Varsayımlar!$B:$Q,10,0)) -> 10 | T50: =IF(B50="","",VLOOKUP(AC50,Varsayımlar!$B:$Q,11,0)) -> 12 | U50: =IF(B50="","",VLOOKUP(AC50,Varsayımlar!$B:$Q,12,0)) -> 950 | V50: =IF(B50="","",VLOOKUP(AC50,Varsayımlar!$B:$Q,13,0)) -> Yurtiçi | W50: =IF(B50="","",VLOOKUP(AC50,Varsayımlar!$B:$Q,14,0)) -> 6 | X50: Güncel | Y50: Güncel | Z50: Güncel | AA50: =IF(B50="","",VLOOKUP(AC50,Varsayımlar!$B:$Q,15,0)) -> Mavi Koli | AB50: =IF(B50="","",VLOOKUP(AC50,Varsayımlar!$B:$Q,16,0)) -> 29-31 Cm | AC50: =IF(B50="","",CONCATENATE(B50,E50)) -> KopuzMutlukal Tortillas 30cm 950g
A51: 11. | B51: SMART LLC | C51: =IF(B51="","",VLOOKUP(AC51,Varsayımlar!$B:$Q,3,0)) -> 8698829380698 | E51: TORTİLLAS SAMAKAT 20CM 166G | F51: 32 | G51: KAREKODSUZ ÜRETİLECEK | H51: =IF(B51="","",VLOOKUP(AC51,Varsayımlar!$B:$Q,5,0)) -> TORTİLLAS 20CM (SAMAKAT BİLGİLERİ EKLİ) | J51: =IF(B51="","",VLOOKUP(AC51,Varsayımlar!$B:$Q,6,0)) -> SADE | K51: 5850 | M51: =K51/225 -> 26 | P51: =IF(B51="","",VLOOKUP(AC51,Varsayımlar!$B:$Q,7,0)*K51) -> 81900 | Q51: =IF(B51="","",VLOOKUP(AC51,Varsayımlar!$B:$Q,8,0)) -> 20 | R51: =IF(B51="","",VLOOKUP(AC51,Varsayımlar!$B:$Q,9,0)) -> IRAK SOFT | S51: =IF(B51="","",VLOOKUP(AC51,Varsayımlar!$B:$Q,10,0)) -> 4 | T51: =IF(B51="","",VLOOKUP(AC51,Varsayımlar!$B:$Q,11,0)) -> 14 | U51: =IF(B51="","",VLOOKUP(AC51,Varsayımlar!$B:$Q,12,0)) -> 166 | V51: =IF(B51="","",VLOOKUP(AC51,Varsayımlar!$B:$Q,13,0)) -> YURTDIŞI | W51: =IF(B51="","",VLOOKUP(AC51,Varsayımlar!$B:$Q,14,0)) -> 9 | X51: 46188 | Y51: 46461 | Z51: 26061520 | AA51: =IF(B51="","",VLOOKUP(AC51,Varsayımlar!$B:$Q,15,0)) -> SİYAH KARE KOLİ- Üretim Tarihi Etiketli | AB51: =IF(B51="","",VLOOKUP(AC51,Varsayımlar!$B:$Q,16,0)) -> 19-21 CM | AC51: =IF(B51="","",CONCATENATE(B51,E51)) -> SMART LLCTORTİLLAS SAMAKAT 20CM 166G
A52: 12. | B52: MAGNİT | C52: =IF(B52="","",VLOOKUP(AC52,Varsayımlar!$B:$Q,3,0)) -> 8698829380698 | D52: 1. ARAÇ | E52: MAGNİT MAVİ AMBALAJ 25 CM 260G | H52: =IF(B52="","",VLOOKUP(AC52,Varsayımlar!$B:$Q,5,0)) -> MAGNİT MAVİ AMBALAJ 25CM | J52: =IF(B52="","",VLOOKUP(AC52,Varsayımlar!$B:$Q,6,0)) -> SADE | K52: 2016 | M52: =K52/84 -> 24 | P52: =IF(B52="","",VLOOKUP(AC52,Varsayımlar!$B:$Q,7,0)*K52) -> 60480 | Q52: =IF(B52="","",VLOOKUP(AC52,Varsayımlar!$B:$Q,8,0)) -> 25 | R52: =IF(B52="","",VLOOKUP(AC52,Varsayımlar!$B:$Q,9,0)) -> SOFT | S52: =IF(B52="","",VLOOKUP(AC52,Varsayımlar!$B:$Q,10,0)) -> 4 | T52: =IF(B52="","",VLOOKUP(AC52,Varsayımlar!$B:$Q,11,0)) -> 30 | U52: =IF(B52="","",VLOOKUP(AC52,Varsayımlar!$B:$Q,12,0)) -> 260 | V52: =IF(B52="","",VLOOKUP(AC52,Varsayımlar!$B:$Q,13,0)) -> YURTDIŞI | W52: =IF(B52="","",VLOOKUP(AC52,Varsayımlar!$B:$Q,14,0)) -> 9 | AA52: =IF(B52="","",VLOOKUP(AC52,Varsayımlar!$B:$Q,15,0)) -> 25CM TURUNCU KOLİ-SOL ÜST DİKDÖRTGENE ÜRETİM TARİHİ BASILACAK | AB52: =IF(B52="","",VLOOKUP(AC52,Varsayımlar!$B:$Q,16,0)) -> 24-26 CM | AC52: =IF(B52="","",CONCATENATE(B52,E52)) -> MAGNİTMAGNİT MAVİ AMBALAJ 25 CM 260G
A53: 13. | B53: MAGNİT | C53: =IF(B53="","",VLOOKUP(AC53,Varsayımlar!$B:$Q,3,0)) -> 8698829380698 | D53: 2. ARAÇ | E53: MAGNİT MAVİ AMBALAJ 25 CM 260G | H53: =IF(B53="","",VLOOKUP(AC53,Varsayımlar!$B:$Q,5,0)) -> MAGNİT MAVİ AMBALAJ 25CM | J53: =IF(B53="","",VLOOKUP(AC53,Varsayımlar!$B:$Q,6,0)) -> SADE | K53: 2016 | M53: =K53/84 -> 24 | P53: =IF(B53="","",VLOOKUP(AC53,Varsayımlar!$B:$Q,7,0)*K53) -> 60480 | Q53: =IF(B53="","",VLOOKUP(AC53,Varsayımlar!$B:$Q,8,0)) -> 25 | R53: =IF(B53="","",VLOOKUP(AC53,Varsayımlar!$B:$Q,9,0)) -> SOFT | S53: =IF(B53="","",VLOOKUP(AC53,Varsayımlar!$B:$Q,10,0)) -> 4 | T53: =IF(B53="","",VLOOKUP(AC53,Varsayımlar!$B:$Q,11,0)) -> 30 | U53: =IF(B53="","",VLOOKUP(AC53,Varsayımlar!$B:$Q,12,0)) -> 260 | V53: =IF(B53="","",VLOOKUP(AC53,Varsayımlar!$B:$Q,13,0)) -> YURTDIŞI | W53: =IF(B53="","",VLOOKUP(AC53,Varsayımlar!$B:$Q,14,0)) -> 9 | AA53: =IF(B53="","",VLOOKUP(AC53,Varsayımlar!$B:$Q,15,0)) -> 25CM TURUNCU KOLİ-SOL ÜST DİKDÖRTGENE ÜRETİM TARİHİ BASILACAK | AB53: =IF(B53="","",VLOOKUP(AC53,Varsayımlar!$B:$Q,16,0)) -> 24-26 CM | AC53: =IF(B53="","",CONCATENATE(B53,E53)) -> MAGNİTMAGNİT MAVİ AMBALAJ 25 CM 260G
A54: 14. | B54: MAGNİT | C54: =IF(B54="","",VLOOKUP(AC54,Varsayımlar!$B:$Q,3,0)) -> 8698829380698 | D54: 3. ARAÇ | E54: MAGNİT MAVİ AMBALAJ 25 CM 260G | H54: =IF(B54="","",VLOOKUP(AC54,Varsayımlar!$B:$Q,5,0)) -> MAGNİT MAVİ AMBALAJ 25CM | J54: =IF(B54="","",VLOOKUP(AC54,Varsayımlar!$B:$Q,6,0)) -> SADE | K54: 2016 | M54: =K54/84 -> 24 | P54: =IF(B54="","",VLOOKUP(AC54,Varsayımlar!$B:$Q,7,0)*K54) -> 60480 | Q54: =IF(B54="","",VLOOKUP(AC54,Varsayımlar!$B:$Q,8,0)) -> 25 | R54: =IF(B54="","",VLOOKUP(AC54,Varsayımlar!$B:$Q,9,0)) -> SOFT | S54: =IF(B54="","",VLOOKUP(AC54,Varsayımlar!$B:$Q,10,0)) -> 4 | T54: =IF(B54="","",VLOOKUP(AC54,Varsayımlar!$B:$Q,11,0)) -> 30 | U54: =IF(B54="","",VLOOKUP(AC54,Varsayımlar!$B:$Q,12,0)) -> 260 | V54: =IF(B54="","",VLOOKUP(AC54,Varsayımlar!$B:$Q,13,0)) -> YURTDIŞI | W54: =IF(B54="","",VLOOKUP(AC54,Varsayımlar!$B:$Q,14,0)) -> 9 | AA54: =IF(B54="","",VLOOKUP(AC54,Varsayımlar!$B:$Q,15,0)) -> 25CM TURUNCU KOLİ-SOL ÜST DİKDÖRTGENE ÜRETİM TARİHİ BASILACAK | AB54: =IF(B54="","",VLOOKUP(AC54,Varsayımlar!$B:$Q,16,0)) -> 24-26 CM | AC54: =IF(B54="","",CONCATENATE(B54,E54)) -> MAGNİTMAGNİT MAVİ AMBALAJ 25 CM 260G
A55: 15. | B55: MAGNİT | C55: =IF(B55="","",VLOOKUP(AC55,Varsayımlar!$B:$Q,3,0)) -> 8698829380698 | D55: 4. ARAÇ | E55: MAGNİT MAVİ AMBALAJ 25 CM 260G | H55: =IF(B55="","",VLOOKUP(AC55,Varsayımlar!$B:$Q,5,0)) -> MAGNİT MAVİ AMBALAJ 25CM | J55: =IF(B55="","",VLOOKUP(AC55,Varsayımlar!$B:$Q,6,0)) -> SADE | K55: 2016 | M55: =K55/84 -> 24 | P55: =IF(B55="","",VLOOKUP(AC55,Varsayımlar!$B:$Q,7,0)*K55) -> 60480 | Q55: =IF(B55="","",VLOOKUP(AC55,Varsayımlar!$B:$Q,8,0)) -> 25 | R55: =IF(B55="","",VLOOKUP(AC55,Varsayımlar!$B:$Q,9,0)) -> SOFT | S55: =IF(B55="","",VLOOKUP(AC55,Varsayımlar!$B:$Q,10,0)) -> 4 | T55: =IF(B55="","",VLOOKUP(AC55,Varsayımlar!$B:$Q,11,0)) -> 30 | U55: =IF(B55="","",VLOOKUP(AC55,Varsayımlar!$B:$Q,12,0)) -> 260 | V55: =IF(B55="","",VLOOKUP(AC55,Varsayımlar!$B:$Q,13,0)) -> YURTDIŞI | W55: =IF(B55="","",VLOOKUP(AC55,Varsayımlar!$B:$Q,14,0)) -> 9 | AA55: =IF(B55="","",VLOOKUP(AC55,Varsayımlar!$B:$Q,15,0)) -> 25CM TURUNCU KOLİ-SOL ÜST DİKDÖRTGENE ÜRETİM TARİHİ BASILACAK | AB55: =IF(B55="","",VLOOKUP(AC55,Varsayımlar!$B:$Q,16,0)) -> 24-26 CM | AC55: =IF(B55="","",CONCATENATE(B55,E55)) -> MAGNİTMAGNİT MAVİ AMBALAJ 25 CM 260G
A56: 16. | B56: MAGNİT | C56: =IF(B56="","",VLOOKUP(AC56,Varsayımlar!$B:$Q,3,0)) -> 8698829380698 | D56: 5. ARAÇ | E56: MAGNİT MAVİ AMBALAJ 25 CM 260G | H56: =IF(B56="","",VLOOKUP(AC56,Varsayımlar!$B:$Q,5,0)) -> MAGNİT MAVİ AMBALAJ 25CM | J56: =IF(B56="","",VLOOKUP(AC56,Varsayımlar!$B:$Q,6,0)) -> SADE | K56: 2016 | M56: =K56/84 -> 24 | P56: =IF(B56="","",VLOOKUP(AC56,Varsayımlar!$B:$Q,7,0)*K56) -> 60480 | Q56: =IF(B56="","",VLOOKUP(AC56,Varsayımlar!$B:$Q,8,0)) -> 25 | R56: =IF(B56="","",VLOOKUP(AC56,Varsayımlar!$B:$Q,9,0)) -> SOFT | S56: =IF(B56="","",VLOOKUP(AC56,Varsayımlar!$B:$Q,10,0)) -> 4 | T56: =IF(B56="","",VLOOKUP(AC56,Varsayımlar!$B:$Q,11,0)) -> 30 | U56: =IF(B56="","",VLOOKUP(AC56,Varsayımlar!$B:$Q,12,0)) -> 260 | V56: =IF(B56="","",VLOOKUP(AC56,Varsayımlar!$B:$Q,13,0)) -> YURTDIŞI | W56: =IF(B56="","",VLOOKUP(AC56,Varsayımlar!$B:$Q,14,0)) -> 9 | AA56: =IF(B56="","",VLOOKUP(AC56,Varsayımlar!$B:$Q,15,0)) -> 25CM TURUNCU KOLİ-SOL ÜST DİKDÖRTGENE ÜRETİM TARİHİ BASILACAK | AB56: =IF(B56="","",VLOOKUP(AC56,Varsayımlar!$B:$Q,16,0)) -> 24-26 CM | AC56: =IF(B56="","",CONCATENATE(B56,E56)) -> MAGNİTMAGNİT MAVİ AMBALAJ 25 CM 260G
A57: 17. | B57: MAGNİT | C57: =IF(B57="","",VLOOKUP(AC57,Varsayımlar!$B:$Q,3,0)) -> 8698829380698 | D57: 6. ARAÇ | E57: MAGNİT MAVİ AMBALAJ 25 CM 260G | H57: =IF(B57="","",VLOOKUP(AC57,Varsayımlar!$B:$Q,5,0)) -> MAGNİT MAVİ AMBALAJ 25CM | J57: =IF(B57="","",VLOOKUP(AC57,Varsayımlar!$B:$Q,6,0)) -> SADE | K57: 2016 | M57: =K57/84 -> 24 | P57: =IF(B57="","",VLOOKUP(AC57,Varsayımlar!$B:$Q,7,0)*K57) -> 60480 | Q57: =IF(B57="","",VLOOKUP(AC57,Varsayımlar!$B:$Q,8,0)) -> 25 | R57: =IF(B57="","",VLOOKUP(AC57,Varsayımlar!$B:$Q,9,0)) -> SOFT | S57: =IF(B57="","",VLOOKUP(AC57,Varsayımlar!$B:$Q,10,0)) -> 4 | T57: =IF(B57="","",VLOOKUP(AC57,Varsayımlar!$B:$Q,11,0)) -> 30 | U57: =IF(B57="","",VLOOKUP(AC57,Varsayımlar!$B:$Q,12,0)) -> 260 | V57: =IF(B57="","",VLOOKUP(AC57,Varsayımlar!$B:$Q,13,0)) -> YURTDIŞI | W57: =IF(B57="","",VLOOKUP(AC57,Varsayımlar!$B:$Q,14,0)) -> 9 | AA57: =IF(B57="","",VLOOKUP(AC57,Varsayımlar!$B:$Q,15,0)) -> 25CM TURUNCU KOLİ-SOL ÜST DİKDÖRTGENE ÜRETİM TARİHİ BASILACAK | AB57: =IF(B57="","",VLOOKUP(AC57,Varsayımlar!$B:$Q,16,0)) -> 24-26 CM | AC57: =IF(B57="","",CONCATENATE(B57,E57)) -> MAGNİTMAGNİT MAVİ AMBALAJ 25 CM 260G
A58: 18. | B58: MAGNİT | C58: =IF(B58="","",VLOOKUP(AC58,Varsayımlar!$B:$Q,3,0)) -> 8698829380698 | D58: 7. ARAÇ | E58: MAGNİT MAVİ AMBALAJ 25 CM 260G | H58: =IF(B58="","",VLOOKUP(AC58,Varsayımlar!$B:$Q,5,0)) -> MAGNİT MAVİ AMBALAJ 25CM | J58: =IF(B58="","",VLOOKUP(AC58,Varsayımlar!$B:$Q,6,0)) -> SADE | K58: 2016 | M58: =K58/84 -> 24 | P58: =IF(B58="","",VLOOKUP(AC58,Varsayımlar!$B:$Q,7,0)*K58) -> 60480 | Q58: =IF(B58="","",VLOOKUP(AC58,Varsayımlar!$B:$Q,8,0)) -> 25 | R58: =IF(B58="","",VLOOKUP(AC58,Varsayımlar!$B:$Q,9,0)) -> SOFT | S58: =IF(B58="","",VLOOKUP(AC58,Varsayımlar!$B:$Q,10,0)) -> 4 | T58: =IF(B58="","",VLOOKUP(AC58,Varsayımlar!$B:$Q,11,0)) -> 30 | U58: =IF(B58="","",VLOOKUP(AC58,Varsayımlar!$B:$Q,12,0)) -> 260 | V58: =IF(B58="","",VLOOKUP(AC58,Varsayımlar!$B:$Q,13,0)) -> YURTDIŞI | W58: =IF(B58="","",VLOOKUP(AC58,Varsayımlar!$B:$Q,14,0)) -> 9 | AA58: =IF(B58="","",VLOOKUP(AC58,Varsayımlar!$B:$Q,15,0)) -> 25CM TURUNCU KOLİ-SOL ÜST DİKDÖRTGENE ÜRETİM TARİHİ BASILACAK | AB58: =IF(B58="","",VLOOKUP(AC58,Varsayımlar!$B:$Q,16,0)) -> 24-26 CM | AC58: =IF(B58="","",CONCATENATE(B58,E58)) -> MAGNİTMAGNİT MAVİ AMBALAJ 25 CM 260G
A59: 19. | B59: MAGNİT | C59: =IF(B59="","",VLOOKUP(AC59,Varsayımlar!$B:$Q,3,0)) -> 8698829380698 | D59: 8. ARAÇ | E59: MAGNİT MAVİ AMBALAJ 25 CM 260G | H59: =IF(B59="","",VLOOKUP(AC59,Varsayımlar!$B:$Q,5,0)) -> MAGNİT MAVİ AMBALAJ 25CM | J59: =IF(B59="","",VLOOKUP(AC59,Varsayımlar!$B:$Q,6,0)) -> SADE | K59: 2016 | M59: =K59/84 -> 24 | P59: =IF(B59="","",VLOOKUP(AC59,Varsayımlar!$B:$Q,7,0)*K59) -> 60480 | Q59: =IF(B59="","",VLOOKUP(AC59,Varsayımlar!$B:$Q,8,0)) -> 25 | R59: =IF(B59="","",VLOOKUP(AC59,Varsayımlar!$B:$Q,9,0)) -> SOFT | S59: =IF(B59="","",VLOOKUP(AC59,Varsayımlar!$B:$Q,10,0)) -> 4 | T59: =IF(B59="","",VLOOKUP(AC59,Varsayımlar!$B:$Q,11,0)) -> 30 | U59: =IF(B59="","",VLOOKUP(AC59,Varsayımlar!$B:$Q,12,0)) -> 260 | V59: =IF(B59="","",VLOOKUP(AC59,Varsayımlar!$B:$Q,13,0)) -> YURTDIŞI | W59: =IF(B59="","",VLOOKUP(AC59,Varsayımlar!$B:$Q,14,0)) -> 9 | AA59: =IF(B59="","",VLOOKUP(AC59,Varsayımlar!$B:$Q,15,0)) -> 25CM TURUNCU KOLİ-SOL ÜST DİKDÖRTGENE ÜRETİM TARİHİ BASILACAK | AB59: =IF(B59="","",VLOOKUP(AC59,Varsayımlar!$B:$Q,16,0)) -> 24-26 CM | AC59: =IF(B59="","",CONCATENATE(B59,E59)) -> MAGNİTMAGNİT MAVİ AMBALAJ 25 CM 260G
A60: 20. | B60: MAGNİT | C60: =IF(B60="","",VLOOKUP(AC60,Varsayımlar!$B:$Q,3,0)) -> 8698829380698 | D60: 9. ARAÇ | E60: MAGNİT MAVİ AMBALAJ 25 CM 260G | H60: =IF(B60="","",VLOOKUP(AC60,Varsayımlar!$B:$Q,5,0)) -> MAGNİT MAVİ AMBALAJ 25CM | J60: =IF(B60="","",VLOOKUP(AC60,Varsayımlar!$B:$Q,6,0)) -> SADE | K60: 2016 | M60: =K60/84 -> 24 | P60: =IF(B60="","",VLOOKUP(AC60,Varsayımlar!$B:$Q,7,0)*K60) -> 60480 | Q60: =IF(B60="","",VLOOKUP(AC60,Varsayımlar!$B:$Q,8,0)) -> 25 | R60: =IF(B60="","",VLOOKUP(AC60,Varsayımlar!$B:$Q,9,0)) -> SOFT | S60: =IF(B60="","",VLOOKUP(AC60,Varsayımlar!$B:$Q,10,0)) -> 4 | T60: =IF(B60="","",VLOOKUP(AC60,Varsayımlar!$B:$Q,11,0)) -> 30 | U60: =IF(B60="","",VLOOKUP(AC60,Varsayımlar!$B:$Q,12,0)) -> 260 | V60: =IF(B60="","",VLOOKUP(AC60,Varsayımlar!$B:$Q,13,0)) -> YURTDIŞI | W60: =IF(B60="","",VLOOKUP(AC60,Varsayımlar!$B:$Q,14,0)) -> 9 | AA60: =IF(B60="","",VLOOKUP(AC60,Varsayımlar!$B:$Q,15,0)) -> 25CM TURUNCU KOLİ-SOL ÜST DİKDÖRTGENE ÜRETİM TARİHİ BASILACAK | AB60: =IF(B60="","",VLOOKUP(AC60,Varsayımlar!$B:$Q,16,0)) -> 24-26 CM | AC60: =IF(B60="","",CONCATENATE(B60,E60)) -> MAGNİTMAGNİT MAVİ AMBALAJ 25 CM 260G
A61: 21. | B61: GERMES | C61: =IF(B61="","",VLOOKUP(AC61,Varsayımlar!$B:$Q,3,0)) -> 8698829380698 | E61: Hanami 20cm sade 4pcs 166g | F61: 47 | G61: 47-Hanami Germes Sade 20cm 166g | H61: =IF(B61="","",VLOOKUP(AC61,Varsayımlar!$B:$Q,5,0)) -> Hanami 20cm Sade 4 pcs 166g (067) | J61: =IF(B61="","",VLOOKUP(AC61,Varsayımlar!$B:$Q,6,0)) -> SADE | K61: 2380 | M61: =K61/140 -> 17 | P61: =IF(B61="","",VLOOKUP(AC61,Varsayımlar!$B:$Q,7,0)*K61) -> 71400 | Q61: =IF(B61="","",VLOOKUP(AC61,Varsayımlar!$B:$Q,8,0)) -> 20 | R61: =IF(B61="","",VLOOKUP(AC61,Varsayımlar!$B:$Q,9,0)) -> Irak Soft | S61: =IF(B61="","",VLOOKUP(AC61,Varsayımlar!$B:$Q,10,0)) -> 4 | T61: =IF(B61="","",VLOOKUP(AC61,Varsayımlar!$B:$Q,11,0)) -> 30 | U61: =IF(B61="","",VLOOKUP(AC61,Varsayımlar!$B:$Q,12,0)) -> 166 | V61: =IF(B61="","",VLOOKUP(AC61,Varsayımlar!$B:$Q,13,0)) -> Yurtdışı | W61: =IF(B61="","",VLOOKUP(AC61,Varsayımlar!$B:$Q,14,0)) -> 9 | X61: 46188 | Y61: 46461 | Z61: 26061520 | AA61: =IF(B61="","",VLOOKUP(AC61,Varsayımlar!$B:$Q,15,0)) -> Hanami Mavi Koli -Üretim Tarihi+9 AYI KAPATACAK ETİKETLİ | AB61: =IF(B61="","",VLOOKUP(AC61,Varsayımlar!$B:$Q,16,0)) -> 19-21 cm | AC61: =IF(B61="","",CONCATENATE(B61,E61)) -> GERMESHanami 20cm sade 4pcs 166g
A62: 22. | B62: GERMES | C62: =IF(B62="","",VLOOKUP(AC62,Varsayımlar!$B:$Q,3,0)) -> 8698829380698 | E62: Tortillas 20cm 4 lü 166g | F62: 47 | G62: 47-Tortillas Germes Sade 20cm 166g | H62: =IF(B62="","",VLOOKUP(AC62,Varsayımlar!$B:$Q,5,0)) -> Tortillas 20cm (Etiketli) | J62: =IF(B62="","",VLOOKUP(AC62,Varsayımlar!$B:$Q,6,0)) -> SADE | K62: 140 | M62: =K62/140 -> 1 | P62: =IF(B62="","",VLOOKUP(AC62,Varsayımlar!$B:$Q,7,0)*K62) -> 4200 | Q62: =IF(B62="","",VLOOKUP(AC62,Varsayımlar!$B:$Q,8,0)) -> 20 | R62: =IF(B62="","",VLOOKUP(AC62,Varsayımlar!$B:$Q,9,0)) -> Irak soft | S62: =IF(B62="","",VLOOKUP(AC62,Varsayımlar!$B:$Q,10,0)) -> 4 | T62: =IF(B62="","",VLOOKUP(AC62,Varsayımlar!$B:$Q,11,0)) -> 30 | U62: =IF(B62="","",VLOOKUP(AC62,Varsayımlar!$B:$Q,12,0)) -> 166 | V62: =IF(B62="","",VLOOKUP(AC62,Varsayımlar!$B:$Q,13,0)) -> Yurtdışı | W62: =IF(B62="","",VLOOKUP(AC62,Varsayımlar!$B:$Q,14,0)) -> 9 | X62: 46188 | Y62: 46461 | Z62: 26061520 | AA62: =IF(B62="","",VLOOKUP(AC62,Varsayımlar!$B:$Q,15,0)) -> 20cm Koli-Üretim Tarihli Etiket | AB62: =IF(B62="","",VLOOKUP(AC62,Varsayımlar!$B:$Q,16,0)) -> 19-21 cm | AC62: =IF(B62="","",CONCATENATE(B62,E62)) -> GERMESTortillas 20cm 4 lü 166g
A63: 23. | B63: GERMES | C63: =IF(B63="","",VLOOKUP(AC63,Varsayımlar!$B:$Q,3,0)) -> 8698829380698 | E63: Hanami Peynirli 20cm 4 lü 166g | F63: 47 | G63: 47-Hanami Germes Peynirli 20cm 166g | H63: =IF(B63="","",VLOOKUP(AC63,Varsayımlar!$B:$Q,5,0)) -> Hanami Peynirli 20cm (050) | J63: =IF(B63="","",VLOOKUP(AC63,Varsayımlar!$B:$Q,6,0)) -> PEYNİRLİ | K63: 1120 | M63: =K63/140 -> 8 | P63: =IF(B63="","",VLOOKUP(AC63,Varsayımlar!$B:$Q,7,0)*K63) -> 33600 | Q63: =IF(B63="","",VLOOKUP(AC63,Varsayımlar!$B:$Q,8,0)) -> 20 | R63: =IF(B63="","",VLOOKUP(AC63,Varsayımlar!$B:$Q,9,0)) -> Irak Soft-AT | S63: =IF(B63="","",VLOOKUP(AC63,Varsayımlar!$B:$Q,10,0)) -> 4 | T63: =IF(B63="","",VLOOKUP(AC63,Varsayımlar!$B:$Q,11,0)) -> 30 | U63: =IF(B63="","",VLOOKUP(AC63,Varsayımlar!$B:$Q,12,0)) -> 166 | V63: =IF(B63="","",VLOOKUP(AC63,Varsayımlar!$B:$Q,13,0)) -> YURTDIŞI | W63: =IF(B63="","",VLOOKUP(AC63,Varsayımlar!$B:$Q,14,0)) -> 9 | X63: 46188 | Y63: 46461 | Z63: 26061520P | AA63: =IF(B63="","",VLOOKUP(AC63,Varsayımlar!$B:$Q,15,0)) -> HANAMİ SARI KOLİ-ÜRETİM TARİHİ BASILACAK | AB63: =IF(B63="","",VLOOKUP(AC63,Varsayımlar!$B:$Q,16,0)) -> 19-21 CM | AC63: =IF(B63="","",CONCATENATE(B63,E63)) -> GERMESHanami Peynirli 20cm 4 lü 166g
A64: 24. | B64: LLC KOTOR | C64: =IF(B64="","",VLOOKUP(AC64,Varsayımlar!$B:$Q,3,0)) -> 8698829380698 | E64: Manetka 20cm 4 pcs 166g | G64: 04620478612497-3 | H64: =IF(B64="","",VLOOKUP(AC64,Varsayımlar!$B:$Q,5,0)) -> Manetka 20cm | J64: =IF(B64="","",VLOOKUP(AC64,Varsayımlar!$B:$Q,6,0)) -> SADE | K64: 7200 | M64: =K64/225 -> 32 | P64: =IF(B64="","",VLOOKUP(AC64,Varsayımlar!$B:$Q,7,0)*K64) -> 100800 | Q64: =IF(B64="","",VLOOKUP(AC64,Varsayımlar!$B:$Q,8,0)) -> 20 | R64: =IF(B64="","",VLOOKUP(AC64,Varsayımlar!$B:$Q,9,0)) -> Irak Soft | S64: =IF(B64="","",VLOOKUP(AC64,Varsayımlar!$B:$Q,10,0)) -> 4 | T64: =IF(B64="","",VLOOKUP(AC64,Varsayımlar!$B:$Q,11,0)) -> 14 | U64: =IF(B64="","",VLOOKUP(AC64,Varsayımlar!$B:$Q,12,0)) -> 166 | V64: =IF(B64="","",VLOOKUP(AC64,Varsayımlar!$B:$Q,13,0)) -> YURTDIŞI | W64: =IF(B64="","",VLOOKUP(AC64,Varsayımlar!$B:$Q,14,0)) -> 6 | X64: 46196 | Y64: 46379 | Z64: 26062320 | AA64: =IF(B64="","",VLOOKUP(AC64,Varsayımlar!$B:$Q,15,0)) -> Kare Koli-Üretim Tarihli Etiket | AB64: =IF(B64="","",VLOOKUP(AC64,Varsayımlar!$B:$Q,16,0)) -> 19-21 cm | AC64: =IF(B64="","",CONCATENATE(B64,E64)) -> LLC KOTORManetka 20cm 4 pcs 166g
A65: 25. | B65: MAGNİT | C65: =IF(B65="","",VLOOKUP(AC65,Varsayımlar!$B:$Q,3,0)) -> 8698829380698 | D65: 1. ARAÇ | E65: MAGNİT MAVİ AMBALAJ 25 CM 260G | H65: =IF(B65="","",VLOOKUP(AC65,Varsayımlar!$B:$Q,5,0)) -> MAGNİT MAVİ AMBALAJ 25CM | J65: =IF(B65="","",VLOOKUP(AC65,Varsayımlar!$B:$Q,6,0)) -> SADE | K65: 2016 | M65: =K65/84 -> 24 | P65: =IF(B65="","",VLOOKUP(AC65,Varsayımlar!$B:$Q,7,0)*K65) -> 60480 | Q65: =IF(B65="","",VLOOKUP(AC65,Varsayımlar!$B:$Q,8,0)) -> 25 | R65: =IF(B65="","",VLOOKUP(AC65,Varsayımlar!$B:$Q,9,0)) -> SOFT | S65: =IF(B65="","",VLOOKUP(AC65,Varsayımlar!$B:$Q,10,0)) -> 4 | T65: =IF(B65="","",VLOOKUP(AC65,Varsayımlar!$B:$Q,11,0)) -> 30 | U65: =IF(B65="","",VLOOKUP(AC65,Varsayımlar!$B:$Q,12,0)) -> 260 | V65: =IF(B65="","",VLOOKUP(AC65,Varsayımlar!$B:$Q,13,0)) -> YURTDIŞI | W65: =IF(B65="","",VLOOKUP(AC65,Varsayımlar!$B:$Q,14,0)) -> 9 | AA65: =IF(B65="","",VLOOKUP(AC65,Varsayımlar!$B:$Q,15,0)) -> 25CM TURUNCU KOLİ-SOL ÜST DİKDÖRTGENE ÜRETİM TARİHİ BASILACAK | AB65: =IF(B65="","",VLOOKUP(AC65,Varsayımlar!$B:$Q,16,0)) -> 24-26 CM | AC65: =IF(B65="","",CONCATENATE(B65,E65)) -> MAGNİTMAGNİT MAVİ AMBALAJ 25 CM 260G
A66: 26. | B66: MAGNİT | C66: =IF(B66="","",VLOOKUP(AC66,Varsayımlar!$B:$Q,3,0)) -> 8698829380698 | D66: 2. ARAÇ | E66: MAGNİT MAVİ AMBALAJ 25 CM 260G | H66: =IF(B66="","",VLOOKUP(AC66,Varsayımlar!$B:$Q,5,0)) -> MAGNİT MAVİ AMBALAJ 25CM | J66: =IF(B66="","",VLOOKUP(AC66,Varsayımlar!$B:$Q,6,0)) -> SADE | K66: 2016 | M66: =K66/84 -> 24 | P66: =IF(B66="","",VLOOKUP(AC66,Varsayımlar!$B:$Q,7,0)*K66) -> 60480 | Q66: =IF(B66="","",VLOOKUP(AC66,Varsayımlar!$B:$Q,8,0)) -> 25 | R66: =IF(B66="","",VLOOKUP(AC66,Varsayımlar!$B:$Q,9,0)) -> SOFT | S66: =IF(B66="","",VLOOKUP(AC66,Varsayımlar!$B:$Q,10,0)) -> 4 | T66: =IF(B66="","",VLOOKUP(AC66,Varsayımlar!$B:$Q,11,0)) -> 30 | U66: =IF(B66="","",VLOOKUP(AC66,Varsayımlar!$B:$Q,12,0)) -> 260 | V66: =IF(B66="","",VLOOKUP(AC66,Varsayımlar!$B:$Q,13,0)) -> YURTDIŞI | W66: =IF(B66="","",VLOOKUP(AC66,Varsayımlar!$B:$Q,14,0)) -> 9 | AA66: =IF(B66="","",VLOOKUP(AC66,Varsayımlar!$B:$Q,15,0)) -> 25CM TURUNCU KOLİ-SOL ÜST DİKDÖRTGENE ÜRETİM TARİHİ BASILACAK | AB66: =IF(B66="","",VLOOKUP(AC66,Varsayımlar!$B:$Q,16,0)) -> 24-26 CM | AC66: =IF(B66="","",CONCATENATE(B66,E66)) -> MAGNİTMAGNİT MAVİ AMBALAJ 25 CM 260G
A67: 27. | B67: MAGNİT | C67: =IF(B67="","",VLOOKUP(AC67,Varsayımlar!$B:$Q,3,0)) -> 8698829380698 | D67: 3. ARAÇ | E67: MAGNİT MAVİ AMBALAJ 25 CM 260G | H67: =IF(B67="","",VLOOKUP(AC67,Varsayımlar!$B:$Q,5,0)) -> MAGNİT MAVİ AMBALAJ 25CM | J67: =IF(B67="","",VLOOKUP(AC67,Varsayımlar!$B:$Q,6,0)) -> SADE | K67: 2016 | M67: =K67/84 -> 24 | P67: =IF(B67="","",VLOOKUP(AC67,Varsayımlar!$B:$Q,7,0)*K67) -> 60480 | Q67: =IF(B67="","",VLOOKUP(AC67,Varsayımlar!$B:$Q,8,0)) -> 25 | R67: =IF(B67="","",VLOOKUP(AC67,Varsayımlar!$B:$Q,9,0)) -> SOFT | S67: =IF(B67="","",VLOOKUP(AC67,Varsayımlar!$B:$Q,10,0)) -> 4 | T67: =IF(B67="","",VLOOKUP(AC67,Varsayımlar!$B:$Q,11,0)) -> 30 | U67: =IF(B67="","",VLOOKUP(AC67,Varsayımlar!$B:$Q,12,0)) -> 260 | V67: =IF(B67="","",VLOOKUP(AC67,Varsayımlar!$B:$Q,13,0)) -> YURTDIŞI | W67: =IF(B67="","",VLOOKUP(AC67,Varsayımlar!$B:$Q,14,0)) -> 9 | AA67: =IF(B67="","",VLOOKUP(AC67,Varsayımlar!$B:$Q,15,0)) -> 25CM TURUNCU KOLİ-SOL ÜST DİKDÖRTGENE ÜRETİM TARİHİ BASILACAK | AB67: =IF(B67="","",VLOOKUP(AC67,Varsayımlar!$B:$Q,16,0)) -> 24-26 CM | AC67: =IF(B67="","",CONCATENATE(B67,E67)) -> MAGNİTMAGNİT MAVİ AMBALAJ 25 CM 260G
A68: 28. | B68: MAGNİT | C68: =IF(B68="","",VLOOKUP(AC68,Varsayımlar!$B:$Q,3,0)) -> 8698829380698 | D68: 4. ARAÇ | E68: MAGNİT MAVİ AMBALAJ 25 CM 260G | H68: =IF(B68="","",VLOOKUP(AC68,Varsayımlar!$B:$Q,5,0)) -> MAGNİT MAVİ AMBALAJ 25CM | J68: =IF(B68="","",VLOOKUP(AC68,Varsayımlar!$B:$Q,6,0)) -> SADE | K68: 2016 | M68: =K68/84 -> 24 | P68: =IF(B68="","",VLOOKUP(AC68,Varsayımlar!$B:$Q,7,0)*K68) -> 60480 | Q68: =IF(B68="","",VLOOKUP(AC68,Varsayımlar!$B:$Q,8,0)) -> 25 | R68: =IF(B68="","",VLOOKUP(AC68,Varsayımlar!$B:$Q,9,0)) -> SOFT | S68: =IF(B68="","",VLOOKUP(AC68,Varsayımlar!$B:$Q,10,0)) -> 4 | T68: =IF(B68="","",VLOOKUP(AC68,Varsayımlar!$B:$Q,11,0)) -> 30 | U68: =IF(B68="","",VLOOKUP(AC68,Varsayımlar!$B:$Q,12,0)) -> 260 | V68: =IF(B68="","",VLOOKUP(AC68,Varsayımlar!$B:$Q,13,0)) -> YURTDIŞI | W68: =IF(B68="","",VLOOKUP(AC68,Varsayımlar!$B:$Q,14,0)) -> 9 | AA68: =IF(B68="","",VLOOKUP(AC68,Varsayımlar!$B:$Q,15,0)) -> 25CM TURUNCU KOLİ-SOL ÜST DİKDÖRTGENE ÜRETİM TARİHİ BASILACAK | AB68: =IF(B68="","",VLOOKUP(AC68,Varsayımlar!$B:$Q,16,0)) -> 24-26 CM | AC68: =IF(B68="","",CONCATENATE(B68,E68)) -> MAGNİTMAGNİT MAVİ AMBALAJ 25 CM 260G
A69: 29. | B69: MAGNİT | C69: =IF(B69="","",VLOOKUP(AC69,Varsayımlar!$B:$Q,3,0)) -> 8698829380698 | D69: 5. ARAÇ | E69: MAGNİT MAVİ AMBALAJ 25 CM 260G | H69: =IF(B69="","",VLOOKUP(AC69,Varsayımlar!$B:$Q,5,0)) -> MAGNİT MAVİ AMBALAJ 25CM | J69: =IF(B69="","",VLOOKUP(AC69,Varsayımlar!$B:$Q,6,0)) -> SADE | K69: 2016 | M69: =K69/84 -> 24 | P69: =IF(B69="","",VLOOKUP(AC69,Varsayımlar!$B:$Q,7,0)*K69) -> 60480 | Q69: =IF(B69="","",VLOOKUP(AC69,Varsayımlar!$B:$Q,8,0)) -> 25 | R69: =IF(B69="","",VLOOKUP(AC69,Varsayımlar!$B:$Q,9,0)) -> SOFT | S69: =IF(B69="","",VLOOKUP(AC69,Varsayımlar!$B:$Q,10,0)) -> 4 | T69: =IF(B69="","",VLOOKUP(AC69,Varsayımlar!$B:$Q,11,0)) -> 30 | U69: =IF(B69="","",VLOOKUP(AC69,Varsayımlar!$B:$Q,12,0)) -> 260 | V69: =IF(B69="","",VLOOKUP(AC69,Varsayımlar!$B:$Q,13,0)) -> YURTDIŞI | W69: =IF(B69="","",VLOOKUP(AC69,Varsayımlar!$B:$Q,14,0)) -> 9 | AA69: =IF(B69="","",VLOOKUP(AC69,Varsayımlar!$B:$Q,15,0)) -> 25CM TURUNCU KOLİ-SOL ÜST DİKDÖRTGENE ÜRETİM TARİHİ BASILACAK | AB69: =IF(B69="","",VLOOKUP(AC69,Varsayımlar!$B:$Q,16,0)) -> 24-26 CM | AC69: =IF(B69="","",CONCATENATE(B69,E69)) -> MAGNİTMAGNİT MAVİ AMBALAJ 25 CM 260G
A70: 30. | B70: MAGNİT | C70: =IF(B70="","",VLOOKUP(AC70,Varsayımlar!$B:$Q,3,0)) -> 8698829380698 | D70: 6. ARAÇ | E70: MAGNİT MAVİ AMBALAJ 25 CM 260G | H70: =IF(B70="","",VLOOKUP(AC70,Varsayımlar!$B:$Q,5,0)) -> MAGNİT MAVİ AMBALAJ 25CM | J70: =IF(B70="","",VLOOKUP(AC70,Varsayımlar!$B:$Q,6,0)) -> SADE | K70: 2016 | M70: =K70/84 -> 24 | P70: =IF(B70="","",VLOOKUP(AC70,Varsayımlar!$B:$Q,7,0)*K70) -> 60480 | Q70: =IF(B70="","",VLOOKUP(AC70,Varsayımlar!$B:$Q,8,0)) -> 25 | R70: =IF(B70="","",VLOOKUP(AC70,Varsayımlar!$B:$Q,9,0)) -> SOFT | S70: =IF(B70="","",VLOOKUP(AC70,Varsayımlar!$B:$Q,10,0)) -> 4 | T70: =IF(B70="","",VLOOKUP(AC70,Varsayımlar!$B:$Q,11,0)) -> 30 | U70: =IF(B70="","",VLOOKUP(AC70,Varsayımlar!$B:$Q,12,0)) -> 260 | V70: =IF(B70="","",VLOOKUP(AC70,Varsayımlar!$B:$Q,13,0)) -> YURTDIŞI | W70: =IF(B70="","",VLOOKUP(AC70,Varsayımlar!$B:$Q,14,0)) -> 9 | AA70: =IF(B70="","",VLOOKUP(AC70,Varsayımlar!$B:$Q,15,0)) -> 25CM TURUNCU KOLİ-SOL ÜST DİKDÖRTGENE ÜRETİM TARİHİ BASILACAK | AB70: =IF(B70="","",VLOOKUP(AC70,Varsayımlar!$B:$Q,16,0)) -> 24-26 CM | AC70: =IF(B70="","",CONCATENATE(B70,E70)) -> MAGNİTMAGNİT MAVİ AMBALAJ 25 CM 260G
A71: 31. | B71: MAGNİT | C71: =IF(B71="","",VLOOKUP(AC71,Varsayımlar!$B:$Q,3,0)) -> 8698829380698 | D71: 7. ARAÇ | E71: MAGNİT MAVİ AMBALAJ 25 CM 260G | H71: =IF(B71="","",VLOOKUP(AC71,Varsayımlar!$B:$Q,5,0)) -> MAGNİT MAVİ AMBALAJ 25CM | J71: =IF(B71="","",VLOOKUP(AC71,Varsayımlar!$B:$Q,6,0)) -> SADE | K71: 2016 | M71: =K71/84 -> 24 | P71: =IF(B71="","",VLOOKUP(AC71,Varsayımlar!$B:$Q,7,0)*K71) -> 60480 | Q71: =IF(B71="","",VLOOKUP(AC71,Varsayımlar!$B:$Q,8,0)) -> 25 | R71: =IF(B71="","",VLOOKUP(AC71,Varsayımlar!$B:$Q,9,0)) -> SOFT | S71: =IF(B71="","",VLOOKUP(AC71,Varsayımlar!$B:$Q,10,0)) -> 4 | T71: =IF(B71="","",VLOOKUP(AC71,Varsayımlar!$B:$Q,11,0)) -> 30 | U71: =IF(B71="","",VLOOKUP(AC71,Varsayımlar!$B:$Q,12,0)) -> 260 | V71: =IF(B71="","",VLOOKUP(AC71,Varsayımlar!$B:$Q,13,0)) -> YURTDIŞI | W71: =IF(B71="","",VLOOKUP(AC71,Varsayımlar!$B:$Q,14,0)) -> 9 | AA71: =IF(B71="","",VLOOKUP(AC71,Varsayımlar!$B:$Q,15,0)) -> 25CM TURUNCU KOLİ-SOL ÜST DİKDÖRTGENE ÜRETİM TARİHİ BASILACAK | AB71: =IF(B71="","",VLOOKUP(AC71,Varsayımlar!$B:$Q,16,0)) -> 24-26 CM | AC71: =IF(B71="","",CONCATENATE(B71,E71)) -> MAGNİTMAGNİT MAVİ AMBALAJ 25 CM 260G
A72: 32. | B72: MAGNİT | C72: =IF(B72="","",VLOOKUP(AC72,Varsayımlar!$B:$Q,3,0)) -> 8698829380698 | D72: 8. ARAÇ | E72: MAGNİT MAVİ AMBALAJ 25 CM 260G | H72: =IF(B72="","",VLOOKUP(AC72,Varsayımlar!$B:$Q,5,0)) -> MAGNİT MAVİ AMBALAJ 25CM | J72: =IF(B72="","",VLOOKUP(AC72,Varsayımlar!$B:$Q,6,0)) -> SADE | K72: 2016 | M72: =K72/84 -> 24 | P72: =IF(B72="","",VLOOKUP(AC72,Varsayımlar!$B:$Q,7,0)*K72) -> 60480 | Q72: =IF(B72="","",VLOOKUP(AC72,Varsayımlar!$B:$Q,8,0)) -> 25 | R72: =IF(B72="","",VLOOKUP(AC72,Varsayımlar!$B:$Q,9,0)) -> SOFT | S72: =IF(B72="","",VLOOKUP(AC72,Varsayımlar!$B:$Q,10,0)) -> 4 | T72: =IF(B72="","",VLOOKUP(AC72,Varsayımlar!$B:$Q,11,0)) -> 30 | U72: =IF(B72="","",VLOOKUP(AC72,Varsayımlar!$B:$Q,12,0)) -> 260 | V72: =IF(B72="","",VLOOKUP(AC72,Varsayımlar!$B:$Q,13,0)) -> YURTDIŞI | W72: =IF(B72="","",VLOOKUP(AC72,Varsayımlar!$B:$Q,14,0)) -> 9 | AA72: =IF(B72="","",VLOOKUP(AC72,Varsayımlar!$B:$Q,15,0)) -> 25CM TURUNCU KOLİ-SOL ÜST DİKDÖRTGENE ÜRETİM TARİHİ BASILACAK | AB72: =IF(B72="","",VLOOKUP(AC72,Varsayımlar!$B:$Q,16,0)) -> 24-26 CM | AC72: =IF(B72="","",CONCATENATE(B72,E72)) -> MAGNİTMAGNİT MAVİ AMBALAJ 25 CM 260G
A73: 33. | B73: MAGNİT | C73: =IF(B73="","",VLOOKUP(AC73,Varsayımlar!$B:$Q,3,0)) -> 8698829380698 | D73: 9. ARAÇ | E73: MAGNİT MAVİ AMBALAJ 25 CM 260G | H73: =IF(B73="","",VLOOKUP(AC73,Varsayımlar!$B:$Q,5,0)) -> MAGNİT MAVİ AMBALAJ 25CM | J73: =IF(B73="","",VLOOKUP(AC73,Varsayımlar!$B:$Q,6,0)) -> SADE | K73: 2016 | M73: =K73/84 -> 24 | P73: =IF(B73="","",VLOOKUP(AC73,Varsayımlar!$B:$Q,7,0)*K73) -> 60480 | Q73: =IF(B73="","",VLOOKUP(AC73,Varsayımlar!$B:$Q,8,0)) -> 25 | R73: =IF(B73="","",VLOOKUP(AC73,Varsayımlar!$B:$Q,9,0)) -> SOFT | S73: =IF(B73="","",VLOOKUP(AC73,Varsayımlar!$B:$Q,10,0)) -> 4 | T73: =IF(B73="","",VLOOKUP(AC73,Varsayımlar!$B:$Q,11,0)) -> 30 | U73: =IF(B73="","",VLOOKUP(AC73,Varsayımlar!$B:$Q,12,0)) -> 260 | V73: =IF(B73="","",VLOOKUP(AC73,Varsayımlar!$B:$Q,13,0)) -> YURTDIŞI | W73: =IF(B73="","",VLOOKUP(AC73,Varsayımlar!$B:$Q,14,0)) -> 9 | AA73: =IF(B73="","",VLOOKUP(AC73,Varsayımlar!$B:$Q,15,0)) -> 25CM TURUNCU KOLİ-SOL ÜST DİKDÖRTGENE ÜRETİM TARİHİ BASILACAK | AB73: =IF(B73="","",VLOOKUP(AC73,Varsayımlar!$B:$Q,16,0)) -> 24-26 CM | AC73: =IF(B73="","",CONCATENATE(B73,E73)) -> MAGNİTMAGNİT MAVİ AMBALAJ 25 CM 260G
A74: 34. | B74: MAGNİT | C74: =IF(B74="","",VLOOKUP(AC74,Varsayımlar!$B:$Q,3,0)) -> 8698829380698 | D74: 10. ARAÇ | E74: MAGNİT MAVİ AMBALAJ 25 CM 260G | H74: =IF(B74="","",VLOOKUP(AC74,Varsayımlar!$B:$Q,5,0)) -> MAGNİT MAVİ AMBALAJ 25CM | J74: =IF(B74="","",VLOOKUP(AC74,Varsayımlar!$B:$Q,6,0)) -> SADE | K74: 2016 | M74: =K74/84 -> 24 | P74: =IF(B74="","",VLOOKUP(AC74,Varsayımlar!$B:$Q,7,0)*K74) -> 60480 | Q74: =IF(B74="","",VLOOKUP(AC74,Varsayımlar!$B:$Q,8,0)) -> 25 | R74: =IF(B74="","",VLOOKUP(AC74,Varsayımlar!$B:$Q,9,0)) -> SOFT | S74: =IF(B74="","",VLOOKUP(AC74,Varsayımlar!$B:$Q,10,0)) -> 4 | T74: =IF(B74="","",VLOOKUP(AC74,Varsayımlar!$B:$Q,11,0)) -> 30 | U74: =IF(B74="","",VLOOKUP(AC74,Varsayımlar!$B:$Q,12,0)) -> 260 | V74: =IF(B74="","",VLOOKUP(AC74,Varsayımlar!$B:$Q,13,0)) -> YURTDIŞI | W74: =IF(B74="","",VLOOKUP(AC74,Varsayımlar!$B:$Q,14,0)) -> 9 | AA74: =IF(B74="","",VLOOKUP(AC74,Varsayımlar!$B:$Q,15,0)) -> 25CM TURUNCU KOLİ-SOL ÜST DİKDÖRTGENE ÜRETİM TARİHİ BASILACAK | AB74: =IF(B74="","",VLOOKUP(AC74,Varsayımlar!$B:$Q,16,0)) -> 24-26 CM | AC74: =IF(B74="","",CONCATENATE(B74,E74)) -> MAGNİTMAGNİT MAVİ AMBALAJ 25 CM 260G
A75: 35. | B75: MAGNİT | C75: =IF(B75="","",VLOOKUP(AC75,Varsayımlar!$B:$Q,3,0)) -> 8698829380698 | D75: 11. ARAÇ | E75: MAGNİT MAVİ AMBALAJ 25 CM 260G | H75: =IF(B75="","",VLOOKUP(AC75,Varsayımlar!$B:$Q,5,0)) -> MAGNİT MAVİ AMBALAJ 25CM | J75: =IF(B75="","",VLOOKUP(AC75,Varsayımlar!$B:$Q,6,0)) -> SADE | K75: 2016 | M75: =K75/84 -> 24 | P75: =IF(B75="","",VLOOKUP(AC75,Varsayımlar!$B:$Q,7,0)*K75) -> 60480 | Q75: =IF(B75="","",VLOOKUP(AC75,Varsayımlar!$B:$Q,8,0)) -> 25 | R75: =IF(B75="","",VLOOKUP(AC75,Varsayımlar!$B:$Q,9,0)) -> SOFT | S75: =IF(B75="","",VLOOKUP(AC75,Varsayımlar!$B:$Q,10,0)) -> 4 | T75: =IF(B75="","",VLOOKUP(AC75,Varsayımlar!$B:$Q,11,0)) -> 30 | U75: =IF(B75="","",VLOOKUP(AC75,Varsayımlar!$B:$Q,12,0)) -> 260 | V75: =IF(B75="","",VLOOKUP(AC75,Varsayımlar!$B:$Q,13,0)) -> YURTDIŞI | W75: =IF(B75="","",VLOOKUP(AC75,Varsayımlar!$B:$Q,14,0)) -> 9 | AA75: =IF(B75="","",VLOOKUP(AC75,Varsayımlar!$B:$Q,15,0)) -> 25CM TURUNCU KOLİ-SOL ÜST DİKDÖRTGENE ÜRETİM TARİHİ BASILACAK | AB75: =IF(B75="","",VLOOKUP(AC75,Varsayımlar!$B:$Q,16,0)) -> 24-26 CM | AC75: =IF(B75="","",CONCATENATE(B75,E75)) -> MAGNİTMAGNİT MAVİ AMBALAJ 25 CM 260G
A76: 36. | B76: MAGNİT | C76: =IF(B76="","",VLOOKUP(AC76,Varsayımlar!$B:$Q,3,0)) -> 8698829380698 | D76: 12. ARAÇ | E76: MAGNİT MAVİ AMBALAJ 25 CM 260G | H76: =IF(B76="","",VLOOKUP(AC76,Varsayımlar!$B:$Q,5,0)) -> MAGNİT MAVİ AMBALAJ 25CM | J76: =IF(B76="","",VLOOKUP(AC76,Varsayımlar!$B:$Q,6,0)) -> SADE | K76: 2016 | M76: =K76/84 -> 24 | P76: =IF(B76="","",VLOOKUP(AC76,Varsayımlar!$B:$Q,7,0)*K76) -> 60480 | Q76: =IF(B76="","",VLOOKUP(AC76,Varsayımlar!$B:$Q,8,0)) -> 25 | R76: =IF(B76="","",VLOOKUP(AC76,Varsayımlar!$B:$Q,9,0)) -> SOFT | S76: =IF(B76="","",VLOOKUP(AC76,Varsayımlar!$B:$Q,10,0)) -> 4 | T76: =IF(B76="","",VLOOKUP(AC76,Varsayımlar!$B:$Q,11,0)) -> 30 | U76: =IF(B76="","",VLOOKUP(AC76,Varsayımlar!$B:$Q,12,0)) -> 260 | V76: =IF(B76="","",VLOOKUP(AC76,Varsayımlar!$B:$Q,13,0)) -> YURTDIŞI | W76: =IF(B76="","",VLOOKUP(AC76,Varsayımlar!$B:$Q,14,0)) -> 9 | AA76: =IF(B76="","",VLOOKUP(AC76,Varsayımlar!$B:$Q,15,0)) -> 25CM TURUNCU KOLİ-SOL ÜST DİKDÖRTGENE ÜRETİM TARİHİ BASILACAK | AB76: =IF(B76="","",VLOOKUP(AC76,Varsayımlar!$B:$Q,16,0)) -> 24-26 CM | AC76: =IF(B76="","",CONCATENATE(B76,E76)) -> MAGNİTMAGNİT MAVİ AMBALAJ 25 CM 260G
... A78: 38. | B78: MAGNİT | C78: =IF(B78="","",VLOOKUP(AC78,Varsayımlar!$B:$Q,3,0)) -> 8698829380698 | D78: 14. ARAÇ | E78: MAGNİT MAVİ AMBALAJ 25 CM 260G | H78: =IF(B78="","",VLOOKUP(AC78,Varsayımlar!$B:$Q,5,0)) -> MAGNİT MAVİ AMBALAJ 25CM | J78: =IF(B78="","",VLOOKUP(AC78,Varsayımlar!$B:$Q,6,0)) -> SADE | K78: 2016 | M78: =K78/84 -> 24 | P78: =IF(B78="","",VLOOKUP(AC78,Varsayımlar!$B:$Q,7,0)*K78) -> 60480 | Q78: =IF(B78="","",VLOOKUP(AC78,Varsayımlar!$B:$Q,8,0)) -> 25 | R78: =IF(B78="","",VLOOKUP(AC78,Varsayımlar!$B:$Q,9,0)) -> SOFT | S78: =IF(B78="","",VLOOKUP(AC78,Varsayımlar!$B:$Q,10,0)) -> 4 | T78: =IF(B78="","",VLOOKUP(AC78,Varsayımlar!$B:$Q,11,0)) -> 30 | U78: =IF(B78="","",VLOOKUP(AC78,Varsayımlar!$B:$Q,12,0)) -> 260 | V78: =IF(B78="","",VLOOKUP(AC78,Varsayımlar!$B:$Q,13,0)) -> YURTDIŞI | W78: =IF(B78="","",VLOOKUP(AC78,Varsayımlar!$B:$Q,14,0)) -> 9 | AA78: =IF(B78="","",VLOOKUP(AC78,Varsayımlar!$B:$Q,15,0)) -> 25CM TURUNCU KOLİ-SOL ÜST DİKDÖRTGENE ÜRETİM TARİHİ BASILACAK | AB78: =IF(B78="","",VLOOKUP(AC78,Varsayımlar!$B:$Q,16,0)) -> 24-26 CM | AC78: =IF(B78="","",CONCATENATE(B78,E78)) -> MAGNİTMAGNİT MAVİ AMBALAJ 25 CM 260G
A79: 39. | B79: SMART LLC | C79: =IF(B79="","",VLOOKUP(AC79,Varsayımlar!$B:$Q,3,0)) -> 8698829380698 | E79: Tortillas 20cm Peynirli 4pcs 166g | H79: =IF(B79="","",VLOOKUP(AC79,Varsayımlar!$B:$Q,5,0)) -> Tortillas 20cm (Samakat Bilgileri Ekli) | J79: =IF(B79="","",VLOOKUP(AC79,Varsayımlar!$B:$Q,6,0)) -> PEYNİRLİ | K79: 1800 | M79: =K79/225 -> 8 | P79: =IF(B79="","",VLOOKUP(AC79,Varsayımlar!$B:$Q,7,0)*K79) -> 25200 | Q79: =IF(B79="","",VLOOKUP(AC79,Varsayımlar!$B:$Q,8,0)) -> 20 | R79: =IF(B79="","",VLOOKUP(AC79,Varsayımlar!$B:$Q,9,0)) -> IRAK SOFT-AT | S79: =IF(B79="","",VLOOKUP(AC79,Varsayımlar!$B:$Q,10,0)) -> 4 | T79: =IF(B79="","",VLOOKUP(AC79,Varsayımlar!$B:$Q,11,0)) -> 14 | U79: =IF(B79="","",VLOOKUP(AC79,Varsayımlar!$B:$Q,12,0)) -> 166 | V79: =IF(B79="","",VLOOKUP(AC79,Varsayımlar!$B:$Q,13,0)) -> YURTDIŞI | W79: =IF(B79="","",VLOOKUP(AC79,Varsayımlar!$B:$Q,14,0)) -> 9 | X79: 46206 | Y79: 46480 | Z79: 26070320P | AA79: =IF(B79="","",VLOOKUP(AC79,Varsayımlar!$B:$Q,15,0)) -> Kare Koli-Üretim Tarihli Etiket | AB79: =IF(B79="","",VLOOKUP(AC79,Varsayımlar!$B:$Q,16,0)) -> 19-21 cm | AC79: =IF(B79="","",CONCATENATE(B79,E79)) -> SMART LLCTortillas 20cm Peynirli 4pcs 166g
A80: 40. | B80: SMART LLC | C80: =IF(B80="","",VLOOKUP(AC80,Varsayımlar!$B:$Q,3,0)) -> 8698829380698 | E80: TORTİLLAS SAMAKAT 20CM 166G | H80: =IF(B80="","",VLOOKUP(AC80,Varsayımlar!$B:$Q,5,0)) -> TORTİLLAS 20CM (SAMAKAT BİLGİLERİ EKLİ) | J80: =IF(B80="","",VLOOKUP(AC80,Varsayımlar!$B:$Q,6,0)) -> SADE | K80: 5400 | M80: =K80/225 -> 24 | P80: =IF(B80="","",VLOOKUP(AC80,Varsayımlar!$B:$Q,7,0)*K80) -> 75600 | Q80: =IF(B80="","",VLOOKUP(AC80,Varsayımlar!$B:$Q,8,0)) -> 20 | R80: =IF(B80="","",VLOOKUP(AC80,Varsayımlar!$B:$Q,9,0)) -> IRAK SOFT | S80: =IF(B80="","",VLOOKUP(AC80,Varsayımlar!$B:$Q,10,0)) -> 4 | T80: =IF(B80="","",VLOOKUP(AC80,Varsayımlar!$B:$Q,11,0)) -> 14 | U80: =IF(B80="","",VLOOKUP(AC80,Varsayımlar!$B:$Q,12,0)) -> 166 | V80: =IF(B80="","",VLOOKUP(AC80,Varsayımlar!$B:$Q,13,0)) -> YURTDIŞI | W80: =IF(B80="","",VLOOKUP(AC80,Varsayımlar!$B:$Q,14,0)) -> 9 | X80: 46206 | Y80: 46480 | Z80: 26070320 | AA80: =IF(B80="","",VLOOKUP(AC80,Varsayımlar!$B:$Q,15,0)) -> SİYAH KARE KOLİ- Üretim Tarihi Etiketli | AB80: =IF(B80="","",VLOOKUP(AC80,Varsayımlar!$B:$Q,16,0)) -> 19-21 CM | AC80: =IF(B80="","",CONCATENATE(B80,E80)) -> SMART LLCTORTİLLAS SAMAKAT 20CM 166G
A81: 41. | B81: MAGNİT | C81: =IF(B81="","",VLOOKUP(AC81,Varsayımlar!$B:$Q,3,0)) -> 8698829380698 | D81: 1. ARAÇ | E81: MAGNİT MAVİ AMBALAJ 25 CM 260G | H81: =IF(B81="","",VLOOKUP(AC81,Varsayımlar!$B:$Q,5,0)) -> MAGNİT MAVİ AMBALAJ 25CM | J81: =IF(B81="","",VLOOKUP(AC81,Varsayımlar!$B:$Q,6,0)) -> SADE | K81: 2016 | M81: =K81/84 -> 24 | P81: =IF(B81="","",VLOOKUP(AC81,Varsayımlar!$B:$Q,7,0)*K81) -> 60480 | Q81: =IF(B81="","",VLOOKUP(AC81,Varsayımlar!$B:$Q,8,0)) -> 25 | R81: =IF(B81="","",VLOOKUP(AC81,Varsayımlar!$B:$Q,9,0)) -> SOFT | S81: =IF(B81="","",VLOOKUP(AC81,Varsayımlar!$B:$Q,10,0)) -> 4 | T81: =IF(B81="","",VLOOKUP(AC81,Varsayımlar!$B:$Q,11,0)) -> 30 | U81: =IF(B81="","",VLOOKUP(AC81,Varsayımlar!$B:$Q,12,0)) -> 260 | V81: =IF(B81="","",VLOOKUP(AC81,Varsayımlar!$B:$Q,13,0)) -> YURTDIŞI | W81: =IF(B81="","",VLOOKUP(AC81,Varsayımlar!$B:$Q,14,0)) -> 9 | AA81: =IF(B81="","",VLOOKUP(AC81,Varsayımlar!$B:$Q,15,0)) -> 25CM TURUNCU KOLİ-SOL ÜST DİKDÖRTGENE ÜRETİM TARİHİ BASILACAK | AB81: =IF(B81="","",VLOOKUP(AC81,Varsayımlar!$B:$Q,16,0)) -> 24-26 CM | AC81: =IF(B81="","",CONCATENATE(B81,E81)) -> MAGNİTMAGNİT MAVİ AMBALAJ 25 CM 260G
A82: 42. | B82: MAGNİT | C82: =IF(B82="","",VLOOKUP(AC82,Varsayımlar!$B:$Q,3,0)) -> 8698829380698 | D82: 2. ARAÇ | E82: MAGNİT MAVİ AMBALAJ 25 CM 260G | H82: =IF(B82="","",VLOOKUP(AC82,Varsayımlar!$B:$Q,5,0)) -> MAGNİT MAVİ AMBALAJ 25CM | J82: =IF(B82="","",VLOOKUP(AC82,Varsayımlar!$B:$Q,6,0)) -> SADE | K82: 2016 | M82: =K82/84 -> 24 | P82: =IF(B82="","",VLOOKUP(AC82,Varsayımlar!$B:$Q,7,0)*K82) -> 60480 | Q82: =IF(B82="","",VLOOKUP(AC82,Varsayımlar!$B:$Q,8,0)) -> 25 | R82: =IF(B82="","",VLOOKUP(AC82,Varsayımlar!$B:$Q,9,0)) -> SOFT | S82: =IF(B82="","",VLOOKUP(AC82,Varsayımlar!$B:$Q,10,0)) -> 4 | T82: =IF(B82="","",VLOOKUP(AC82,Varsayımlar!$B:$Q,11,0)) -> 30 | U82: =IF(B82="","",VLOOKUP(AC82,Varsayımlar!$B:$Q,12,0)) -> 260 | V82: =IF(B82="","",VLOOKUP(AC82,Varsayımlar!$B:$Q,13,0)) -> YURTDIŞI | W82: =IF(B82="","",VLOOKUP(AC82,Varsayımlar!$B:$Q,14,0)) -> 9 | AA82: =IF(B82="","",VLOOKUP(AC82,Varsayımlar!$B:$Q,15,0)) -> 25CM TURUNCU KOLİ-SOL ÜST DİKDÖRTGENE ÜRETİM TARİHİ BASILACAK | AB82: =IF(B82="","",VLOOKUP(AC82,Varsayımlar!$B:$Q,16,0)) -> 24-26 CM | AC82: =IF(B82="","",CONCATENATE(B82,E82)) -> MAGNİTMAGNİT MAVİ AMBALAJ 25 CM 260G
A83: 43. | B83: MAGNİT | C83: =IF(B83="","",VLOOKUP(AC83,Varsayımlar!$B:$Q,3,0)) -> 8698829380698 | D83: 3. ARAÇ | E83: MAGNİT MAVİ AMBALAJ 25 CM 260G | H83: =IF(B83="","",VLOOKUP(AC83,Varsayımlar!$B:$Q,5,0)) -> MAGNİT MAVİ AMBALAJ 25CM | J83: =IF(B83="","",VLOOKUP(AC83,Varsayımlar!$B:$Q,6,0)) -> SADE | K83: 2016 | M83: =K83/84 -> 24 | P83: =IF(B83="","",VLOOKUP(AC83,Varsayımlar!$B:$Q,7,0)*K83) -> 60480 | Q83: =IF(B83="","",VLOOKUP(AC83,Varsayımlar!$B:$Q,8,0)) -> 25 | R83: =IF(B83="","",VLOOKUP(AC83,Varsayımlar!$B:$Q,9,0)) -> SOFT | S83: =IF(B83="","",VLOOKUP(AC83,Varsayımlar!$B:$Q,10,0)) -> 4 | T83: =IF(B83="","",VLOOKUP(AC83,Varsayımlar!$B:$Q,11,0)) -> 30 | U83: =IF(B83="","",VLOOKUP(AC83,Varsayımlar!$B:$Q,12,0)) -> 260 | V83: =IF(B83="","",VLOOKUP(AC83,Varsayımlar!$B:$Q,13,0)) -> YURTDIŞI | W83: =IF(B83="","",VLOOKUP(AC83,Varsayımlar!$B:$Q,14,0)) -> 9 | AA83: =IF(B83="","",VLOOKUP(AC83,Varsayımlar!$B:$Q,15,0)) -> 25CM TURUNCU KOLİ-SOL ÜST DİKDÖRTGENE ÜRETİM TARİHİ BASILACAK | AB83: =IF(B83="","",VLOOKUP(AC83,Varsayımlar!$B:$Q,16,0)) -> 24-26 CM | AC83: =IF(B83="","",CONCATENATE(B83,E83)) -> MAGNİTMAGNİT MAVİ AMBALAJ 25 CM 260G
A84: 44. | B84: MAGNİT | C84: =IF(B84="","",VLOOKUP(AC84,Varsayımlar!$B:$Q,3,0)) -> 8698829380698 | D84: 4. ARAÇ | E84: MAGNİT MAVİ AMBALAJ 25 CM 260G | H84: =IF(B84="","",VLOOKUP(AC84,Varsayımlar!$B:$Q,5,0)) -> MAGNİT MAVİ AMBALAJ 25CM | J84: =IF(B84="","",VLOOKUP(AC84,Varsayımlar!$B:$Q,6,0)) -> SADE | K84: 2016 | M84: =K84/84 -> 24 | P84: =IF(B84="","",VLOOKUP(AC84,Varsayımlar!$B:$Q,7,0)*K84) -> 60480 | Q84: =IF(B84="","",VLOOKUP(AC84,Varsayımlar!$B:$Q,8,0)) -> 25 | R84: =IF(B84="","",VLOOKUP(AC84,Varsayımlar!$B:$Q,9,0)) -> SOFT | S84: =IF(B84="","",VLOOKUP(AC84,Varsayımlar!$B:$Q,10,0)) -> 4 | T84: =IF(B84="","",VLOOKUP(AC84,Varsayımlar!$B:$Q,11,0)) -> 30 | U84: =IF(B84="","",VLOOKUP(AC84,Varsayımlar!$B:$Q,12,0)) -> 260 | V84: =IF(B84="","",VLOOKUP(AC84,Varsayımlar!$B:$Q,13,0)) -> YURTDIŞI | W84: =IF(B84="","",VLOOKUP(AC84,Varsayımlar!$B:$Q,14,0)) -> 9 | AA84: =IF(B84="","",VLOOKUP(AC84,Varsayımlar!$B:$Q,15,0)) -> 25CM TURUNCU KOLİ-SOL ÜST DİKDÖRTGENE ÜRETİM TARİHİ BASILACAK | AB84: =IF(B84="","",VLOOKUP(AC84,Varsayımlar!$B:$Q,16,0)) -> 24-26 CM | AC84: =IF(B84="","",CONCATENATE(B84,E84)) -> MAGNİTMAGNİT MAVİ AMBALAJ 25 CM 260G
A85: 45. | B85: MAGNİT | C85: =IF(B85="","",VLOOKUP(AC85,Varsayımlar!$B:$Q,3,0)) -> 8698829380698 | D85: 5. ARAÇ | E85: MAGNİT MAVİ AMBALAJ 25 CM 260G | H85: =IF(B85="","",VLOOKUP(AC85,Varsayımlar!$B:$Q,5,0)) -> MAGNİT MAVİ AMBALAJ 25CM | J85: =IF(B85="","",VLOOKUP(AC85,Varsayımlar!$B:$Q,6,0)) -> SADE | K85: 2016 | M85: =K85/84 -> 24 | P85: =IF(B85="","",VLOOKUP(AC85,Varsayımlar!$B:$Q,7,0)*K85) -> 60480 | Q85: =IF(B85="","",VLOOKUP(AC85,Varsayımlar!$B:$Q,8,0)) -> 25 | R85: =IF(B85="","",VLOOKUP(AC85,Varsayımlar!$B:$Q,9,0)) -> SOFT | S85: =IF(B85="","",VLOOKUP(AC85,Varsayımlar!$B:$Q,10,0)) -> 4 | T85: =IF(B85="","",VLOOKUP(AC85,Varsayımlar!$B:$Q,11,0)) -> 30 | U85: =IF(B85="","",VLOOKUP(AC85,Varsayımlar!$B:$Q,12,0)) -> 260 | V85: =IF(B85="","",VLOOKUP(AC85,Varsayımlar!$B:$Q,13,0)) -> YURTDIŞI | W85: =IF(B85="","",VLOOKUP(AC85,Varsayımlar!$B:$Q,14,0)) -> 9 | AA85: =IF(B85="","",VLOOKUP(AC85,Varsayımlar!$B:$Q,15,0)) -> 25CM TURUNCU KOLİ-SOL ÜST DİKDÖRTGENE ÜRETİM TARİHİ BASILACAK | AB85: =IF(B85="","",VLOOKUP(AC85,Varsayımlar!$B:$Q,16,0)) -> 24-26 CM | AC85: =IF(B85="","",CONCATENATE(B85,E85)) -> MAGNİTMAGNİT MAVİ AMBALAJ 25 CM 260G
A86: 46. | B86: MAGNİT | C86: =IF(B86="","",VLOOKUP(AC86,Varsayımlar!$B:$Q,3,0)) -> 8698829380698 | D86: 6. ARAÇ | E86: MAGNİT MAVİ AMBALAJ 25 CM 260G | H86: =IF(B86="","",VLOOKUP(AC86,Varsayımlar!$B:$Q,5,0)) -> MAGNİT MAVİ AMBALAJ 25CM | J86: =IF(B86="","",VLOOKUP(AC86,Varsayımlar!$B:$Q,6,0)) -> SADE | K86: 2016 | M86: =K86/84 -> 24 | P86: =IF(B86="","",VLOOKUP(AC86,Varsayımlar!$B:$Q,7,0)*K86) -> 60480 | Q86: =IF(B86="","",VLOOKUP(AC86,Varsayımlar!$B:$Q,8,0)) -> 25 | R86: =IF(B86="","",VLOOKUP(AC86,Varsayımlar!$B:$Q,9,0)) -> SOFT | S86: =IF(B86="","",VLOOKUP(AC86,Varsayımlar!$B:$Q,10,0)) -> 4 | T86: =IF(B86="","",VLOOKUP(AC86,Varsayımlar!$B:$Q,11,0)) -> 30 | U86: =IF(B86="","",VLOOKUP(AC86,Varsayımlar!$B:$Q,12,0)) -> 260 | V86: =IF(B86="","",VLOOKUP(AC86,Varsayımlar!$B:$Q,13,0)) -> YURTDIŞI | W86: =IF(B86="","",VLOOKUP(AC86,Varsayımlar!$B:$Q,14,0)) -> 9 | AA86: =IF(B86="","",VLOOKUP(AC86,Varsayımlar!$B:$Q,15,0)) -> 25CM TURUNCU KOLİ-SOL ÜST DİKDÖRTGENE ÜRETİM TARİHİ BASILACAK | AB86: =IF(B86="","",VLOOKUP(AC86,Varsayımlar!$B:$Q,16,0)) -> 24-26 CM | AC86: =IF(B86="","",CONCATENATE(B86,E86)) -> MAGNİTMAGNİT MAVİ AMBALAJ 25 CM 260G
A87: 47. | B87: MAGNİT | C87: =IF(B87="","",VLOOKUP(AC87,Varsayımlar!$B:$Q,3,0)) -> 8698829380698 | D87: 7. ARAÇ | E87: MAGNİT MAVİ AMBALAJ 25 CM 260G | H87: =IF(B87="","",VLOOKUP(AC87,Varsayımlar!$B:$Q,5,0)) -> MAGNİT MAVİ AMBALAJ 25CM | J87: =IF(B87="","",VLOOKUP(AC87,Varsayımlar!$B:$Q,6,0)) -> SADE | K87: 2016 | M87: =K87/84 -> 24 | P87: =IF(B87="","",VLOOKUP(AC87,Varsayımlar!$B:$Q,7,0)*K87) -> 60480 | Q87: =IF(B87="","",VLOOKUP(AC87,Varsayımlar!$B:$Q,8,0)) -> 25 | R87: =IF(B87="","",VLOOKUP(AC87,Varsayımlar!$B:$Q,9,0)) -> SOFT | S87: =IF(B87="","",VLOOKUP(AC87,Varsayımlar!$B:$Q,10,0)) -> 4 | T87: =IF(B87="","",VLOOKUP(AC87,Varsayımlar!$B:$Q,11,0)) -> 30 | U87: =IF(B87="","",VLOOKUP(AC87,Varsayımlar!$B:$Q,12,0)) -> 260 | V87: =IF(B87="","",VLOOKUP(AC87,Varsayımlar!$B:$Q,13,0)) -> YURTDIŞI | W87: =IF(B87="","",VLOOKUP(AC87,Varsayımlar!$B:$Q,14,0)) -> 9 | AA87: =IF(B87="","",VLOOKUP(AC87,Varsayımlar!$B:$Q,15,0)) -> 25CM TURUNCU KOLİ-SOL ÜST DİKDÖRTGENE ÜRETİM TARİHİ BASILACAK | AB87: =IF(B87="","",VLOOKUP(AC87,Varsayımlar!$B:$Q,16,0)) -> 24-26 CM | AC87: =IF(B87="","",CONCATENATE(B87,E87)) -> MAGNİTMAGNİT MAVİ AMBALAJ 25 CM 260G
A88: 48. | B88: MAGNİT | C88: =IF(B88="","",VLOOKUP(AC88,Varsayımlar!$B:$Q,3,0)) -> 8698829380698 | D88: 8. ARAÇ | E88: MAGNİT MAVİ AMBALAJ 25 CM 260G | H88: =IF(B88="","",VLOOKUP(AC88,Varsayımlar!$B:$Q,5,0)) -> MAGNİT MAVİ AMBALAJ 25CM | J88: =IF(B88="","",VLOOKUP(AC88,Varsayımlar!$B:$Q,6,0)) -> SADE | K88: 2016 | M88: =K88/84 -> 24 | P88: =IF(B88="","",VLOOKUP(AC88,Varsayımlar!$B:$Q,7,0)*K88) -> 60480 | Q88: =IF(B88="","",VLOOKUP(AC88,Varsayımlar!$B:$Q,8,0)) -> 25 | R88: =IF(B88="","",VLOOKUP(AC88,Varsayımlar!$B:$Q,9,0)) -> SOFT | S88: =IF(B88="","",VLOOKUP(AC88,Varsayımlar!$B:$Q,10,0)) -> 4 | T88: =IF(B88="","",VLOOKUP(AC88,Varsayımlar!$B:$Q,11,0)) -> 30 | U88: =IF(B88="","",VLOOKUP(AC88,Varsayımlar!$B:$Q,12,0)) -> 260 | V88: =IF(B88="","",VLOOKUP(AC88,Varsayımlar!$B:$Q,13,0)) -> YURTDIŞI | W88: =IF(B88="","",VLOOKUP(AC88,Varsayımlar!$B:$Q,14,0)) -> 9 | AA88: =IF(B88="","",VLOOKUP(AC88,Varsayımlar!$B:$Q,15,0)) -> 25CM TURUNCU KOLİ-SOL ÜST DİKDÖRTGENE ÜRETİM TARİHİ BASILACAK | AB88: =IF(B88="","",VLOOKUP(AC88,Varsayımlar!$B:$Q,16,0)) -> 24-26 CM | AC88: =IF(B88="","",CONCATENATE(B88,E88)) -> MAGNİTMAGNİT MAVİ AMBALAJ 25 CM 260G
A89: 49. | B89: MAGNİT | C89: =IF(B89="","",VLOOKUP(AC89,Varsayımlar!$B:$Q,3,0)) -> 8698829380698 | D89: 9. ARAÇ | E89: MAGNİT MAVİ AMBALAJ 25 CM 260G | H89: =IF(B89="","",VLOOKUP(AC89,Varsayımlar!$B:$Q,5,0)) -> MAGNİT MAVİ AMBALAJ 25CM | J89: =IF(B89="","",VLOOKUP(AC89,Varsayımlar!$B:$Q,6,0)) -> SADE | K89: 2016 | M89: =K89/84 -> 24 | P89: =IF(B89="","",VLOOKUP(AC89,Varsayımlar!$B:$Q,7,0)*K89) -> 60480 | Q89: =IF(B89="","",VLOOKUP(AC89,Varsayımlar!$B:$Q,8,0)) -> 25 | R89: =IF(B89="","",VLOOKUP(AC89,Varsayımlar!$B:$Q,9,0)) -> SOFT | S89: =IF(B89="","",VLOOKUP(AC89,Varsayımlar!$B:$Q,10,0)) -> 4 | T89: =IF(B89="","",VLOOKUP(AC89,Varsayımlar!$B:$Q,11,0)) -> 30 | U89: =IF(B89="","",VLOOKUP(AC89,Varsayımlar!$B:$Q,12,0)) -> 260 | V89: =IF(B89="","",VLOOKUP(AC89,Varsayımlar!$B:$Q,13,0)) -> YURTDIŞI | W89: =IF(B89="","",VLOOKUP(AC89,Varsayımlar!$B:$Q,14,0)) -> 9 | AA89: =IF(B89="","",VLOOKUP(AC89,Varsayımlar!$B:$Q,15,0)) -> 25CM TURUNCU KOLİ-SOL ÜST DİKDÖRTGENE ÜRETİM TARİHİ BASILACAK | AB89: =IF(B89="","",VLOOKUP(AC89,Varsayımlar!$B:$Q,16,0)) -> 24-26 CM | AC89: =IF(B89="","",CONCATENATE(B89,E89)) -> MAGNİTMAGNİT MAVİ AMBALAJ 25 CM 260G
A90: 50. | B90: MAGNİT | C90: =IF(B90="","",VLOOKUP(AC90,Varsayımlar!$B:$Q,3,0)) -> 8698829380698 | D90: 10. ARAÇ | E90: MAGNİT MAVİ AMBALAJ 25 CM 260G | H90: =IF(B90="","",VLOOKUP(AC90,Varsayımlar!$B:$Q,5,0)) -> MAGNİT MAVİ AMBALAJ 25CM | J90: =IF(B90="","",VLOOKUP(AC90,Varsayımlar!$B:$Q,6,0)) -> SADE | K90: 2016 | M90: =K90/84 -> 24 | P90: =IF(B90="","",VLOOKUP(AC90,Varsayımlar!$B:$Q,7,0)*K90) -> 60480 | Q90: =IF(B90="","",VLOOKUP(AC90,Varsayımlar!$B:$Q,8,0)) -> 25 | R90: =IF(B90="","",VLOOKUP(AC90,Varsayımlar!$B:$Q,9,0)) -> SOFT | S90: =IF(B90="","",VLOOKUP(AC90,Varsayımlar!$B:$Q,10,0)) -> 4 | T90: =IF(B90="","",VLOOKUP(AC90,Varsayımlar!$B:$Q,11,0)) -> 30 | U90: =IF(B90="","",VLOOKUP(AC90,Varsayımlar!$B:$Q,12,0)) -> 260 | V90: =IF(B90="","",VLOOKUP(AC90,Varsayımlar!$B:$Q,13,0)) -> YURTDIŞI | W90: =IF(B90="","",VLOOKUP(AC90,Varsayımlar!$B:$Q,14,0)) -> 9 | AA90: =IF(B90="","",VLOOKUP(AC90,Varsayımlar!$B:$Q,15,0)) -> 25CM TURUNCU KOLİ-SOL ÜST DİKDÖRTGENE ÜRETİM TARİHİ BASILACAK | AB90: =IF(B90="","",VLOOKUP(AC90,Varsayımlar!$B:$Q,16,0)) -> 24-26 CM | AC90: =IF(B90="","",CONCATENATE(B90,E90)) -> MAGNİTMAGNİT MAVİ AMBALAJ 25 CM 260G
A91: 51. | B91: MAGNİT | C91: =IF(B91="","",VLOOKUP(AC91,Varsayımlar!$B:$Q,3,0)) -> 8698829380698 | D91: 11. ARAÇ | E91: MAGNİT MAVİ AMBALAJ 25 CM 260G | H91: =IF(B91="","",VLOOKUP(AC91,Varsayımlar!$B:$Q,5,0)) -> MAGNİT MAVİ AMBALAJ 25CM | J91: =IF(B91="","",VLOOKUP(AC91,Varsayımlar!$B:$Q,6,0)) -> SADE | K91: 2016 | M91: =K91/84 -> 24 | P91: =IF(B91="","",VLOOKUP(AC91,Varsayımlar!$B:$Q,7,0)*K91) -> 60480 | Q91: =IF(B91="","",VLOOKUP(AC91,Varsayımlar!$B:$Q,8,0)) -> 25 | R91: =IF(B91="","",VLOOKUP(AC91,Varsayımlar!$B:$Q,9,0)) -> SOFT | S91: =IF(B91="","",VLOOKUP(AC91,Varsayımlar!$B:$Q,10,0)) -> 4 | T91: =IF(B91="","",VLOOKUP(AC91,Varsayımlar!$B:$Q,11,0)) -> 30 | U91: =IF(B91="","",VLOOKUP(AC91,Varsayımlar!$B:$Q,12,0)) -> 260 | V91: =IF(B91="","",VLOOKUP(AC91,Varsayımlar!$B:$Q,13,0)) -> YURTDIŞI | W91: =IF(B91="","",VLOOKUP(AC91,Varsayımlar!$B:$Q,14,0)) -> 9 | AA91: =IF(B91="","",VLOOKUP(AC91,Varsayımlar!$B:$Q,15,0)) -> 25CM TURUNCU KOLİ-SOL ÜST DİKDÖRTGENE ÜRETİM TARİHİ BASILACAK | AB91: =IF(B91="","",VLOOKUP(AC91,Varsayımlar!$B:$Q,16,0)) -> 24-26 CM | AC91: =IF(B91="","",CONCATENATE(B91,E91)) -> MAGNİTMAGNİT MAVİ AMBALAJ 25 CM 260G
A92: 52. | B92: MAGNİT | C92: =IF(B92="","",VLOOKUP(AC92,Varsayımlar!$B:$Q,3,0)) -> 8698829380698 | D92: 12. ARAÇ | E92: MAGNİT MAVİ AMBALAJ 25 CM 260G | H92: =IF(B92="","",VLOOKUP(AC92,Varsayımlar!$B:$Q,5,0)) -> MAGNİT MAVİ AMBALAJ 25CM | J92: =IF(B92="","",VLOOKUP(AC92,Varsayımlar!$B:$Q,6,0)) -> SADE | K92: 2016 | M92: =K92/84 -> 24 | P92: =IF(B92="","",VLOOKUP(AC92,Varsayımlar!$B:$Q,7,0)*K92) -> 60480 | Q92: =IF(B92="","",VLOOKUP(AC92,Varsayımlar!$B:$Q,8,0)) -> 25 | R92: =IF(B92="","",VLOOKUP(AC92,Varsayımlar!$B:$Q,9,0)) -> SOFT | S92: =IF(B92="","",VLOOKUP(AC92,Varsayımlar!$B:$Q,10,0)) -> 4 | T92: =IF(B92="","",VLOOKUP(AC92,Varsayımlar!$B:$Q,11,0)) -> 30 | U92: =IF(B92="","",VLOOKUP(AC92,Varsayımlar!$B:$Q,12,0)) -> 260 | V92: =IF(B92="","",VLOOKUP(AC92,Varsayımlar!$B:$Q,13,0)) -> YURTDIŞI | W92: =IF(B92="","",VLOOKUP(AC92,Varsayımlar!$B:$Q,14,0)) -> 9 | AA92: =IF(B92="","",VLOOKUP(AC92,Varsayımlar!$B:$Q,15,0)) -> 25CM TURUNCU KOLİ-SOL ÜST DİKDÖRTGENE ÜRETİM TARİHİ BASILACAK | AB92: =IF(B92="","",VLOOKUP(AC92,Varsayımlar!$B:$Q,16,0)) -> 24-26 CM | AC92: =IF(B92="","",CONCATENATE(B92,E92)) -> MAGNİTMAGNİT MAVİ AMBALAJ 25 CM 260G
... A95: 55. | B95: MAGNİT | C95: =IF(B95="","",VLOOKUP(AC95,Varsayımlar!$B:$Q,3,0)) -> 8698829380698 | D95: 15. ARAÇ | E95: MAGNİT MAVİ AMBALAJ 25 CM 260G | H95: =IF(B95="","",VLOOKUP(AC95,Varsayımlar!$B:$Q,5,0)) -> MAGNİT MAVİ AMBALAJ 25CM | J95: =IF(B95="","",VLOOKUP(AC95,Varsayımlar!$B:$Q,6,0)) -> SADE | K95: 2016 | M95: =K95/84 -> 24 | P95: =IF(B95="","",VLOOKUP(AC95,Varsayımlar!$B:$Q,7,0)*K95) -> 60480 | Q95: =IF(B95="","",VLOOKUP(AC95,Varsayımlar!$B:$Q,8,0)) -> 25 | R95: =IF(B95="","",VLOOKUP(AC95,Varsayımlar!$B:$Q,9,0)) -> SOFT | S95: =IF(B95="","",VLOOKUP(AC95,Varsayımlar!$B:$Q,10,0)) -> 4 | T95: =IF(B95="","",VLOOKUP(AC95,Varsayımlar!$B:$Q,11,0)) -> 30 | U95: =IF(B95="","",VLOOKUP(AC95,Varsayımlar!$B:$Q,12,0)) -> 260 | V95: =IF(B95="","",VLOOKUP(AC95,Varsayımlar!$B:$Q,13,0)) -> YURTDIŞI | W95: =IF(B95="","",VLOOKUP(AC95,Varsayımlar!$B:$Q,14,0)) -> 9 | AA95: =IF(B95="","",VLOOKUP(AC95,Varsayımlar!$B:$Q,15,0)) -> 25CM TURUNCU KOLİ-SOL ÜST DİKDÖRTGENE ÜRETİM TARİHİ BASILACAK | AB95: =IF(B95="","",VLOOKUP(AC95,Varsayımlar!$B:$Q,16,0)) -> 24-26 CM | AC95: =IF(B95="","",CONCATENATE(B95,E95)) -> MAGNİTMAGNİT MAVİ AMBALAJ 25 CM 260G
A96: 56. | B96: LLC KOTOR | C96: =IF(B96="","",VLOOKUP(AC96,Varsayımlar!$B:$Q,3,0)) -> 8698829380698 | E96: Manetka 20cm 4 pcs 166g | H96: =IF(B96="","",VLOOKUP(AC96,Varsayımlar!$B:$Q,5,0)) -> Manetka 20cm | J96: =IF(B96="","",VLOOKUP(AC96,Varsayımlar!$B:$Q,6,0)) -> SADE | K96: 7200 | M96: =K96/225 -> 32 | P96: =IF(B96="","",VLOOKUP(AC96,Varsayımlar!$B:$Q,7,0)*K96) -> 100800 | Q96: =IF(B96="","",VLOOKUP(AC96,Varsayımlar!$B:$Q,8,0)) -> 20 | R96: =IF(B96="","",VLOOKUP(AC96,Varsayımlar!$B:$Q,9,0)) -> Irak Soft | S96: =IF(B96="","",VLOOKUP(AC96,Varsayımlar!$B:$Q,10,0)) -> 4 | T96: =IF(B96="","",VLOOKUP(AC96,Varsayımlar!$B:$Q,11,0)) -> 14 | U96: =IF(B96="","",VLOOKUP(AC96,Varsayımlar!$B:$Q,12,0)) -> 166 | V96: =IF(B96="","",VLOOKUP(AC96,Varsayımlar!$B:$Q,13,0)) -> YURTDIŞI | W96: =IF(B96="","",VLOOKUP(AC96,Varsayımlar!$B:$Q,14,0)) -> 6 | AA96: =IF(B96="","",VLOOKUP(AC96,Varsayımlar!$B:$Q,15,0)) -> Kare Koli-Üretim Tarihli Etiket | AB96: =IF(B96="","",VLOOKUP(AC96,Varsayımlar!$B:$Q,16,0)) -> 19-21 cm | AC96: =IF(B96="","",CONCATENATE(B96,E96)) -> LLC KOTORManetka 20cm 4 pcs 166g
A97: 57. | B97: LLC KOTOR | C97: =IF(B97="","",VLOOKUP(AC97,Varsayımlar!$B:$Q,3,0)) -> 8698829380698 | E97: MANETKA PEYNİRLİ 25CM | H97: =IF(B97="","",VLOOKUP(AC97,Varsayımlar!$B:$Q,5,0)) -> MANETKA PEYNİRLİ 25 CM | J97: =IF(B97="","",VLOOKUP(AC97,Varsayımlar!$B:$Q,6,0)) -> PEYNİRLİ | K97: 2496 | M97: =K97/78 -> 32 | P97: =IF(B97="","",VLOOKUP(AC97,Varsayımlar!$B:$Q,7,0)*K97) -> 74880 | Q97: =IF(B97="","",VLOOKUP(AC97,Varsayımlar!$B:$Q,8,0)) -> 25 | R97: =IF(B97="","",VLOOKUP(AC97,Varsayımlar!$B:$Q,9,0)) -> SOFT-AT | S97: =IF(B97="","",VLOOKUP(AC97,Varsayımlar!$B:$Q,10,0)) -> 4 | T97: =IF(B97="","",VLOOKUP(AC97,Varsayımlar!$B:$Q,11,0)) -> 30 | U97: =IF(B97="","",VLOOKUP(AC97,Varsayımlar!$B:$Q,12,0)) -> 250 | V97: =IF(B97="","",VLOOKUP(AC97,Varsayımlar!$B:$Q,13,0)) -> YURTDIŞI | W97: =IF(B97="","",VLOOKUP(AC97,Varsayımlar!$B:$Q,14,0)) -> 6 | AA97: =IF(B97="","",VLOOKUP(AC97,Varsayımlar!$B:$Q,15,0)) -> KIRMIZI KOLİ-TARİHLİ KOLİ ETİKETİ | AB97: =IF(B97="","",VLOOKUP(AC97,Varsayımlar!$B:$Q,16,0)) -> 24-26 CM | AC97: =IF(B97="","",CONCATENATE(B97,E97)) -> LLC KOTORMANETKA PEYNİRLİ 25CM
A98: 58. | B98: LLC KOTOR | C98: =IF(B98="","",VLOOKUP(AC98,Varsayımlar!$B:$Q,3,0)) -> 8698829380698 | E98: Manetka 20cm 4 pcs 166g | H98: =IF(B98="","",VLOOKUP(AC98,Varsayımlar!$B:$Q,5,0)) -> Manetka 20cm | J98: =IF(B98="","",VLOOKUP(AC98,Varsayımlar!$B:$Q,6,0)) -> SADE | K98: 7200 | M98: =K98/225 -> 32 | P98: =IF(B98="","",VLOOKUP(AC98,Varsayımlar!$B:$Q,7,0)*K98) -> 100800 | Q98: =IF(B98="","",VLOOKUP(AC98,Varsayımlar!$B:$Q,8,0)) -> 20 | R98: =IF(B98="","",VLOOKUP(AC98,Varsayımlar!$B:$Q,9,0)) -> Irak Soft | S98: =IF(B98="","",VLOOKUP(AC98,Varsayımlar!$B:$Q,10,0)) -> 4 | T98: =IF(B98="","",VLOOKUP(AC98,Varsayımlar!$B:$Q,11,0)) -> 14 | U98: =IF(B98="","",VLOOKUP(AC98,Varsayımlar!$B:$Q,12,0)) -> 166 | V98: =IF(B98="","",VLOOKUP(AC98,Varsayımlar!$B:$Q,13,0)) -> YURTDIŞI | W98: =IF(B98="","",VLOOKUP(AC98,Varsayımlar!$B:$Q,14,0)) -> 6 | AA98: =IF(B98="","",VLOOKUP(AC98,Varsayımlar!$B:$Q,15,0)) -> Kare Koli-Üretim Tarihli Etiket | AB98: =IF(B98="","",VLOOKUP(AC98,Varsayımlar!$B:$Q,16,0)) -> 19-21 cm | AC98: =IF(B98="","",CONCATENATE(B98,E98)) -> LLC KOTORManetka 20cm 4 pcs 166g
A99: 59. | B99: LLC KOTOR | C99: =IF(B99="","",VLOOKUP(AC99,Varsayımlar!$B:$Q,3,0)) -> 8698829380698 | E99: MANETKA PEYNİRLİ 25CM | H99: =IF(B99="","",VLOOKUP(AC99,Varsayımlar!$B:$Q,5,0)) -> MANETKA PEYNİRLİ 25 CM | J99: =IF(B99="","",VLOOKUP(AC99,Varsayımlar!$B:$Q,6,0)) -> PEYNİRLİ | K99: 2496 | M99: =K99/78 -> 32 | P99: =IF(B99="","",VLOOKUP(AC99,Varsayımlar!$B:$Q,7,0)*K99) -> 74880 | Q99: =IF(B99="","",VLOOKUP(AC99,Varsayımlar!$B:$Q,8,0)) -> 25 | R99: =IF(B99="","",VLOOKUP(AC99,Varsayımlar!$B:$Q,9,0)) -> SOFT-AT | S99: =IF(B99="","",VLOOKUP(AC99,Varsayımlar!$B:$Q,10,0)) -> 4 | T99: =IF(B99="","",VLOOKUP(AC99,Varsayımlar!$B:$Q,11,0)) -> 30 | U99: =IF(B99="","",VLOOKUP(AC99,Varsayımlar!$B:$Q,12,0)) -> 250 | V99: =IF(B99="","",VLOOKUP(AC99,Varsayımlar!$B:$Q,13,0)) -> YURTDIŞI | W99: =IF(B99="","",VLOOKUP(AC99,Varsayımlar!$B:$Q,14,0)) -> 6 | AA99: =IF(B99="","",VLOOKUP(AC99,Varsayımlar!$B:$Q,15,0)) -> KIRMIZI KOLİ-TARİHLİ KOLİ ETİKETİ | AB99: =IF(B99="","",VLOOKUP(AC99,Varsayımlar!$B:$Q,16,0)) -> 24-26 CM | AC99: =IF(B99="","",CONCATENATE(B99,E99)) -> LLC KOTORMANETKA PEYNİRLİ 25CM
A100: 60. | B100: LLC KOTOR | C100: =IF(B100="","",VLOOKUP(AC100,Varsayımlar!$B:$Q,3,0)) -> 8698829380698 | E100: Manetka 20cm 4 pcs 166g | H100: =IF(B100="","",VLOOKUP(AC100,Varsayımlar!$B:$Q,5,0)) -> Manetka 20cm | J100: =IF(B100="","",VLOOKUP(AC100,Varsayımlar!$B:$Q,6,0)) -> SADE | K100: 7200 | M100: =K100/225 -> 32 | P100: =IF(B100="","",VLOOKUP(AC100,Varsayımlar!$B:$Q,7,0)*K100) -> 100800 | Q100: =IF(B100="","",VLOOKUP(AC100,Varsayımlar!$B:$Q,8,0)) -> 20 | R100: =IF(B100="","",VLOOKUP(AC100,Varsayımlar!$B:$Q,9,0)) -> Irak Soft | S100: =IF(B100="","",VLOOKUP(AC100,Varsayımlar!$B:$Q,10,0)) -> 4 | T100: =IF(B100="","",VLOOKUP(AC100,Varsayımlar!$B:$Q,11,0)) -> 14 | U100: =IF(B100="","",VLOOKUP(AC100,Varsayımlar!$B:$Q,12,0)) -> 166 | V100: =IF(B100="","",VLOOKUP(AC100,Varsayımlar!$B:$Q,13,0)) -> YURTDIŞI | W100: =IF(B100="","",VLOOKUP(AC100,Varsayımlar!$B:$Q,14,0)) -> 6 | AA100: =IF(B100="","",VLOOKUP(AC100,Varsayımlar!$B:$Q,15,0)) -> Kare Koli-Üretim Tarihli Etiket | AB100: =IF(B100="","",VLOOKUP(AC100,Varsayımlar!$B:$Q,16,0)) -> 19-21 cm | AC100: =IF(B100="","",CONCATENATE(B100,E100)) -> LLC KOTORManetka 20cm 4 pcs 166g
A101: 61. | B101: LLC KOTOR | C101: =IF(B101="","",VLOOKUP(AC101,Varsayımlar!$B:$Q,3,0)) -> 8698829380698 | E101: Manetka 20cm 4 pcs 166g | H101: =IF(B101="","",VLOOKUP(AC101,Varsayımlar!$B:$Q,5,0)) -> Manetka 20cm | J101: =IF(B101="","",VLOOKUP(AC101,Varsayımlar!$B:$Q,6,0)) -> SADE | K101: 7200 | M101: =K101/225 -> 32 | P101: =IF(B101="","",VLOOKUP(AC101,Varsayımlar!$B:$Q,7,0)*K101) -> 100800 | Q101: =IF(B101="","",VLOOKUP(AC101,Varsayımlar!$B:$Q,8,0)) -> 20 | R101: =IF(B101="","",VLOOKUP(AC101,Varsayımlar!$B:$Q,9,0)) -> Irak Soft | S101: =IF(B101="","",VLOOKUP(AC101,Varsayımlar!$B:$Q,10,0)) -> 4 | T101: =IF(B101="","",VLOOKUP(AC101,Varsayımlar!$B:$Q,11,0)) -> 14 | U101: =IF(B101="","",VLOOKUP(AC101,Varsayımlar!$B:$Q,12,0)) -> 166 | V101: =IF(B101="","",VLOOKUP(AC101,Varsayımlar!$B:$Q,13,0)) -> YURTDIŞI | W101: =IF(B101="","",VLOOKUP(AC101,Varsayımlar!$B:$Q,14,0)) -> 6 | AA101: =IF(B101="","",VLOOKUP(AC101,Varsayımlar!$B:$Q,15,0)) -> Kare Koli-Üretim Tarihli Etiket | AB101: =IF(B101="","",VLOOKUP(AC101,Varsayımlar!$B:$Q,16,0)) -> 19-21 cm | AC101: =IF(B101="","",CONCATENATE(B101,E101)) -> LLC KOTORManetka 20cm 4 pcs 166g
A102: 62. | B102: LLC KOTOR | C102: =IF(B102="","",VLOOKUP(AC102,Varsayımlar!$B:$Q,3,0)) -> 8698829380698 | E102: MANETKA PEYNİRLİ 25CM | H102: =IF(B102="","",VLOOKUP(AC102,Varsayımlar!$B:$Q,5,0)) -> MANETKA PEYNİRLİ 25 CM | J102: =IF(B102="","",VLOOKUP(AC102,Varsayımlar!$B:$Q,6,0)) -> PEYNİRLİ | K102: 2496 | M102: =K102/78 -> 32 | P102: =IF(B102="","",VLOOKUP(AC102,Varsayımlar!$B:$Q,7,0)*K102) -> 74880 | Q102: =IF(B102="","",VLOOKUP(AC102,Varsayımlar!$B:$Q,8,0)) -> 25 | R102: =IF(B102="","",VLOOKUP(AC102,Varsayımlar!$B:$Q,9,0)) -> SOFT-AT | S102: =IF(B102="","",VLOOKUP(AC102,Varsayımlar!$B:$Q,10,0)) -> 4 | T102: =IF(B102="","",VLOOKUP(AC102,Varsayımlar!$B:$Q,11,0)) -> 30 | U102: =IF(B102="","",VLOOKUP(AC102,Varsayımlar!$B:$Q,12,0)) -> 250 | V102: =IF(B102="","",VLOOKUP(AC102,Varsayımlar!$B:$Q,13,0)) -> YURTDIŞI | W102: =IF(B102="","",VLOOKUP(AC102,Varsayımlar!$B:$Q,14,0)) -> 6 | AA102: =IF(B102="","",VLOOKUP(AC102,Varsayımlar!$B:$Q,15,0)) -> KIRMIZI KOLİ-TARİHLİ KOLİ ETİKETİ | AB102: =IF(B102="","",VLOOKUP(AC102,Varsayımlar!$B:$Q,16,0)) -> 24-26 CM | AC102: =IF(B102="","",CONCATENATE(B102,E102)) -> LLC KOTORMANETKA PEYNİRLİ 25CM
A103: 63. | B103: Eyal | C103: =IF(B103="","",VLOOKUP(AC103,Varsayımlar!$B:$Q,3,0)) -> 8698829380698 | E103: Rimini 20 cm 8 pcs 360g | G103: HAHAM GELECEK | H103: =IF(B103="","",VLOOKUP(AC103,Varsayımlar!$B:$Q,5,0)) -> Rimini 20cm | J103: =IF(B103="","",VLOOKUP(AC103,Varsayımlar!$B:$Q,6,0)) -> SADE | K103: 2880 | P103: =IF(B103="","",VLOOKUP(AC103,Varsayımlar!$B:$Q,7,0)*K103) -> 40320 | Q103: =IF(B103="","",VLOOKUP(AC103,Varsayımlar!$B:$Q,8,0)) -> 20 | R103: =IF(B103="","",VLOOKUP(AC103,Varsayımlar!$B:$Q,9,0)) -> Irak soft | S103: =IF(B103="","",VLOOKUP(AC103,Varsayımlar!$B:$Q,10,0)) -> 8 | T103: =IF(B103="","",VLOOKUP(AC103,Varsayımlar!$B:$Q,11,0)) -> 14 | U103: =IF(B103="","",VLOOKUP(AC103,Varsayımlar!$B:$Q,12,0)) -> 360 | V103: =IF(B103="","",VLOOKUP(AC103,Varsayımlar!$B:$Q,13,0)) -> YURTDIŞI | W103: =IF(B103="","",VLOOKUP(AC103,Varsayımlar!$B:$Q,14,0)) -> 0 | Y103: EXP | Z103: LOT | AA103: =IF(B103="","",VLOOKUP(AC103,Varsayımlar!$B:$Q,15,0)) -> 20cm koli-İbranice Etiket | AB103: =IF(B103="","",VLOOKUP(AC103,Varsayımlar!$B:$Q,16,0)) -> 19-21 cm | AC103: =IF(B103="","",CONCATENATE(B103,E103)) -> EyalRimini 20 cm 8 pcs 360g
...

Sheet Sayfa2
A1: MUTLUKAL İŞ EMRİ
A2: MAKİNE 1 | AA2: 46176 | AB2: 0.5625
A3: SIRA | B3: FİRMA | C3: GTIN KODU | D3: ARAÇ SAYISI | E3: PRODUCT NAME / ÜRÜN ADI | F3: ORDER NUMBER / SİPARİŞ NUMARASI | G3: KAREKOD DOSYA ADI | H3: AMBALAJ | I3: AMBALAJ ETİKETİ | J3: CİNSİ | K3: ÜRETİLECEK MİKTAR/ KOLİ | L3: DEPO STOK / KOLİ | M3: ÜRETİLECEK MİKTAR/ PALET | N3: PALET/KOLİ | O3: SÜRE | P3: AMBALAJ MİKTAR | Q3: ÇAP | R3: FORMÜL | S3: PAKET İÇİ | T3: KOLİ İÇİ | U3: PAKET GRAMAJI | V3: TARİH | W3: SKT/AY | X3: ÜRT/PRD | Y3: TETT/EXP | Z3: PRT/LOT | AA3: KOLİ / TARİH | AB3: AÇIKLAMALAR | AC3: Palet Ölçüsü | AD3: Birleştir
A4: 1. | B4: LLC TRİTON | C4: =IF(B4="","",VLOOKUP(AD4,Varsayımlar!$B:$Q,3,0)) -> 8698829380698 | E4: MUTLUKAL WHEAT TORTILLA | F4: KB-006321 | G4: ZP6-17971 | H4: =IF(B4="","",VLOOKUP(AD4,Varsayımlar!$B:$Q,5,0)) -> TORTİLLAS 25 CM 4 PCS 260G | I4: =IF(B4="","",VLOOKUP(AD4,Varsayımlar!B:T,19,0)) -> 0 | J4: =IF(B4="","",VLOOKUP(AD4,Varsayımlar!$B:$Q,6,0)) -> SADE | K4: 1680 | M4: =IFERROR(IF(B4="","",K4/VLOOKUP(AD4,Varsayımlar!B:R,17,0)),"") -> 20 | N4: 84 | P4: =IF(B4="","",VLOOKUP(AD4,Varsayımlar!$B:$Q,7,0)*K4) -> 50400 | Q4: =IF(B4="","",VLOOKUP(AD4,Varsayımlar!$B:$Q,8,0)) -> 25 | R4: =IF(B4="","",VLOOKUP(AD4,Varsayımlar!$B:$Q,9,0)) -> SOFT | S4: =IF(B4="","",VLOOKUP(AD4,Varsayımlar!$B:$Q,10,0)) -> 4 | T4: =IF(B4="","",VLOOKUP(AD4,Varsayımlar!$B:$Q,11,0)) -> 30 | U4: =IF(B4="","",VLOOKUP(AD4,Varsayımlar!$B:$Q,12,0)) -> 260 | V4: =IF(B4="","",VLOOKUP(AD4,Varsayımlar!$B:$Q,13,0)) -> YURTDIŞI | W4: =IF(B4="","",VLOOKUP(AD4,Varsayımlar!$B:$Q,14,0)) -> 6 | X4: 46176 | Y4: 46359 | Z4: 26060325-1 | AA4: =IF(B4="","",VLOOKUP(AD4,Varsayımlar!$B:$Q,15,0)) -> TRİTON -SKT ATILACAK | AB4: =IF(B4="","",VLOOKUP(AD4,Varsayımlar!$B:$Q,16,0)) -> 24-26 CM | AC4: =IF(B4="","",VLOOKUP(Sayfa2!AD4,Varsayımlar!B:S,18,0)) -> 0 | AD4: =IF(B4="","",CONCATENATE(B4,E4)) -> LLC TRİTONMUTLUKAL WHEAT TORTILLA | AE4: bitti
A5: 2. | B5: LLC TRİTON | C5: =IF(B5="","",VLOOKUP(AD5,Varsayımlar!$B:$Q,3,0)) -> 8698829380698 | E5: MUTLUKAL WHEAT TORTILLA | F5: KB-006321 | G5: Z210006314 | H5: =IF(B5="","",VLOOKUP(AD5,Varsayımlar!$B:$Q,5,0)) -> TORTİLLAS 25 CM 4 PCS 260G | I5: =IF(B5="","",VLOOKUP(AD5,Varsayımlar!B:T,19,0)) -> 0 | J5: =IF(B5="","",VLOOKUP(AD5,Varsayımlar!$B:$Q,6,0)) -> SADE | K5: 420 | M5: =IFERROR(IF(B5="","",K5/VLOOKUP(AD5,Varsayımlar!B:R,17,0)),"") -> 5 | N5: 84 | P5: =IF(B5="","",VLOOKUP(AD5,Varsayımlar!$B:$Q,7,0)*K5) -> 12600 | Q5: =IF(B5="","",VLOOKUP(AD5,Varsayımlar!$B:$Q,8,0)) -> 25 | R5: =IF(B5="","",VLOOKUP(AD5,Varsayımlar!$B:$Q,9,0)) -> SOFT | S5: =IF(B5="","",VLOOKUP(AD5,Varsayımlar!$B:$Q,10,0)) -> 4 | T5: =IF(B5="","",VLOOKUP(AD5,Varsayımlar!$B:$Q,11,0)) -> 30 | U5: =IF(B5="","",VLOOKUP(AD5,Varsayımlar!$B:$Q,12,0)) -> 260 | V5: =IF(B5="","",VLOOKUP(AD5,Varsayımlar!$B:$Q,13,0)) -> YURTDIŞI | W5: =IF(B5="","",VLOOKUP(AD5,Varsayımlar!$B:$Q,14,0)) -> 6 | X5: 46176 | Y5: 46359 | Z5: 26060325-1 | AA5: =IF(B5="","",VLOOKUP(AD5,Varsayımlar!$B:$Q,15,0)) -> TRİTON -SKT ATILACAK | AB5: =IF(B5="","",VLOOKUP(AD5,Varsayımlar!$B:$Q,16,0)) -> 24-26 CM | AC5: =IF(B5="","",VLOOKUP(Sayfa2!AD5,Varsayımlar!B:S,18,0)) -> 0 | AD5: =IF(B5="","",CONCATENATE(B5,E5)) -> LLC TRİTONMUTLUKAL WHEAT TORTILLA | AE5: bitti
A6: 3. | B6: LLC TRİTON | C6: =IF(B6="","",VLOOKUP(AD6,Varsayımlar!$B:$Q,3,0)) -> 8698829380698 | E6: MUTLUKAL WHEAT TORTILLA | F6: KB-006321 | G6: ZP3-012107 | H6: =IF(B6="","",VLOOKUP(AD6,Varsayımlar!$B:$Q,5,0)) -> TORTİLLAS 25 CM 4 PCS 260G | I6: =IF(B6="","",VLOOKUP(AD6,Varsayımlar!B:T,19,0)) -> 0 | J6: =IF(B6="","",VLOOKUP(AD6,Varsayımlar!$B:$Q,6,0)) -> SADE | K6: 336 | M6: =IFERROR(IF(B6="","",K6/VLOOKUP(AD6,Varsayımlar!B:R,17,0)),"") -> 4 | N6: 84 | P6: =IF(B6="","",VLOOKUP(AD6,Varsayımlar!$B:$Q,7,0)*K6) -> 10080 | Q6: =IF(B6="","",VLOOKUP(AD6,Varsayımlar!$B:$Q,8,0)) -> 25 | R6: =IF(B6="","",VLOOKUP(AD6,Varsayımlar!$B:$Q,9,0)) -> SOFT | S6: =IF(B6="","",VLOOKUP(AD6,Varsayımlar!$B:$Q,10,0)) -> 4 | T6: =IF(B6="","",VLOOKUP(AD6,Varsayımlar!$B:$Q,11,0)) -> 30 | U6: =IF(B6="","",VLOOKUP(AD6,Varsayımlar!$B:$Q,12,0)) -> 260 | V6: =IF(B6="","",VLOOKUP(AD6,Varsayımlar!$B:$Q,13,0)) -> YURTDIŞI | W6: =IF(B6="","",VLOOKUP(AD6,Varsayımlar!$B:$Q,14,0)) -> 6 | X6: 46176 | Y6: 46359 | Z6: 26060325-1 | AA6: =IF(B6="","",VLOOKUP(AD6,Varsayımlar!$B:$Q,15,0)) -> TRİTON -SKT ATILACAK | AB6: =IF(B6="","",VLOOKUP(AD6,Varsayımlar!$B:$Q,16,0)) -> 24-26 CM | AC6: =IF(B6="","",VLOOKUP(Sayfa2!AD6,Varsayımlar!B:S,18,0)) -> 0 | AD6: =IF(B6="","",CONCATENATE(B6,E6)) -> LLC TRİTONMUTLUKAL WHEAT TORTILLA
