Workbook

Sheet Bilgiler
B2: Aksiyon Bilgileri | D2: Ambalaj Bilgiler | N2: Analiz
B3: Kalem | D3: Stok Adı | E3: Kod | F3: Giriş | G3: Sayım (kg) | H3: Tedarikçiden Satın Alım | I3: Üretime Teslim Etme | J3: Üretimden Geri Alım | K3: Tedarikçiye Geri İade | L3: Son Durum | N3: Kod | O3: Ürün | P3: Parti Numarası | Q3: Son Kullanma Tarihi | R3: Kalan Süre (gün) | S3: Sayım (kg) | T3: Tedarikçiden Satın Alım | U3: Üretime Teslim Etme | V3: Üretimden Geri Alım | W3: Tedarikçiye Geri İade | X3: Son Durum | Y3: Risk | AA3: Tedarikçi | AC3: Kalite
B4: Tedarikçiden Satın Alım | D4: Poşet- 20 Cm Eyal Berman Tortilla 360 gr. | E4: 150.01.272 | F4: Mevcut | H4: =SUMIFS(Giriş!$J:$J,Giriş!$H:$H,Bilgiler!H$3,Giriş!$C:$C,Bilgiler!$D4) -> 0 | I4: =SUMIFS(Giriş!$J:$J,Giriş!$H:$H,Bilgiler!I$3,Giriş!$C:$C,Bilgiler!$D4) -> 0 | J4: =SUMIFS(Giriş!$J:$J,Giriş!$H:$H,Bilgiler!J$3,Giriş!$C:$C,Bilgiler!$D4) -> 0 | K4: =SUMIFS(Giriş!$J:$J,Giriş!$H:$H,Bilgiler!K$3,Giriş!$C:$C,Bilgiler!$D4) -> 0 | L4: =G4+H4-I4-K4+J4 -> 0 | N4: 1 | O4: =IF($N4="","",VLOOKUP($N4,Giriş!$L:$O,2,0)) -> Poşet-25 cm Mutlukal Tortillas 260 Gr ( Rusca ) | P4: =IF($N4="","",VLOOKUP($N4,Giriş!$L:$O,3,0)) -> MAT007938 | Q4: =IF($N4="","",VLOOKUP($N4,Giriş!$L:$O,4,0)) -> 45401 | R4: =IF(O4="","",IF(X4<=0,"",Q4-TODAY())) -> -181 | S4: =SUMIFS(G:G,D:D,O4,F:F,P4) -> 0 | T4: =SUMIFS(Giriş!$J:$J,Giriş!$H:$H,Bilgiler!T$3,Giriş!$C:$C,Bilgiler!$O4,Giriş!$E:$E,Bilgiler!$P4) -> 3011800 | U4: =SUMIFS(Giriş!$J:$J,Giriş!$H:$H,Bilgiler!U$3,Giriş!$C:$C,Bilgiler!$O4,Giriş!$E:$E,Bilgiler!$P4) -> 0 | V4: =SUMIFS(Giriş!$J:$J,Giriş!$H:$H,Bilgiler!V$3,Giriş!$C:$C,Bilgiler!$O4,Giriş!$E:$E,Bilgiler!$P4) -> 0 | W4: =SUMIFS(Giriş!$J:$J,Giriş!$H:$H,Bilgiler!W$3,Giriş!$C:$C,Bilgiler!$O4,Giriş!$E:$E,Bilgiler!$P4) -> 0 | X4: =S4+T4+V4-W4-U4 -> 3011800 | Y4: =IF(R4<0,IF(X4>0,"Raf Ömrü Geçti",""),IF(R4<=15,IF(X4>0,"Raf Ömrü Bitmek Üzere",""),"")) -> Raf Ömrü Geçti | AA4: Ege Plastik Ambalaj San.ve Tic.A.Ş. | AC4: Uygun
B5: Üretime Teslim Etme | D5: Poşet- 20 Cm Tomer Tortilla 320 gr. | E5: 150.01.319 | F5: Mevcut | H5: =SUMIFS(Giriş!$J:$J,Giriş!$H:$H,Bilgiler!H$3,Giriş!$C:$C,Bilgiler!$D5) -> 0 | I5: =SUMIFS(Giriş!$J:$J,Giriş!$H:$H,Bilgiler!I$3,Giriş!$C:$C,Bilgiler!$D5) -> 0 | J5: =SUMIFS(Giriş!$J:$J,Giriş!$H:$H,Bilgiler!J$3,Giriş!$C:$C,Bilgiler!$D5) -> 0 | K5: =SUMIFS(Giriş!$J:$J,Giriş!$H:$H,Bilgiler!K$3,Giriş!$C:$C,Bilgiler!$D5) -> 0 | L5: =G5+H5-I5-K5+J5 -> 0 | N5: =IFERROR(IF(N4+1>MAX(Giriş!L:L),"",N4+1),"") -> 2 | O5: =IF($N5="","",VLOOKUP($N5,Giriş!$L:$O,2,0)) -> Poşet-25 cm Mutlukal Tortillas Mavi Değişken | P5: =IF($N5="","",VLOOKUP($N5,Giriş!$L:$O,3,0)) -> MAT008069 | Q5: =IF($N5="","",VLOOKUP($N5,Giriş!$L:$O,4,0)) -> 45401 | R5: =IF(O5="","",IF(X5<=0,"",Q5-TODAY())) -> -181 | S5: =SUMIFS(G:G,D:D,O5,F:F,P5) -> 0 | T5: =SUMIFS(Giriş!$J:$J,Giriş!$H:$H,Bilgiler!T$3,Giriş!$C:$C,Bilgiler!$O5,Giriş!$E:$E,Bilgiler!$P5) -> 82600 | U5: =SUMIFS(Giriş!$J:$J,Giriş!$H:$H,Bilgiler!U$3,Giriş!$C:$C,Bilgiler!$O5,Giriş!$E:$E,Bilgiler!$P5) -> 0 | V5: =SUMIFS(Giriş!$J:$J,Giriş!$H:$H,Bilgiler!V$3,Giriş!$C:$C,Bilgiler!$O5,Giriş!$E:$E,Bilgiler!$P5) -> 0 | W5: =SUMIFS(Giriş!$J:$J,Giriş!$H:$H,Bilgiler!W$3,Giriş!$C:$C,Bilgiler!$O5,Giriş!$E:$E,Bilgiler!$P5) -> 0 | X5: =S5+T5+V5-W5-U5 -> 82600 | Y5: =IF(R5<0,IF(X5>0,"Raf Ömrü Geçti",""),IF(R5<=15,IF(X5>0,"Raf Ömrü Bitmek Üzere",""),"")) -> Raf Ömrü Geçti | AA5: Artı Ambalaj ve Gıda Ürünleri Turizm San.Tic.Ltd.Şti. | AC5: Uygun Değil
B6: Üretimden Geri Alım | D6: Poşet- 20 Cm Winfood Yehuda Tortilla 360 gr. | E6: 150.01.317 | F6: Mevcut | H6: =SUMIFS(Giriş!$J:$J,Giriş!$H:$H,Bilgiler!H$3,Giriş!$C:$C,Bilgiler!$D6) -> 0 | I6: =SUMIFS(Giriş!$J:$J,Giriş!$H:$H,Bilgiler!I$3,Giriş!$C:$C,Bilgiler!$D6) -> 0 | J6: =SUMIFS(Giriş!$J:$J,Giriş!$H:$H,Bilgiler!J$3,Giriş!$C:$C,Bilgiler!$D6) -> 0 | K6: =SUMIFS(Giriş!$J:$J,Giriş!$H:$H,Bilgiler!K$3,Giriş!$C:$C,Bilgiler!$D6) -> 0 | L6: =G6+H6-I6-K6+J6 -> 0 | N6: =IFERROR(IF(N5+1>MAX(Giriş!L:L),"",N5+1),"") -> 3 | O6: =IF($N6="","",VLOOKUP($N6,Giriş!$L:$O,2,0)) -> Poşet-30 cm Sofias | P6: =IF($N6="","",VLOOKUP($N6,Giriş!$L:$O,3,0)) -> MAT008034 | Q6: =IF($N6="","",VLOOKUP($N6,Giriş!$L:$O,4,0)) -> 45407 | R6: =IF(O6="","",IF(X6<=0,"",Q6-TODAY())) -> -175 | S6: =SUMIFS(G:G,D:D,O6,F:F,P6) -> 0 | T6: =SUMIFS(Giriş!$J:$J,Giriş!$H:$H,Bilgiler!T$3,Giriş!$C:$C,Bilgiler!$O6,Giriş!$E:$E,Bilgiler!$P6) -> 38400 | U6: =SUMIFS(Giriş!$J:$J,Giriş!$H:$H,Bilgiler!U$3,Giriş!$C:$C,Bilgiler!$O6,Giriş!$E:$E,Bilgiler!$P6) -> 0 | V6: =SUMIFS(Giriş!$J:$J,Giriş!$H:$H,Bilgiler!V$3,Giriş!$C:$C,Bilgiler!$O6,Giriş!$E:$E,Bilgiler!$P6) -> 0 | W6: =SUMIFS(Giriş!$J:$J,Giriş!$H:$H,Bilgiler!W$3,Giriş!$C:$C,Bilgiler!$O6,Giriş!$E:$E,Bilgiler!$P6) -> 0 | X6: =S6+T6+V6-W6-U6 -> 38400 | Y6: =IF(R6<0,IF(X6>0,"Raf Ömrü Geçti",""),IF(R6<=15,IF(X6>0,"Raf Ömrü Bitmek Üzere",""),"")) -> Raf Ömrü Geçti | AA6: Egemen Hediyelik Eşya Oyuncak Züccaciye Elektronik Gıda Tekstil İnş.Ambalaj San.ve Tic.A.Ş.
B7: Tedarikçiye Geri İade | D7: Poşet- 25 Cm Tomer Tortilla 420 gr. | E7: 150.01.318 | F7: Mevcut | H7: =SUMIFS(Giriş!$J:$J,Giriş!$H:$H,Bilgiler!H$3,Giriş!$C:$C,Bilgiler!$D7) -> 0 | I7: =SUMIFS(Giriş!$J:$J,Giriş!$H:$H,Bilgiler!I$3,Giriş!$C:$C,Bilgiler!$D7) -> 0 | J7: =SUMIFS(Giriş!$J:$J,Giriş!$H:$H,Bilgiler!J$3,Giriş!$C:$C,Bilgiler!$D7) -> 0 | K7: =SUMIFS(Giriş!$J:$J,Giriş!$H:$H,Bilgiler!K$3,Giriş!$C:$C,Bilgiler!$D7) -> 0 | L7: =G7+H7-I7-K7+J7 -> 0 | N7: =IFERROR(IF(N6+1>MAX(Giriş!L:L),"",N6+1),"") -> 4 | O7: =IF($N7="","",VLOOKUP($N7,Giriş!$L:$O,2,0)) -> Poşet-30 cm İpek | P7: =IF($N7="","",VLOOKUP($N7,Giriş!$L:$O,3,0)) -> 45231 | Q7: =IF($N7="","",VLOOKUP($N7,Giriş!$L:$O,4,0)) -> 45348 | R7: =IF(O7="","",IF(X7<=0,"",Q7-TODAY())) -> -234 | S7: =SUMIFS(G:G,D:D,O7,F:F,P7) -> 0 | T7: =SUMIFS(Giriş!$J:$J,Giriş!$H:$H,Bilgiler!T$3,Giriş!$C:$C,Bilgiler!$O7,Giriş!$E:$E,Bilgiler!$P7) -> 4000 | U7: =SUMIFS(Giriş!$J:$J,Giriş!$H:$H,Bilgiler!U$3,Giriş!$C:$C,Bilgiler!$O7,Giriş!$E:$E,Bilgiler!$P7) -> 0 | V7: =SUMIFS(Giriş!$J:$J,Giriş!$H:$H,Bilgiler!V$3,Giriş!$C:$C,Bilgiler!$O7,Giriş!$E:$E,Bilgiler!$P7) -> 0 | W7: =SUMIFS(Giriş!$J:$J,Giriş!$H:$H,Bilgiler!W$3,Giriş!$C:$C,Bilgiler!$O7,Giriş!$E:$E,Bilgiler!$P7) -> 0 | X7: =S7+T7+V7-W7-U7 -> 4000 | Y7: =IF(R7<0,IF(X7>0,"Raf Ömrü Geçti",""),IF(R7<=15,IF(X7>0,"Raf Ömrü Bitmek Üzere",""),"")) -> Raf Ömrü Geçti | AA7: Enpak Matbaa ve Ambalaj Sanayi ve Tic.A.Ş. ( Usd )
D8: Poşet- 30 Cm Tomer Tortilla 640 gr. | E8: 150.01.320 | F8: Mevcut | H8: =SUMIFS(Giriş!$J:$J,Giriş!$H:$H,Bilgiler!H$3,Giriş!$C:$C,Bilgiler!$D8) -> 0 | I8: =SUMIFS(Giriş!$J:$J,Giriş!$H:$H,Bilgiler!I$3,Giriş!$C:$C,Bilgiler!$D8) -> 0 | J8: =SUMIFS(Giriş!$J:$J,Giriş!$H:$H,Bilgiler!J$3,Giriş!$C:$C,Bilgiler!$D8) -> 0 | K8: =SUMIFS(Giriş!$J:$J,Giriş!$H:$H,Bilgiler!K$3,Giriş!$C:$C,Bilgiler!$D8) -> 0 | L8: =G8+H8-I8-K8+J8 -> 0 | N8: =IFERROR(IF(N7+1>MAX(Giriş!L:L),"",N7+1),"") -> 5 | O8: =IF($N8="","",VLOOKUP($N8,Giriş!$L:$O,2,0)) -> Poşet-20 cm B.sız Kilitli | P8: =IF($N8="","",VLOOKUP($N8,Giriş!$L:$O,3,0)) -> MAT008070 | Q8: =IF($N8="","",VLOOKUP($N8,Giriş!$L:$O,4,0)) -> 45472 | R8: =IF(O8="","",IF(X8<=0,"",Q8-TODAY())) -> -110 | S8: =SUMIFS(G:G,D:D,O8,F:F,P8) -> 0 | T8: =SUMIFS(Giriş!$J:$J,Giriş!$H:$H,Bilgiler!T$3,Giriş!$C:$C,Bilgiler!$O8,Giriş!$E:$E,Bilgiler!$P8) -> 104400 | U8: =SUMIFS(Giriş!$J:$J,Giriş!$H:$H,Bilgiler!U$3,Giriş!$C:$C,Bilgiler!$O8,Giriş!$E:$E,Bilgiler!$P8) -> 0 | V8: =SUMIFS(Giriş!$J:$J,Giriş!$H:$H,Bilgiler!V$3,Giriş!$C:$C,Bilgiler!$O8,Giriş!$E:$E,Bilgiler!$P8) -> 0 | W8: =SUMIFS(Giriş!$J:$J,Giriş!$H:$H,Bilgiler!W$3,Giriş!$C:$C,Bilgiler!$O8,Giriş!$E:$E,Bilgiler!$P8) -> 0 | X8: =S8+T8+V8-W8-U8 -> 104400 | Y8: =IF(R8<0,IF(X8>0,"Raf Ömrü Geçti",""),IF(R8<=15,IF(X8>0,"Raf Ömrü Bitmek Üzere",""),"")) -> Raf Ömrü Geçti | AA8: Etki Plastik Ambalaj San.Tic.A.Ş. - Usd
D9: Poşet-15 cm 250gr Hessa | E9: 150.01.329 | F9: Mevcut | H9: =SUMIFS(Giriş!$J:$J,Giriş!$H:$H,Bilgiler!H$3,Giriş!$C:$C,Bilgiler!$D9) -> 0 | I9: =SUMIFS(Giriş!$J:$J,Giriş!$H:$H,Bilgiler!I$3,Giriş!$C:$C,Bilgiler!$D9) -> 0 | J9: =SUMIFS(Giriş!$J:$J,Giriş!$H:$H,Bilgiler!J$3,Giriş!$C:$C,Bilgiler!$D9) -> 0 | K9: =SUMIFS(Giriş!$J:$J,Giriş!$H:$H,Bilgiler!K$3,Giriş!$C:$C,Bilgiler!$D9) -> 0 | L9: =G9+H9-I9-K9+J9 -> 0 | N9: =IFERROR(IF(N8+1>MAX(Giriş!L:L),"",N8+1),"") -> 6 | O9: =IF($N9="","",VLOOKUP($N9,Giriş!$L:$O,2,0)) -> Poşet-30 cm Mutlukal Tortillas Değişken | P9: =IF($N9="","",VLOOKUP($N9,Giriş!$L:$O,3,0)) -> 20230038 | Q9: =IF($N9="","",VLOOKUP($N9,Giriş!$L:$O,4,0)) -> 45483 | R9: =IF(O9="","",IF(X9<=0,"",Q9-TODAY())) -> -99 | S9: =SUMIFS(G:G,D:D,O9,F:F,P9) -> 0 | T9: =SUMIFS(Giriş!$J:$J,Giriş!$H:$H,Bilgiler!T$3,Giriş!$C:$C,Bilgiler!$O9,Giriş!$E:$E,Bilgiler!$P9) -> 68160 | U9: =SUMIFS(Giriş!$J:$J,Giriş!$H:$H,Bilgiler!U$3,Giriş!$C:$C,Bilgiler!$O9,Giriş!$E:$E,Bilgiler!$P9) -> 0 | V9: =SUMIFS(Giriş!$J:$J,Giriş!$H:$H,Bilgiler!V$3,Giriş!$C:$C,Bilgiler!$O9,Giriş!$E:$E,Bilgiler!$P9) -> 0 | W9: =SUMIFS(Giriş!$J:$J,Giriş!$H:$H,Bilgiler!W$3,Giriş!$C:$C,Bilgiler!$O9,Giriş!$E:$E,Bilgiler!$P9) -> 0 | X9: =S9+T9+V9-W9-U9 -> 68160 | Y9: =IF(R9<0,IF(X9>0,"Raf Ömrü Geçti",""),IF(R9<=15,IF(X9>0,"Raf Ömrü Bitmek Üzere",""),"")) -> Raf Ömrü Geçti | AA9: Mutlukal Gıda Üretim
D10: Poşet-15 cm Alkafeel 10 Adet | E10: 150.01.255 | F10: Mevcut | H10: =SUMIFS(Giriş!$J:$J,Giriş!$H:$H,Bilgiler!H$3,Giriş!$C:$C,Bilgiler!$D10) -> 112000 | I10: =SUMIFS(Giriş!$J:$J,Giriş!$H:$H,Bilgiler!I$3,Giriş!$C:$C,Bilgiler!$D10) -> 0 | J10: =SUMIFS(Giriş!$J:$J,Giriş!$H:$H,Bilgiler!J$3,Giriş!$C:$C,Bilgiler!$D10) -> 0 | K10: =SUMIFS(Giriş!$J:$J,Giriş!$H:$H,Bilgiler!K$3,Giriş!$C:$C,Bilgiler!$D10) -> 0 | L10: =G10+H10-I10-K10+J10 -> 112000 | N10: =IFERROR(IF(N9+1>MAX(Giriş!L:L),"",N9+1),"") -> 7 | O10: =IF($N10="","",VLOOKUP($N10,Giriş!$L:$O,2,0)) -> Poşet--15 cm Mutlukal Tortillas Mavi Değişken | P10: =IF($N10="","",VLOOKUP($N10,Giriş!$L:$O,3,0)) -> 20230040 | Q10: =IF($N10="","",VLOOKUP($N10,Giriş!$L:$O,4,0)) -> 45492 | R10: =IF(O10="","",IF(X10<=0,"",Q10-TODAY())) -> -90 | S10: =SUMIFS(G:G,D:D,O10,F:F,P10) -> 0 | T10: =SUMIFS(Giriş!$J:$J,Giriş!$H:$H,Bilgiler!T$3,Giriş!$C:$C,Bilgiler!$O10,Giriş!$E:$E,Bilgiler!$P10) -> 182945 | U10: =SUMIFS(Giriş!$J:$J,Giriş!$H:$H,Bilgiler!U$3,Giriş!$C:$C,Bilgiler!$O10,Giriş!$E:$E,Bilgiler!$P10) -> 0 | V10: =SUMIFS(Giriş!$J:$J,Giriş!$H:$H,Bilgiler!V$3,Giriş!$C:$C,Bilgiler!$O10,Giriş!$E:$E,Bilgiler!$P10) -> 0 | W10: =SUMIFS(Giriş!$J:$J,Giriş!$H:$H,Bilgiler!W$3,Giriş!$C:$C,Bilgiler!$O10,Giriş!$E:$E,Bilgiler!$P10) -> 0 | X10: =S10+T10+V10-W10-U10 -> 182945 | Y10: =IF(R10<0,IF(X10>0,"Raf Ömrü Geçti",""),IF(R10<=15,IF(X10>0,"Raf Ömrü Bitmek Üzere",""),"")) -> Raf Ömrü Geçti | AA10: Gaziantepli Habeş Seyidoğlu Baklavaları ve Uluslararası Nakliyat Sanayi Ticaret Ltd.Şti.
D11: Poşet-15 cm B.sız Kilitli | E11: 150.01.032 | F11: Mevcut | H11: =SUMIFS(Giriş!$J:$J,Giriş!$H:$H,Bilgiler!H$3,Giriş!$C:$C,Bilgiler!$D11) -> 0 | I11: =SUMIFS(Giriş!$J:$J,Giriş!$H:$H,Bilgiler!I$3,Giriş!$C:$C,Bilgiler!$D11) -> 0 | J11: =SUMIFS(Giriş!$J:$J,Giriş!$H:$H,Bilgiler!J$3,Giriş!$C:$C,Bilgiler!$D11) -> 0 | K11: =SUMIFS(Giriş!$J:$J,Giriş!$H:$H,Bilgiler!K$3,Giriş!$C:$C,Bilgiler!$D11) -> 0 | L11: =G11+H11-I11-K11+J11 -> 0 | N11: =IFERROR(IF(N10+1>MAX(Giriş!L:L),"",N10+1),"") -> 8 | O11: =IF($N11="","",VLOOKUP($N11,Giriş!$L:$O,2,0)) -> Poşet-25 cm Mutlukal Tortillas Kırmızı Değişken ( Beyaz Rusya ) | P11: =IF($N11="","",VLOOKUP($N11,Giriş!$L:$O,3,0)) -> 20230048 | Q11: =IF($N11="","",VLOOKUP($N11,Giriş!$L:$O,4,0)) -> 45483 | R11: =IF(O11="","",IF(X11<=0,"",Q11-TODAY())) -> -99 | S11: =SUMIFS(G:G,D:D,O11,F:F,P11) -> 0 | T11: =SUMIFS(Giriş!$J:$J,Giriş!$H:$H,Bilgiler!T$3,Giriş!$C:$C,Bilgiler!$O11,Giriş!$E:$E,Bilgiler!$P11) -> 89050 | U11: =SUMIFS(Giriş!$J:$J,Giriş!$H:$H,Bilgiler!U$3,Giriş!$C:$C,Bilgiler!$O11,Giriş!$E:$E,Bilgiler!$P11) -> 0 | V11: =SUMIFS(Giriş!$J:$J,Giriş!$H:$H,Bilgiler!V$3,Giriş!$C:$C,Bilgiler!$O11,Giriş!$E:$E,Bilgiler!$P11) -> 0 | W11: =SUMIFS(Giriş!$J:$J,Giriş!$H:$H,Bilgiler!W$3,Giriş!$C:$C,Bilgiler!$O11,Giriş!$E:$E,Bilgiler!$P11) -> 0 | X11: =S11+T11+V11-W11-U11 -> 89050 | Y11: =IF(R11<0,IF(X11>0,"Raf Ömrü Geçti",""),IF(R11<=15,IF(X11>0,"Raf Ömrü Bitmek Üzere",""),"")) -> Raf Ömrü Geçti | AA11: Uneli Gıda İnşaat Loj.Turizm San.ve Tic.Ltd.Şti.
D12: Poşet-15 cm Batel 250 Gr | E12: 150.01.250 | F12: Mevcut | H12: =SUMIFS(Giriş!$J:$J,Giriş!$H:$H,Bilgiler!H$3,Giriş!$C:$C,Bilgiler!$D12) -> 0 | I12: =SUMIFS(Giriş!$J:$J,Giriş!$H:$H,Bilgiler!I$3,Giriş!$C:$C,Bilgiler!$D12) -> 0 | J12: =SUMIFS(Giriş!$J:$J,Giriş!$H:$H,Bilgiler!J$3,Giriş!$C:$C,Bilgiler!$D12) -> 0 | K12: =SUMIFS(Giriş!$J:$J,Giriş!$H:$H,Bilgiler!K$3,Giriş!$C:$C,Bilgiler!$D12) -> 0 | L12: =G12+H12-I12-K12+J12 -> 0 | N12: =IFERROR(IF(N11+1>MAX(Giriş!L:L),"",N11+1),"") -> 9 | O12: =IF($N12="","",VLOOKUP($N12,Giriş!$L:$O,2,0)) -> Poşet-25 cm Mutlukal Tortillas Tam Buğday | P12: =IF($N12="","",VLOOKUP($N12,Giriş!$L:$O,3,0)) -> 20230042 | Q12: =IF($N12="","",VLOOKUP($N12,Giriş!$L:$O,4,0)) -> 45483 | R12: =IF(O12="","",IF(X12<=0,"",Q12-TODAY())) -> -99 | S12: =SUMIFS(G:G,D:D,O12,F:F,P12) -> 0 | T12: =SUMIFS(Giriş!$J:$J,Giriş!$H:$H,Bilgiler!T$3,Giriş!$C:$C,Bilgiler!$O12,Giriş!$E:$E,Bilgiler!$P12) -> 86730 | U12: =SUMIFS(Giriş!$J:$J,Giriş!$H:$H,Bilgiler!U$3,Giriş!$C:$C,Bilgiler!$O12,Giriş!$E:$E,Bilgiler!$P12) -> 0 | V12: =SUMIFS(Giriş!$J:$J,Giriş!$H:$H,Bilgiler!V$3,Giriş!$C:$C,Bilgiler!$O12,Giriş!$E:$E,Bilgiler!$P12) -> 0 | W12: =SUMIFS(Giriş!$J:$J,Giriş!$H:$H,Bilgiler!W$3,Giriş!$C:$C,Bilgiler!$O12,Giriş!$E:$E,Bilgiler!$P12) -> 0 | X12: =S12+T12+V12-W12-U12 -> 86730 | Y12: =IF(R12<0,IF(X12>0,"Raf Ömrü Geçti",""),IF(R12<=15,IF(X12>0,"Raf Ömrü Bitmek Üzere",""),"")) -> Raf Ömrü Geçti | AA12: ARTSAN
D13: Poşet-15 cm Bonita 250 gr | E13: 150.01.235 | F13: Mevcut | H13: =SUMIFS(Giriş!$J:$J,Giriş!$H:$H,Bilgiler!H$3,Giriş!$C:$C,Bilgiler!$D13) -> 0 | I13: =SUMIFS(Giriş!$J:$J,Giriş!$H:$H,Bilgiler!I$3,Giriş!$C:$C,Bilgiler!$D13) -> 0 | J13: =SUMIFS(Giriş!$J:$J,Giriş!$H:$H,Bilgiler!J$3,Giriş!$C:$C,Bilgiler!$D13) -> 0 | K13: =SUMIFS(Giriş!$J:$J,Giriş!$H:$H,Bilgiler!K$3,Giriş!$C:$C,Bilgiler!$D13) -> 0 | L13: =G13+H13-I13-K13+J13 -> 0 | N13: =IFERROR(IF(N12+1>MAX(Giriş!L:L),"",N12+1),"") -> 10 | O13: =IF($N13="","",VLOOKUP($N13,Giriş!$L:$O,2,0)) -> Poşet-25 cm B.sız Kilitli | P13: =IF($N13="","",VLOOKUP($N13,Giriş!$L:$O,3,0)) -> 20230050 | Q13: =IF($N13="","",VLOOKUP($N13,Giriş!$L:$O,4,0)) -> 45483 | R13: =IF(O13="","",IF(X13<=0,"",Q13-TODAY())) -> -99 | S13: =SUMIFS(G:G,D:D,O13,F:F,P13) -> 0 | T13: =SUMIFS(Giriş!$J:$J,Giriş!$H:$H,Bilgiler!T$3,Giriş!$C:$C,Bilgiler!$O13,Giriş!$E:$E,Bilgiler!$P13) -> 88400 | U13: =SUMIFS(Giriş!$J:$J,Giriş!$H:$H,Bilgiler!U$3,Giriş!$C:$C,Bilgiler!$O13,Giriş!$E:$E,Bilgiler!$P13) -> 0 | V13: =SUMIFS(Giriş!$J:$J,Giriş!$H:$H,Bilgiler!V$3,Giriş!$C:$C,Bilgiler!$O13,Giriş!$E:$E,Bilgiler!$P13) -> 0 | W13: =SUMIFS(Giriş!$J:$J,Giriş!$H:$H,Bilgiler!W$3,Giriş!$C:$C,Bilgiler!$O13,Giriş!$E:$E,Bilgiler!$P13) -> 0 | X13: =S13+T13+V13-W13-U13 -> 88400 | Y13: =IF(R13<0,IF(X13>0,"Raf Ömrü Geçti",""),IF(R13<=15,IF(X13>0,"Raf Ömrü Bitmek Üzere",""),"")) -> Raf Ömrü Geçti
D14: Poşet-15 cm Delight | E14: 150.01.219 | F14: Mevcut | H14: =SUMIFS(Giriş!$J:$J,Giriş!$H:$H,Bilgiler!H$3,Giriş!$C:$C,Bilgiler!$D14) -> 0 | I14: =SUMIFS(Giriş!$J:$J,Giriş!$H:$H,Bilgiler!I$3,Giriş!$C:$C,Bilgiler!$D14) -> 0 | J14: =SUMIFS(Giriş!$J:$J,Giriş!$H:$H,Bilgiler!J$3,Giriş!$C:$C,Bilgiler!$D14) -> 0 | K14: =SUMIFS(Giriş!$J:$J,Giriş!$H:$H,Bilgiler!K$3,Giriş!$C:$C,Bilgiler!$D14) -> 0 | L14: =G14+H14-I14-K14+J14 -> 0 | N14: =IFERROR(IF(N13+1>MAX(Giriş!L:L),"",N13+1),"") -> 11 | O14: =IF($N14="","",VLOOKUP($N14,Giriş!$L:$O,2,0)) -> Poşet-25 cm Tortillove Değişken | P14: =IF($N14="","",VLOOKUP($N14,Giriş!$L:$O,3,0)) -> MAT008095 | Q14: =IF($N14="","",VLOOKUP($N14,Giriş!$L:$O,4,0)) -> 45491 | R14: =IF(O14="","",IF(X14<=0,"",Q14-TODAY())) -> -91 | S14: =SUMIFS(G:G,D:D,O14,F:F,P14) -> 0 | T14: =SUMIFS(Giriş!$J:$J,Giriş!$H:$H,Bilgiler!T$3,Giriş!$C:$C,Bilgiler!$O14,Giriş!$E:$E,Bilgiler!$P14) -> 79800 | U14: =SUMIFS(Giriş!$J:$J,Giriş!$H:$H,Bilgiler!U$3,Giriş!$C:$C,Bilgiler!$O14,Giriş!$E:$E,Bilgiler!$P14) -> 0 | V14: =SUMIFS(Giriş!$J:$J,Giriş!$H:$H,Bilgiler!V$3,Giriş!$C:$C,Bilgiler!$O14,Giriş!$E:$E,Bilgiler!$P14) -> 0 | W14: =SUMIFS(Giriş!$J:$J,Giriş!$H:$H,Bilgiler!W$3,Giriş!$C:$C,Bilgiler!$O14,Giriş!$E:$E,Bilgiler!$P14) -> 0 | X14: =S14+T14+V14-W14-U14 -> 79800 | Y14: =IF(R14<0,IF(X14>0,"Raf Ömrü Geçti",""),IF(R14<=15,IF(X14>0,"Raf Ömrü Bitmek Üzere",""),"")) -> Raf Ömrü Geçti
D15: Poşet-15 cm Happylla Değişken | E15: 150.01.033 | F15: Mevcut | H15: =SUMIFS(Giriş!$J:$J,Giriş!$H:$H,Bilgiler!H$3,Giriş!$C:$C,Bilgiler!$D15) -> 0 | I15: =SUMIFS(Giriş!$J:$J,Giriş!$H:$H,Bilgiler!I$3,Giriş!$C:$C,Bilgiler!$D15) -> 0 | J15: =SUMIFS(Giriş!$J:$J,Giriş!$H:$H,Bilgiler!J$3,Giriş!$C:$C,Bilgiler!$D15) -> 0 | K15: =SUMIFS(Giriş!$J:$J,Giriş!$H:$H,Bilgiler!K$3,Giriş!$C:$C,Bilgiler!$D15) -> 0 | L15: =G15+H15-I15-K15+J15 -> 0 | N15: =IFERROR(IF(N14+1>MAX(Giriş!L:L),"",N14+1),"") -> 12 | O15: =IF($N15="","",VLOOKUP($N15,Giriş!$L:$O,2,0)) -> Poşet-25 cm Wıllı Food 840 gr | P15: =IF($N15="","",VLOOKUP($N15,Giriş!$L:$O,3,0)) -> MAT008124 | Q15: =IF($N15="","",VLOOKUP($N15,Giriş!$L:$O,4,0)) -> 45498 | R15: =IF(O15="","",IF(X15<=0,"",Q15-TODAY())) -> -84 | S15: =SUMIFS(G:G,D:D,O15,F:F,P15) -> 0 | T15: =SUMIFS(Giriş!$J:$J,Giriş!$H:$H,Bilgiler!T$3,Giriş!$C:$C,Bilgiler!$O15,Giriş!$E:$E,Bilgiler!$P15) -> 77300 | U15: =SUMIFS(Giriş!$J:$J,Giriş!$H:$H,Bilgiler!U$3,Giriş!$C:$C,Bilgiler!$O15,Giriş!$E:$E,Bilgiler!$P15) -> 0 | V15: =SUMIFS(Giriş!$J:$J,Giriş!$H:$H,Bilgiler!V$3,Giriş!$C:$C,Bilgiler!$O15,Giriş!$E:$E,Bilgiler!$P15) -> 0 | W15: =SUMIFS(Giriş!$J:$J,Giriş!$H:$H,Bilgiler!W$3,Giriş!$C:$C,Bilgiler!$O15,Giriş!$E:$E,Bilgiler!$P15) -> 0 | X15: =S15+T15+V15-W15-U15 -> 77300 | Y15: =IF(R15<0,IF(X15>0,"Raf Ömrü Geçti",""),IF(R15<=15,IF(X15>0,"Raf Ömrü Bitmek Üzere",""),"")) -> Raf Ömrü Geçti
D16: Poşet-15 cm Jana | E16: LV.AMB.0005 | F16: Mevcut | H16: =SUMIFS(Giriş!$J:$J,Giriş!$H:$H,Bilgiler!H$3,Giriş!$C:$C,Bilgiler!$D16) -> 0 | I16: =SUMIFS(Giriş!$J:$J,Giriş!$H:$H,Bilgiler!I$3,Giriş!$C:$C,Bilgiler!$D16) -> 0 | J16: =SUMIFS(Giriş!$J:$J,Giriş!$H:$H,Bilgiler!J$3,Giriş!$C:$C,Bilgiler!$D16) -> 0 | K16: =SUMIFS(Giriş!$J:$J,Giriş!$H:$H,Bilgiler!K$3,Giriş!$C:$C,Bilgiler!$D16) -> 0 | L16: =G16+H16-I16-K16+J16 -> 0 | N16: =IFERROR(IF(N15+1>MAX(Giriş!L:L),"",N15+1),"") -> 13 | O16: =IF($N16="","",VLOOKUP($N16,Giriş!$L:$O,2,0)) -> Poşet-20 cm Wıllı Food 540 gr | P16: =IF($N16="","",VLOOKUP($N16,Giriş!$L:$O,3,0)) -> MAT008123 | Q16: =IF($N16="","",VLOOKUP($N16,Giriş!$L:$O,4,0)) -> 45500 | R16: =IF(O16="","",IF(X16<=0,"",Q16-TODAY())) -> -82 | S16: =SUMIFS(G:G,D:D,O16,F:F,P16) -> 0 | T16: =SUMIFS(Giriş!$J:$J,Giriş!$H:$H,Bilgiler!T$3,Giriş!$C:$C,Bilgiler!$O16,Giriş!$E:$E,Bilgiler!$P16) -> 104400 | U16: =SUMIFS(Giriş!$J:$J,Giriş!$H:$H,Bilgiler!U$3,Giriş!$C:$C,Bilgiler!$O16,Giriş!$E:$E,Bilgiler!$P16) -> 0 | V16: =SUMIFS(Giriş!$J:$J,Giriş!$H:$H,Bilgiler!V$3,Giriş!$C:$C,Bilgiler!$O16,Giriş!$E:$E,Bilgiler!$P16) -> 0 | W16: =SUMIFS(Giriş!$J:$J,Giriş!$H:$H,Bilgiler!W$3,Giriş!$C:$C,Bilgiler!$O16,Giriş!$E:$E,Bilgiler!$P16) -> 0 | X16: =S16+T16+V16-W16-U16 -> 104400 | Y16: =IF(R16<0,IF(X16>0,"Raf Ömrü Geçti",""),IF(R16<=15,IF(X16>0,"Raf Ömrü Bitmek Üzere",""),"")) -> Raf Ömrü Geçti
D17: Poşet-15 cm Komagene Tako Lavaşı | E17: 150.01.291 | F17: Mevcut | H17: =SUMIFS(Giriş!$J:$J,Giriş!$H:$H,Bilgiler!H$3,Giriş!$C:$C,Bilgiler!$D17) -> 264150 | I17: =SUMIFS(Giriş!$J:$J,Giriş!$H:$H,Bilgiler!I$3,Giriş!$C:$C,Bilgiler!$D17) -> 0 | J17: =SUMIFS(Giriş!$J:$J,Giriş!$H:$H,Bilgiler!J$3,Giriş!$C:$C,Bilgiler!$D17) -> 0 | K17: =SUMIFS(Giriş!$J:$J,Giriş!$H:$H,Bilgiler!K$3,Giriş!$C:$C,Bilgiler!$D17) -> 0 | L17: =G17+H17-I17-K17+J17 -> 264150 | N17: =IFERROR(IF(N16+1>MAX(Giriş!L:L),"",N16+1),"") -> 14 | O17: =IF($N17="","",VLOOKUP($N17,Giriş!$L:$O,2,0)) -> Poşet-25 cm Nimet (Lam.Baskılı Zıp.Vakum ) | P17: =IF($N17="","",VLOOKUP($N17,Giriş!$L:$O,3,0)) -> 20230043 | Q17: =IF($N17="","",VLOOKUP($N17,Giriş!$L:$O,4,0)) -> 45641 | R17: =IF(O17="","",IF(X17<=0,"",Q17-TODAY())) -> 59 | S17: =SUMIFS(G:G,D:D,O17,F:F,P17) -> 0 | T17: =SUMIFS(Giriş!$J:$J,Giriş!$H:$H,Bilgiler!T$3,Giriş!$C:$C,Bilgiler!$O17,Giriş!$E:$E,Bilgiler!$P17) -> 249900 | U17: =SUMIFS(Giriş!$J:$J,Giriş!$H:$H,Bilgiler!U$3,Giriş!$C:$C,Bilgiler!$O17,Giriş!$E:$E,Bilgiler!$P17) -> 0 | V17: =SUMIFS(Giriş!$J:$J,Giriş!$H:$H,Bilgiler!V$3,Giriş!$C:$C,Bilgiler!$O17,Giriş!$E:$E,Bilgiler!$P17) -> 0 | W17: =SUMIFS(Giriş!$J:$J,Giriş!$H:$H,Bilgiler!W$3,Giriş!$C:$C,Bilgiler!$O17,Giriş!$E:$E,Bilgiler!$P17) -> 0 | X17: =S17+T17+V17-W17-U17 -> 249900 | Y17: =IF(R17<0,IF(X17>0,"Raf Ömrü Geçti",""),IF(R17<=15,IF(X17>0,"Raf Ömrü Bitmek Üzere",""),""))
D18: Poşet-15 cm Mutlukal Taco | E18: 150.01.301 | F18: Mevcut | H18: =SUMIFS(Giriş!$J:$J,Giriş!$H:$H,Bilgiler!H$3,Giriş!$C:$C,Bilgiler!$D18) -> 787266 | I18: =SUMIFS(Giriş!$J:$J,Giriş!$H:$H,Bilgiler!I$3,Giriş!$C:$C,Bilgiler!$D18) -> 0 | J18: =SUMIFS(Giriş!$J:$J,Giriş!$H:$H,Bilgiler!J$3,Giriş!$C:$C,Bilgiler!$D18) -> 0 | K18: =SUMIFS(Giriş!$J:$J,Giriş!$H:$H,Bilgiler!K$3,Giriş!$C:$C,Bilgiler!$D18) -> 0 | L18: =G18+H18-I18-K18+J18 -> 787266 | N18: =IFERROR(IF(N17+1>MAX(Giriş!L:L),"",N17+1),"") -> 15 | O18: =IF($N18="","",VLOOKUP($N18,Giriş!$L:$O,2,0)) -> Poşet--20 cm Mutlukal Tortillas Mavi Değişken | P18: =IF($N18="","",VLOOKUP($N18,Giriş!$L:$O,3,0)) -> 20230046 | Q18: =IF($N18="","",VLOOKUP($N18,Giriş!$L:$O,4,0)) -> 45646 | R18: =IF(O18="","",IF(X18<=0,"",Q18-TODAY())) -> 64 | S18: =SUMIFS(G:G,D:D,O18,F:F,P18) -> 0 | T18: =SUMIFS(Giriş!$J:$J,Giriş!$H:$H,Bilgiler!T$3,Giriş!$C:$C,Bilgiler!$O18,Giriş!$E:$E,Bilgiler!$P18) -> 158720 | U18: =SUMIFS(Giriş!$J:$J,Giriş!$H:$H,Bilgiler!U$3,Giriş!$C:$C,Bilgiler!$O18,Giriş!$E:$E,Bilgiler!$P18) -> 0 | V18: =SUMIFS(Giriş!$J:$J,Giriş!$H:$H,Bilgiler!V$3,Giriş!$C:$C,Bilgiler!$O18,Giriş!$E:$E,Bilgiler!$P18) -> 0 | W18: =SUMIFS(Giriş!$J:$J,Giriş!$H:$H,Bilgiler!W$3,Giriş!$C:$C,Bilgiler!$O18,Giriş!$E:$E,Bilgiler!$P18) -> 0 | X18: =S18+T18+V18-W18-U18 -> 158720 | Y18: =IF(R18<0,IF(X18>0,"Raf Ömrü Geçti",""),IF(R18<=15,IF(X18>0,"Raf Ömrü Bitmek Üzere",""),""))
D19: Poşet--15 cm Mutlukal Tortillas Mavi Değişken | E19: 150.01.305 | F19: Mevcut | H19: =SUMIFS(Giriş!$J:$J,Giriş!$H:$H,Bilgiler!H$3,Giriş!$C:$C,Bilgiler!$D19) -> 617832 | I19: =SUMIFS(Giriş!$J:$J,Giriş!$H:$H,Bilgiler!I$3,Giriş!$C:$C,Bilgiler!$D19) -> 0 | J19: =SUMIFS(Giriş!$J:$J,Giriş!$H:$H,Bilgiler!J$3,Giriş!$C:$C,Bilgiler!$D19) -> 0 | K19: =SUMIFS(Giriş!$J:$J,Giriş!$H:$H,Bilgiler!K$3,Giriş!$C:$C,Bilgiler!$D19) -> 0 | L19: =G19+H19-I19-K19+J19 -> 617832 | N19: =IFERROR(IF(N18+1>MAX(Giriş!L:L),"",N18+1),"") -> 16 | O19: =IF($N19="","",VLOOKUP($N19,Giriş!$L:$O,2,0)) -> Poşet-30 cm B.sız Kilitli | P19: =IF($N19="","",VLOOKUP($N19,Giriş!$L:$O,3,0)) -> 20230049 | Q19: =IF($N19="","",VLOOKUP($N19,Giriş!$L:$O,4,0)) -> 45641 | R19: =IF(O19="","",IF(X19<=0,"",Q19-TODAY())) -> 59 | S19: =SUMIFS(G:G,D:D,O19,F:F,P19) -> 0 | T19: =SUMIFS(Giriş!$J:$J,Giriş!$H:$H,Bilgiler!T$3,Giriş!$C:$C,Bilgiler!$O19,Giriş!$E:$E,Bilgiler!$P19) -> 66530 | U19: =SUMIFS(Giriş!$J:$J,Giriş!$H:$H,Bilgiler!U$3,Giriş!$C:$C,Bilgiler!$O19,Giriş!$E:$E,Bilgiler!$P19) -> 0 | V19: =SUMIFS(Giriş!$J:$J,Giriş!$H:$H,Bilgiler!V$3,Giriş!$C:$C,Bilgiler!$O19,Giriş!$E:$E,Bilgiler!$P19) -> 0 | W19: =SUMIFS(Giriş!$J:$J,Giriş!$H:$H,Bilgiler!W$3,Giriş!$C:$C,Bilgiler!$O19,Giriş!$E:$E,Bilgiler!$P19) -> 0 | X19: =S19+T19+V19-W19-U19 -> 66530 | Y19: =IF(R19<0,IF(X19>0,"Raf Ömrü Geçti",""),IF(R19<=15,IF(X19>0,"Raf Ömrü Bitmek Üzere",""),""))
D20: Poşet-15 cm Soor 300 gr | E20: 150.01.125 | F20: Mevcut | H20: =SUMIFS(Giriş!$J:$J,Giriş!$H:$H,Bilgiler!H$3,Giriş!$C:$C,Bilgiler!$D20) -> 0 | I20: =SUMIFS(Giriş!$J:$J,Giriş!$H:$H,Bilgiler!I$3,Giriş!$C:$C,Bilgiler!$D20) -> 0 | J20: =SUMIFS(Giriş!$J:$J,Giriş!$H:$H,Bilgiler!J$3,Giriş!$C:$C,Bilgiler!$D20) -> 0 | K20: =SUMIFS(Giriş!$J:$J,Giriş!$H:$H,Bilgiler!K$3,Giriş!$C:$C,Bilgiler!$D20) -> 0 | L20: =G20+H20-I20-K20+J20 -> 0 | N20: =IFERROR(IF(N19+1>MAX(Giriş!L:L),"",N19+1),"") -> 17 | O20: =IF($N20="","",VLOOKUP($N20,Giriş!$L:$O,2,0)) -> Poşet-25 cm Gazelle Gurme | P20: =IF($N20="","",VLOOKUP($N20,Giriş!$L:$O,3,0)) -> MAT008153 | Q20: =IF($N20="","",VLOOKUP($N20,Giriş!$L:$O,4,0)) -> 45632 | R20: =IF(O20="","",IF(X20<=0,"",Q20-TODAY())) -> 50 | S20: =SUMIFS(G:G,D:D,O20,F:F,P20) -> 0 | T20: =SUMIFS(Giriş!$J:$J,Giriş!$H:$H,Bilgiler!T$3,Giriş!$C:$C,Bilgiler!$O20,Giriş!$E:$E,Bilgiler!$P20) -> 82600 | U20: =SUMIFS(Giriş!$J:$J,Giriş!$H:$H,Bilgiler!U$3,Giriş!$C:$C,Bilgiler!$O20,Giriş!$E:$E,Bilgiler!$P20) -> 0 | V20: =SUMIFS(Giriş!$J:$J,Giriş!$H:$H,Bilgiler!V$3,Giriş!$C:$C,Bilgiler!$O20,Giriş!$E:$E,Bilgiler!$P20) -> 0 | W20: =SUMIFS(Giriş!$J:$J,Giriş!$H:$H,Bilgiler!W$3,Giriş!$C:$C,Bilgiler!$O20,Giriş!$E:$E,Bilgiler!$P20) -> 0 | X20: =S20+T20+V20-W20-U20 -> 82600 | Y20: =IF(R20<0,IF(X20>0,"Raf Ömrü Geçti",""),IF(R20<=15,IF(X20>0,"Raf Ömrü Bitmek Üzere",""),""))
D21: Poşet-15 cm Tortillove Değişken | E21: 150.01.164 | F21: Mevcut | H21: =SUMIFS(Giriş!$J:$J,Giriş!$H:$H,Bilgiler!H$3,Giriş!$C:$C,Bilgiler!$D21) -> 152000 | I21: =SUMIFS(Giriş!$J:$J,Giriş!$H:$H,Bilgiler!I$3,Giriş!$C:$C,Bilgiler!$D21) -> 0 | J21: =SUMIFS(Giriş!$J:$J,Giriş!$H:$H,Bilgiler!J$3,Giriş!$C:$C,Bilgiler!$D21) -> 0 | K21: =SUMIFS(Giriş!$J:$J,Giriş!$H:$H,Bilgiler!K$3,Giriş!$C:$C,Bilgiler!$D21) -> 0 | L21: =G21+H21-I21-K21+J21 -> 152000 | N21: =IFERROR(IF(N20+1>MAX(Giriş!L:L),"",N20+1),"") -> 18 | O21: =IF($N21="","",VLOOKUP($N21,Giriş!$L:$O,2,0)) -> Poşet-26 cm Unebella | P21: =IF($N21="","",VLOOKUP($N21,Giriş!$L:$O,3,0)) -> MAT000712 | Q21: =IF($N21="","",VLOOKUP($N21,Giriş!$L:$O,4,0)) -> 45443 | R21: =IF(O21="","",IF(X21<=0,"",Q21-TODAY())) -> -139 | S21: =SUMIFS(G:G,D:D,O21,F:F,P21) -> 0 | T21: =SUMIFS(Giriş!$J:$J,Giriş!$H:$H,Bilgiler!T$3,Giriş!$C:$C,Bilgiler!$O21,Giriş!$E:$E,Bilgiler!$P21) -> 39200 | U21: =SUMIFS(Giriş!$J:$J,Giriş!$H:$H,Bilgiler!U$3,Giriş!$C:$C,Bilgiler!$O21,Giriş!$E:$E,Bilgiler!$P21) -> 0 | V21: =SUMIFS(Giriş!$J:$J,Giriş!$H:$H,Bilgiler!V$3,Giriş!$C:$C,Bilgiler!$O21,Giriş!$E:$E,Bilgiler!$P21) -> 0 | W21: =SUMIFS(Giriş!$J:$J,Giriş!$H:$H,Bilgiler!W$3,Giriş!$C:$C,Bilgiler!$O21,Giriş!$E:$E,Bilgiler!$P21) -> 0 | X21: =S21+T21+V21-W21-U21 -> 39200 | Y21: =IF(R21<0,IF(X21>0,"Raf Ömrü Geçti",""),IF(R21<=15,IF(X21>0,"Raf Ömrü Bitmek Üzere",""),"")) -> Raf Ömrü Geçti
D22: Poşet-15 cm Unabella Sade 330 gr | E22: 150.01.034 | F22: Mevcut | H22: =SUMIFS(Giriş!$J:$J,Giriş!$H:$H,Bilgiler!H$3,Giriş!$C:$C,Bilgiler!$D22) -> 0 | I22: =SUMIFS(Giriş!$J:$J,Giriş!$H:$H,Bilgiler!I$3,Giriş!$C:$C,Bilgiler!$D22) -> 0 | J22: =SUMIFS(Giriş!$J:$J,Giriş!$H:$H,Bilgiler!J$3,Giriş!$C:$C,Bilgiler!$D22) -> 0 | K22: =SUMIFS(Giriş!$J:$J,Giriş!$H:$H,Bilgiler!K$3,Giriş!$C:$C,Bilgiler!$D22) -> 0 | L22: =G22+H22-I22-K22+J22 -> 0 | N22: =IFERROR(IF(N21+1>MAX(Giriş!L:L),"",N21+1),"") -> 19 | O22: =IF($N22="","",VLOOKUP($N22,Giriş!$L:$O,2,0)) -> Poşet-30 cm Tortillove Değişken | P22: =IF($N22="","",VLOOKUP($N22,Giriş!$L:$O,3,0)) -> MAT008141 | Q22: =IF($N22="","",VLOOKUP($N22,Giriş!$L:$O,4,0)) -> 45647 | R22: =IF(O22="","",IF(X22<=0,"",Q22-TODAY())) -> 65 | S22: =SUMIFS(G:G,D:D,O22,F:F,P22) -> 0 | T22: =SUMIFS(Giriş!$J:$J,Giriş!$H:$H,Bilgiler!T$3,Giriş!$C:$C,Bilgiler!$O22,Giriş!$E:$E,Bilgiler!$P22) -> 56400 | U22: =SUMIFS(Giriş!$J:$J,Giriş!$H:$H,Bilgiler!U$3,Giriş!$C:$C,Bilgiler!$O22,Giriş!$E:$E,Bilgiler!$P22) -> 0 | V22: =SUMIFS(Giriş!$J:$J,Giriş!$H:$H,Bilgiler!V$3,Giriş!$C:$C,Bilgiler!$O22,Giriş!$E:$E,Bilgiler!$P22) -> 0 | W22: =SUMIFS(Giriş!$J:$J,Giriş!$H:$H,Bilgiler!W$3,Giriş!$C:$C,Bilgiler!$O22,Giriş!$E:$E,Bilgiler!$P22) -> 0 | X22: =S22+T22+V22-W22-U22 -> 56400 | Y22: =IF(R22<0,IF(X22>0,"Raf Ömrü Geçti",""),IF(R22<=15,IF(X22>0,"Raf Ömrü Bitmek Üzere",""),""))
D23: Poşet-15 cm Unistanbul 330 Gr | E23: 150.01.192 | F23: Mevcut | H23: =SUMIFS(Giriş!$J:$J,Giriş!$H:$H,Bilgiler!H$3,Giriş!$C:$C,Bilgiler!$D23) -> 0 | I23: =SUMIFS(Giriş!$J:$J,Giriş!$H:$H,Bilgiler!I$3,Giriş!$C:$C,Bilgiler!$D23) -> 0 | J23: =SUMIFS(Giriş!$J:$J,Giriş!$H:$H,Bilgiler!J$3,Giriş!$C:$C,Bilgiler!$D23) -> 0 | K23: =SUMIFS(Giriş!$J:$J,Giriş!$H:$H,Bilgiler!K$3,Giriş!$C:$C,Bilgiler!$D23) -> 0 | L23: =G23+H23-I23-K23+J23 -> 0 | N23: =IFERROR(IF(N22+1>MAX(Giriş!L:L),"",N22+1),"") -> 20 | O23: =IF($N23="","",VLOOKUP($N23,Giriş!$L:$O,2,0)) -> Poşet-15 cm Komagene Tako Lavaşı | P23: =IF($N23="","",VLOOKUP($N23,Giriş!$L:$O,3,0)) -> MAT008140 | Q23: =IF($N23="","",VLOOKUP($N23,Giriş!$L:$O,4,0)) -> 45645 | R23: =IF(O23="","",IF(X23<=0,"",Q23-TODAY())) -> 63 | S23: =SUMIFS(G:G,D:D,O23,F:F,P23) -> 0 | T23: =SUMIFS(Giriş!$J:$J,Giriş!$H:$H,Bilgiler!T$3,Giriş!$C:$C,Bilgiler!$O23,Giriş!$E:$E,Bilgiler!$P23) -> 148000 | U23: =SUMIFS(Giriş!$J:$J,Giriş!$H:$H,Bilgiler!U$3,Giriş!$C:$C,Bilgiler!$O23,Giriş!$E:$E,Bilgiler!$P23) -> 0 | V23: =SUMIFS(Giriş!$J:$J,Giriş!$H:$H,Bilgiler!V$3,Giriş!$C:$C,Bilgiler!$O23,Giriş!$E:$E,Bilgiler!$P23) -> 0 | W23: =SUMIFS(Giriş!$J:$J,Giriş!$H:$H,Bilgiler!W$3,Giriş!$C:$C,Bilgiler!$O23,Giriş!$E:$E,Bilgiler!$P23) -> 0 | X23: =S23+T23+V23-W23-U23 -> 148000 | Y23: =IF(R23<0,IF(X23>0,"Raf Ömrü Geçti",""),IF(R23<=15,IF(X23>0,"Raf Ömrü Bitmek Üzere",""),""))
D24: Poşet-19 cm Bonita Pizza ( 340 gr ) | E24: 150.01.267 | F24: Mevcut | H24: =SUMIFS(Giriş!$J:$J,Giriş!$H:$H,Bilgiler!H$3,Giriş!$C:$C,Bilgiler!$D24) -> 0 | I24: =SUMIFS(Giriş!$J:$J,Giriş!$H:$H,Bilgiler!I$3,Giriş!$C:$C,Bilgiler!$D24) -> 0 | J24: =SUMIFS(Giriş!$J:$J,Giriş!$H:$H,Bilgiler!J$3,Giriş!$C:$C,Bilgiler!$D24) -> 0 | K24: =SUMIFS(Giriş!$J:$J,Giriş!$H:$H,Bilgiler!K$3,Giriş!$C:$C,Bilgiler!$D24) -> 0 | L24: =G24+H24-I24-K24+J24 -> 0 | N24: =IFERROR(IF(N23+1>MAX(Giriş!L:L),"",N23+1),"") -> 21 | O24: =IF($N24="","",VLOOKUP($N24,Giriş!$L:$O,2,0)) -> Poşet-25 cm Nimet (Lam.Baskılı Zıp.Vakum ) | P24: =IF($N24="","",VLOOKUP($N24,Giriş!$L:$O,3,0)) -> 20230057 | Q24: =IF($N24="","",VLOOKUP($N24,Giriş!$L:$O,4,0)) -> 45632 | R24: =IF(O24="","",IF(X24<=0,"",Q24-TODAY())) -> 50 | S24: =SUMIFS(G:G,D:D,O24,F:F,P24) -> 0 | T24: =SUMIFS(Giriş!$J:$J,Giriş!$H:$H,Bilgiler!T$3,Giriş!$C:$C,Bilgiler!$O24,Giriş!$E:$E,Bilgiler!$P24) -> 191510 | U24: =SUMIFS(Giriş!$J:$J,Giriş!$H:$H,Bilgiler!U$3,Giriş!$C:$C,Bilgiler!$O24,Giriş!$E:$E,Bilgiler!$P24) -> 0 | V24: =SUMIFS(Giriş!$J:$J,Giriş!$H:$H,Bilgiler!V$3,Giriş!$C:$C,Bilgiler!$O24,Giriş!$E:$E,Bilgiler!$P24) -> 0 | W24: =SUMIFS(Giriş!$J:$J,Giriş!$H:$H,Bilgiler!W$3,Giriş!$C:$C,Bilgiler!$O24,Giriş!$E:$E,Bilgiler!$P24) -> 0 | X24: =S24+T24+V24-W24-U24 -> 191510 | Y24: =IF(R24<0,IF(X24>0,"Raf Ömrü Geçti",""),IF(R24<=15,IF(X24>0,"Raf Ömrü Bitmek Üzere",""),""))
D25: Poşet-20 cm 450gr Hessa | E25: 150.01.330 | F25: Mevcut | H25: =SUMIFS(Giriş!$J:$J,Giriş!$H:$H,Bilgiler!H$3,Giriş!$C:$C,Bilgiler!$D25) -> 0 | I25: =SUMIFS(Giriş!$J:$J,Giriş!$H:$H,Bilgiler!I$3,Giriş!$C:$C,Bilgiler!$D25) -> 0 | J25: =SUMIFS(Giriş!$J:$J,Giriş!$H:$H,Bilgiler!J$3,Giriş!$C:$C,Bilgiler!$D25) -> 0 | K25: =SUMIFS(Giriş!$J:$J,Giriş!$H:$H,Bilgiler!K$3,Giriş!$C:$C,Bilgiler!$D25) -> 0 | L25: =G25+H25-I25-K25+J25 -> 0 | N25: =IFERROR(IF(N24+1>MAX(Giriş!L:L),"",N24+1),"") -> 22 | O25: =IF($N25="","",VLOOKUP($N25,Giriş!$L:$O,2,0)) -> Poşet--15 cm Mutlukal Tortillas Mavi Değişken | P25: =IF($N25="","",VLOOKUP($N25,Giriş!$L:$O,3,0)) -> 20230047 | Q25: =IF($N25="","",VLOOKUP($N25,Giriş!$L:$O,4,0)) -> 45632 | R25: =IF(O25="","",IF(X25<=0,"",Q25-TODAY())) -> 50 | S25: =SUMIFS(G:G,D:D,O25,F:F,P25) -> 0 | T25: =SUMIFS(Giriş!$J:$J,Giriş!$H:$H,Bilgiler!T$3,Giriş!$C:$C,Bilgiler!$O25,Giriş!$E:$E,Bilgiler!$P25) -> 176785 | U25: =SUMIFS(Giriş!$J:$J,Giriş!$H:$H,Bilgiler!U$3,Giriş!$C:$C,Bilgiler!$O25,Giriş!$E:$E,Bilgiler!$P25) -> 0 | V25: =SUMIFS(Giriş!$J:$J,Giriş!$H:$H,Bilgiler!V$3,Giriş!$C:$C,Bilgiler!$O25,Giriş!$E:$E,Bilgiler!$P25) -> 0 | W25: =SUMIFS(Giriş!$J:$J,Giriş!$H:$H,Bilgiler!W$3,Giriş!$C:$C,Bilgiler!$O25,Giriş!$E:$E,Bilgiler!$P25) -> 0 | X25: =S25+T25+V25-W25-U25 -> 176785 | Y25: =IF(R25<0,IF(X25>0,"Raf Ömrü Geçti",""),IF(R25<=15,IF(X25>0,"Raf Ömrü Bitmek Üzere",""),""))
D26: Poşet-20 cm Alkafeel 10 Adet | E26: 150.01.256 | F26: Mevcut | H26: =SUMIFS(Giriş!$J:$J,Giriş!$H:$H,Bilgiler!H$3,Giriş!$C:$C,Bilgiler!$D26) -> 70200 | I26: =SUMIFS(Giriş!$J:$J,Giriş!$H:$H,Bilgiler!I$3,Giriş!$C:$C,Bilgiler!$D26) -> 0 | J26: =SUMIFS(Giriş!$J:$J,Giriş!$H:$H,Bilgiler!J$3,Giriş!$C:$C,Bilgiler!$D26) -> 0 | K26: =SUMIFS(Giriş!$J:$J,Giriş!$H:$H,Bilgiler!K$3,Giriş!$C:$C,Bilgiler!$D26) -> 0 | L26: =G26+H26-I26-K26+J26 -> 70200 | P26: =IF($N26="","",VLOOKUP($N26,Giriş!$L:$O,3,0)) | Q26: =IF($N26="","",VLOOKUP($N26,Giriş!$L:$O,4,0)) | R26: =IF(O26="","",IF(X26<=0,"",Q26-TODAY())) | S26: =SUMIFS(G:G,D:D,O26,F:F,P26) -> 0 | T26: =SUMIFS(Giriş!$J:$J,Giriş!$H:$H,Bilgiler!T$3,Giriş!$C:$C,Bilgiler!$O26,Giriş!$E:$E,Bilgiler!$P26) -> 0 | U26: =SUMIFS(Giriş!$J:$J,Giriş!$H:$H,Bilgiler!U$3,Giriş!$C:$C,Bilgiler!$O26,Giriş!$E:$E,Bilgiler!$P26) -> 0 | V26: =SUMIFS(Giriş!$J:$J,Giriş!$H:$H,Bilgiler!V$3,Giriş!$C:$C,Bilgiler!$O26,Giriş!$E:$E,Bilgiler!$P26) -> 0 | W26: =SUMIFS(Giriş!$J:$J,Giriş!$H:$H,Bilgiler!W$3,Giriş!$C:$C,Bilgiler!$O26,Giriş!$E:$E,Bilgiler!$P26) -> 0 | X26: =S26+T26+V26-W26-U26 -> 0 | Y26: =IF(R26<0,IF(X26>0,"Raf Ömrü Geçti",""),IF(R26<=15,IF(X26>0,"Raf Ömrü Bitmek Üzere",""),""))
D27: Poşet-20 cm B.sız Alüminyum | E27: 150.01.036 | F27: Mevcut | H27: =SUMIFS(Giriş!$J:$J,Giriş!$H:$H,Bilgiler!H$3,Giriş!$C:$C,Bilgiler!$D27) -> 0 | I27: =SUMIFS(Giriş!$J:$J,Giriş!$H:$H,Bilgiler!I$3,Giriş!$C:$C,Bilgiler!$D27) -> 0 | J27: =SUMIFS(Giriş!$J:$J,Giriş!$H:$H,Bilgiler!J$3,Giriş!$C:$C,Bilgiler!$D27) -> 0 | K27: =SUMIFS(Giriş!$J:$J,Giriş!$H:$H,Bilgiler!K$3,Giriş!$C:$C,Bilgiler!$D27) -> 0 | L27: =G27+H27-I27-K27+J27 -> 0 | N27: =IFERROR(IF(N26+1>MAX(Giriş!L:L),"",N26+1),"") -> 1 | O27: =IF($N27="","",VLOOKUP($N27,Giriş!$L:$O,2,0)) -> Poşet-25 cm Mutlukal Tortillas 260 Gr ( Rusca ) | P27: =IF($N27="","",VLOOKUP($N27,Giriş!$L:$O,3,0)) -> MAT007938 | Q27: =IF($N27="","",VLOOKUP($N27,Giriş!$L:$O,4,0)) -> 45401 | R27: =IF(O27="","",IF(X27<=0,"",Q27-TODAY())) -> -181 | S27: =SUMIFS(G:G,D:D,O27,F:F,P27) -> 0 | T27: =SUMIFS(Giriş!$J:$J,Giriş!$H:$H,Bilgiler!T$3,Giriş!$C:$C,Bilgiler!$O27,Giriş!$E:$E,Bilgiler!$P27) -> 3011800 | U27: =SUMIFS(Giriş!$J:$J,Giriş!$H:$H,Bilgiler!U$3,Giriş!$C:$C,Bilgiler!$O27,Giriş!$E:$E,Bilgiler!$P27) -> 0 | V27: =SUMIFS(Giriş!$J:$J,Giriş!$H:$H,Bilgiler!V$3,Giriş!$C:$C,Bilgiler!$O27,Giriş!$E:$E,Bilgiler!$P27) -> 0 | W27: =SUMIFS(Giriş!$J:$J,Giriş!$H:$H,Bilgiler!W$3,Giriş!$C:$C,Bilgiler!$O27,Giriş!$E:$E,Bilgiler!$P27) -> 0 | X27: =S27+T27+V27-W27-U27 -> 3011800 | Y27: =IF(R27<0,IF(X27>0,"Raf Ömrü Geçti",""),IF(R27<=15,IF(X27>0,"Raf Ömrü Bitmek Üzere",""),"")) -> Raf Ömrü Geçti
D28: Poşet-20 cm B.sız Kilitli | E28: 150.01.037 | F28: Mevcut | H28: =SUMIFS(Giriş!$J:$J,Giriş!$H:$H,Bilgiler!H$3,Giriş!$C:$C,Bilgiler!$D28) -> 229200 | I28: =SUMIFS(Giriş!$J:$J,Giriş!$H:$H,Bilgiler!I$3,Giriş!$C:$C,Bilgiler!$D28) -> 0 | J28: =SUMIFS(Giriş!$J:$J,Giriş!$H:$H,Bilgiler!J$3,Giriş!$C:$C,Bilgiler!$D28) -> 0 | K28: =SUMIFS(Giriş!$J:$J,Giriş!$H:$H,Bilgiler!K$3,Giriş!$C:$C,Bilgiler!$D28) -> 0 | L28: =G28+H28-I28-K28+J28 -> 229200 | N28: =IFERROR(IF(N27+1>MAX(Giriş!L:L),"",N27+1),"") -> 2 | O28: =IF($N28="","",VLOOKUP($N28,Giriş!$L:$O,2,0)) -> Poşet-25 cm Mutlukal Tortillas Mavi Değişken | P28: =IF($N28="","",VLOOKUP($N28,Giriş!$L:$O,3,0)) -> MAT008069 | Q28: =IF($N28="","",VLOOKUP($N28,Giriş!$L:$O,4,0)) -> 45401 | R28: =IF(O28="","",IF(X28<=0,"",Q28-TODAY())) -> -181 | S28: =SUMIFS(G:G,D:D,O28,F:F,P28) -> 0 | T28: =SUMIFS(Giriş!$J:$J,Giriş!$H:$H,Bilgiler!T$3,Giriş!$C:$C,Bilgiler!$O28,Giriş!$E:$E,Bilgiler!$P28) -> 82600 | U28: =SUMIFS(Giriş!$J:$J,Giriş!$H:$H,Bilgiler!U$3,Giriş!$C:$C,Bilgiler!$O28,Giriş!$E:$E,Bilgiler!$P28) -> 0 | V28: =SUMIFS(Giriş!$J:$J,Giriş!$H:$H,Bilgiler!V$3,Giriş!$C:$C,Bilgiler!$O28,Giriş!$E:$E,Bilgiler!$P28) -> 0 | W28: =SUMIFS(Giriş!$J:$J,Giriş!$H:$H,Bilgiler!W$3,Giriş!$C:$C,Bilgiler!$O28,Giriş!$E:$E,Bilgiler!$P28) -> 0 | X28: =S28+T28+V28-W28-U28 -> 82600 | Y28: =IF(R28<0,IF(X28>0,"Raf Ömrü Geçti",""),IF(R28<=15,IF(X28>0,"Raf Ömrü Bitmek Üzere",""),"")) -> Raf Ömrü Geçti
D29: Poşet-20 cm Batel 450 Gr | E29: 150.01.249 | F29: Mevcut | H29: =SUMIFS(Giriş!$J:$J,Giriş!$H:$H,Bilgiler!H$3,Giriş!$C:$C,Bilgiler!$D29) -> 0 | I29: =SUMIFS(Giriş!$J:$J,Giriş!$H:$H,Bilgiler!I$3,Giriş!$C:$C,Bilgiler!$D29) -> 0 | J29: =SUMIFS(Giriş!$J:$J,Giriş!$H:$H,Bilgiler!J$3,Giriş!$C:$C,Bilgiler!$D29) -> 0 | K29: =SUMIFS(Giriş!$J:$J,Giriş!$H:$H,Bilgiler!K$3,Giriş!$C:$C,Bilgiler!$D29) -> 0 | L29: =G29+H29-I29-K29+J29 -> 0 | N29: =IFERROR(IF(N28+1>MAX(Giriş!L:L),"",N28+1),"") -> 3 | O29: =IF($N29="","",VLOOKUP($N29,Giriş!$L:$O,2,0)) -> Poşet-30 cm Sofias | P29: =IF($N29="","",VLOOKUP($N29,Giriş!$L:$O,3,0)) -> MAT008034 | Q29: =IF($N29="","",VLOOKUP($N29,Giriş!$L:$O,4,0)) -> 45407 | R29: =IF(O29="","",IF(X29<=0,"",Q29-TODAY())) -> -175 | S29: =SUMIFS(G:G,D:D,O29,F:F,P29) -> 0 | T29: =SUMIFS(Giriş!$J:$J,Giriş!$H:$H,Bilgiler!T$3,Giriş!$C:$C,Bilgiler!$O29,Giriş!$E:$E,Bilgiler!$P29) -> 38400 | U29: =SUMIFS(Giriş!$J:$J,Giriş!$H:$H,Bilgiler!U$3,Giriş!$C:$C,Bilgiler!$O29,Giriş!$E:$E,Bilgiler!$P29) -> 0 | V29: =SUMIFS(Giriş!$J:$J,Giriş!$H:$H,Bilgiler!V$3,Giriş!$C:$C,Bilgiler!$O29,Giriş!$E:$E,Bilgiler!$P29) -> 0 | W29: =SUMIFS(Giriş!$J:$J,Giriş!$H:$H,Bilgiler!W$3,Giriş!$C:$C,Bilgiler!$O29,Giriş!$E:$E,Bilgiler!$P29) -> 0 | X29: =S29+T29+V29-W29-U29 -> 38400 | Y29: =IF(R29<0,IF(X29>0,"Raf Ömrü Geçti",""),IF(R29<=15,IF(X29>0,"Raf Ömrü Bitmek Üzere",""),"")) -> Raf Ömrü Geçti
D30: Poşet-20 cm Bonita 450 gr | E30: 150.01.236 | F30: Mevcut | H30: =SUMIFS(Giriş!$J:$J,Giriş!$H:$H,Bilgiler!H$3,Giriş!$C:$C,Bilgiler!$D30) -> 0 | I30: =SUMIFS(Giriş!$J:$J,Giriş!$H:$H,Bilgiler!I$3,Giriş!$C:$C,Bilgiler!$D30) -> 0 | J30: =SUMIFS(Giriş!$J:$J,Giriş!$H:$H,Bilgiler!J$3,Giriş!$C:$C,Bilgiler!$D30) -> 0 | K30: =SUMIFS(Giriş!$J:$J,Giriş!$H:$H,Bilgiler!K$3,Giriş!$C:$C,Bilgiler!$D30) -> 0 | L30: =G30+H30-I30-K30+J30 -> 0 | N30: =IFERROR(IF(N29+1>MAX(Giriş!L:L),"",N29+1),"") -> 4 | O30: =IF($N30="","",VLOOKUP($N30,Giriş!$L:$O,2,0)) -> Poşet-30 cm İpek | P30: =IF($N30="","",VLOOKUP($N30,Giriş!$L:$O,3,0)) -> 45231 | Q30: =IF($N30="","",VLOOKUP($N30,Giriş!$L:$O,4,0)) -> 45348 | R30: =IF(O30="","",IF(X30<=0,"",Q30-TODAY())) -> -234 | S30: =SUMIFS(G:G,D:D,O30,F:F,P30) -> 0 | T30: =SUMIFS(Giriş!$J:$J,Giriş!$H:$H,Bilgiler!T$3,Giriş!$C:$C,Bilgiler!$O30,Giriş!$E:$E,Bilgiler!$P30) -> 4000 | U30: =SUMIFS(Giriş!$J:$J,Giriş!$H:$H,Bilgiler!U$3,Giriş!$C:$C,Bilgiler!$O30,Giriş!$E:$E,Bilgiler!$P30) -> 0 | V30: =SUMIFS(Giriş!$J:$J,Giriş!$H:$H,Bilgiler!V$3,Giriş!$C:$C,Bilgiler!$O30,Giriş!$E:$E,Bilgiler!$P30) -> 0 | W30: =SUMIFS(Giriş!$J:$J,Giriş!$H:$H,Bilgiler!W$3,Giriş!$C:$C,Bilgiler!$O30,Giriş!$E:$E,Bilgiler!$P30) -> 0 | X30: =S30+T30+V30-W30-U30 -> 4000 | Y30: =IF(R30<0,IF(X30>0,"Raf Ömrü Geçti",""),IF(R30<=15,IF(X30>0,"Raf Ömrü Bitmek Üzere",""),"")) -> Raf Ömrü Geçti
D31: Poşet-20 cm Delight Sade | E31: 150.01.220 | F31: Mevcut | H31: =SUMIFS(Giriş!$J:$J,Giriş!$H:$H,Bilgiler!H$3,Giriş!$C:$C,Bilgiler!$D31) -> 0 | I31: =SUMIFS(Giriş!$J:$J,Giriş!$H:$H,Bilgiler!I$3,Giriş!$C:$C,Bilgiler!$D31) -> 0 | J31: =SUMIFS(Giriş!$J:$J,Giriş!$H:$H,Bilgiler!J$3,Giriş!$C:$C,Bilgiler!$D31) -> 0 | K31: =SUMIFS(Giriş!$J:$J,Giriş!$H:$H,Bilgiler!K$3,Giriş!$C:$C,Bilgiler!$D31) -> 0 | L31: =G31+H31-I31-K31+J31 -> 0 | N31: =IFERROR(IF(N30+1>MAX(Giriş!L:L),"",N30+1),"") -> 5 | O31: =IF($N31="","",VLOOKUP($N31,Giriş!$L:$O,2,0)) -> Poşet-20 cm B.sız Kilitli | P31: =IF($N31="","",VLOOKUP($N31,Giriş!$L:$O,3,0)) -> MAT008070 | Q31: =IF($N31="","",VLOOKUP($N31,Giriş!$L:$O,4,0)) -> 45472 | R31: =IF(O31="","",IF(X31<=0,"",Q31-TODAY())) -> -110 | S31: =SUMIFS(G:G,D:D,O31,F:F,P31) -> 0 | T31: =SUMIFS(Giriş!$J:$J,Giriş!$H:$H,Bilgiler!T$3,Giriş!$C:$C,Bilgiler!$O31,Giriş!$E:$E,Bilgiler!$P31) -> 104400 | U31: =SUMIFS(Giriş!$J:$J,Giriş!$H:$H,Bilgiler!U$3,Giriş!$C:$C,Bilgiler!$O31,Giriş!$E:$E,Bilgiler!$P31) -> 0 | V31: =SUMIFS(Giriş!$J:$J,Giriş!$H:$H,Bilgiler!V$3,Giriş!$C:$C,Bilgiler!$O31,Giriş!$E:$E,Bilgiler!$P31) -> 0 | W31: =SUMIFS(Giriş!$J:$J,Giriş!$H:$H,Bilgiler!W$3,Giriş!$C:$C,Bilgiler!$O31,Giriş!$E:$E,Bilgiler!$P31) -> 0 | X31: =S31+T31+V31-W31-U31 -> 104400 | Y31: =IF(R31<0,IF(X31>0,"Raf Ömrü Geçti",""),IF(R31<=15,IF(X31>0,"Raf Ömrü Bitmek Üzere",""),"")) -> Raf Ömrü Geçti
D32: Poşet-20 cm Delight Tam Buğday | E32: 150.01.224 | F32: Mevcut | H32: =SUMIFS(Giriş!$J:$J,Giriş!$H:$H,Bilgiler!H$3,Giriş!$C:$C,Bilgiler!$D32) -> 0 | I32: =SUMIFS(Giriş!$J:$J,Giriş!$H:$H,Bilgiler!I$3,Giriş!$C:$C,Bilgiler!$D32) -> 0 | J32: =SUMIFS(Giriş!$J:$J,Giriş!$H:$H,Bilgiler!J$3,Giriş!$C:$C,Bilgiler!$D32) -> 0 | K32: =SUMIFS(Giriş!$J:$J,Giriş!$H:$H,Bilgiler!K$3,Giriş!$C:$C,Bilgiler!$D32) -> 0 | L32: =G32+H32-I32-K32+J32 -> 0 | N32: =IFERROR(IF(N31+1>MAX(Giriş!L:L),"",N31+1),"") -> 6 | O32: =IF($N32="","",VLOOKUP($N32,Giriş!$L:$O,2,0)) -> Poşet-30 cm Mutlukal Tortillas Değişken | P32: =IF($N32="","",VLOOKUP($N32,Giriş!$L:$O,3,0)) -> 20230038 | Q32: =IF($N32="","",VLOOKUP($N32,Giriş!$L:$O,4,0)) -> 45483 | R32: =IF(O32="","",IF(X32<=0,"",Q32-TODAY())) -> -99 | S32: =SUMIFS(G:G,D:D,O32,F:F,P32) -> 0 | T32: =SUMIFS(Giriş!$J:$J,Giriş!$H:$H,Bilgiler!T$3,Giriş!$C:$C,Bilgiler!$O32,Giriş!$E:$E,Bilgiler!$P32) -> 68160 | U32: =SUMIFS(Giriş!$J:$J,Giriş!$H:$H,Bilgiler!U$3,Giriş!$C:$C,Bilgiler!$O32,Giriş!$E:$E,Bilgiler!$P32) -> 0 | V32: =SUMIFS(Giriş!$J:$J,Giriş!$H:$H,Bilgiler!V$3,Giriş!$C:$C,Bilgiler!$O32,Giriş!$E:$E,Bilgiler!$P32) -> 0 | W32: =SUMIFS(Giriş!$J:$J,Giriş!$H:$H,Bilgiler!W$3,Giriş!$C:$C,Bilgiler!$O32,Giriş!$E:$E,Bilgiler!$P32) -> 0 | X32: =S32+T32+V32-W32-U32 -> 68160 | Y32: =IF(R32<0,IF(X32>0,"Raf Ömrü Geçti",""),IF(R32<=15,IF(X32>0,"Raf Ömrü Bitmek Üzere",""),"")) -> Raf Ömrü Geçti
D33: Poşet-20 cm Din Marketing 810 Gr | E33: 150.01.338 | F33: Mevcut | H33: =SUMIFS(Giriş!$J:$J,Giriş!$H:$H,Bilgiler!H$3,Giriş!$C:$C,Bilgiler!$D33) -> 0 | I33: =SUMIFS(Giriş!$J:$J,Giriş!$H:$H,Bilgiler!I$3,Giriş!$C:$C,Bilgiler!$D33) -> 0 | J33: =SUMIFS(Giriş!$J:$J,Giriş!$H:$H,Bilgiler!J$3,Giriş!$C:$C,Bilgiler!$D33) -> 0 | K33: =SUMIFS(Giriş!$J:$J,Giriş!$H:$H,Bilgiler!K$3,Giriş!$C:$C,Bilgiler!$D33) -> 0 | L33: =G33+H33-I33-K33+J33 -> 0 | N33: =IFERROR(IF(N32+1>MAX(Giriş!L:L),"",N32+1),"") -> 7 | O33: =IF($N33="","",VLOOKUP($N33,Giriş!$L:$O,2,0)) -> Poşet--15 cm Mutlukal Tortillas Mavi Değişken | P33: =IF($N33="","",VLOOKUP($N33,Giriş!$L:$O,3,0)) -> 20230040 | Q33: =IF($N33="","",VLOOKUP($N33,Giriş!$L:$O,4,0)) -> 45492 | R33: =IF(O33="","",IF(X33<=0,"",Q33-TODAY())) -> -90 | S33: =SUMIFS(G:G,D:D,O33,F:F,P33) -> 0 | T33: =SUMIFS(Giriş!$J:$J,Giriş!$H:$H,Bilgiler!T$3,Giriş!$C:$C,Bilgiler!$O33,Giriş!$E:$E,Bilgiler!$P33) -> 182945 | U33: =SUMIFS(Giriş!$J:$J,Giriş!$H:$H,Bilgiler!U$3,Giriş!$C:$C,Bilgiler!$O33,Giriş!$E:$E,Bilgiler!$P33) -> 0 | V33: =SUMIFS(Giriş!$J:$J,Giriş!$H:$H,Bilgiler!V$3,Giriş!$C:$C,Bilgiler!$O33,Giriş!$E:$E,Bilgiler!$P33) -> 0 | W33: =SUMIFS(Giriş!$J:$J,Giriş!$H:$H,Bilgiler!W$3,Giriş!$C:$C,Bilgiler!$O33,Giriş!$E:$E,Bilgiler!$P33) -> 0 | X33: =S33+T33+V33-W33-U33 -> 182945 | Y33: =IF(R33<0,IF(X33>0,"Raf Ömrü Geçti",""),IF(R33<=15,IF(X33>0,"Raf Ömrü Bitmek Üzere",""),"")) -> Raf Ömrü Geçti
D34: Poşet-20 cm Eyal 540 gr ( İç ) | E34: 150.01.146 | F34: Mevcut | H34: =SUMIFS(Giriş!$J:$J,Giriş!$H:$H,Bilgiler!H$3,Giriş!$C:$C,Bilgiler!$D34) -> 77400 | I34: =SUMIFS(Giriş!$J:$J,Giriş!$H:$H,Bilgiler!I$3,Giriş!$C:$C,Bilgiler!$D34) -> 0 | J34: =SUMIFS(Giriş!$J:$J,Giriş!$H:$H,Bilgiler!J$3,Giriş!$C:$C,Bilgiler!$D34) -> 0 | K34: =SUMIFS(Giriş!$J:$J,Giriş!$H:$H,Bilgiler!K$3,Giriş!$C:$C,Bilgiler!$D34) -> 0 | L34: =G34+H34-I34-K34+J34 -> 77400 | N34: =IFERROR(IF(N33+1>MAX(Giriş!L:L),"",N33+1),"") -> 8 | O34: =IF($N34="","",VLOOKUP($N34,Giriş!$L:$O,2,0)) -> Poşet-25 cm Mutlukal Tortillas Kırmızı Değişken ( Beyaz Rusya ) | P34: =IF($N34="","",VLOOKUP($N34,Giriş!$L:$O,3,0)) -> 20230048 | Q34: =IF($N34="","",VLOOKUP($N34,Giriş!$L:$O,4,0)) -> 45483 | R34: =IF(O34="","",IF(X34<=0,"",Q34-TODAY())) -> -99 | S34: =SUMIFS(G:G,D:D,O34,F:F,P34) -> 0 | T34: =SUMIFS(Giriş!$J:$J,Giriş!$H:$H,Bilgiler!T$3,Giriş!$C:$C,Bilgiler!$O34,Giriş!$E:$E,Bilgiler!$P34) -> 89050 | U34: =SUMIFS(Giriş!$J:$J,Giriş!$H:$H,Bilgiler!U$3,Giriş!$C:$C,Bilgiler!$O34,Giriş!$E:$E,Bilgiler!$P34) -> 0 | V34: =SUMIFS(Giriş!$J:$J,Giriş!$H:$H,Bilgiler!V$3,Giriş!$C:$C,Bilgiler!$O34,Giriş!$E:$E,Bilgiler!$P34) -> 0 | W34: =SUMIFS(Giriş!$J:$J,Giriş!$H:$H,Bilgiler!W$3,Giriş!$C:$C,Bilgiler!$O34,Giriş!$E:$E,Bilgiler!$P34) -> 0 | X34: =S34+T34+V34-W34-U34 -> 89050 | Y34: =IF(R34<0,IF(X34>0,"Raf Ömrü Geçti",""),IF(R34<=15,IF(X34>0,"Raf Ömrü Bitmek Üzere",""),"")) -> Raf Ömrü Geçti
D35: Poşet-20 Cm Eyal Avel Tam Buğdaylı Tortilla | E35: 150.01.335 | F35: Mevcut | H35: =SUMIFS(Giriş!$J:$J,Giriş!$H:$H,Bilgiler!H$3,Giriş!$C:$C,Bilgiler!$D35) -> 0 | I35: =SUMIFS(Giriş!$J:$J,Giriş!$H:$H,Bilgiler!I$3,Giriş!$C:$C,Bilgiler!$D35) -> 0 | J35: =SUMIFS(Giriş!$J:$J,Giriş!$H:$H,Bilgiler!J$3,Giriş!$C:$C,Bilgiler!$D35) -> 0 | K35: =SUMIFS(Giriş!$J:$J,Giriş!$H:$H,Bilgiler!K$3,Giriş!$C:$C,Bilgiler!$D35) -> 0 | L35: =G35+H35-I35-K35+J35 -> 0 | N35: =IFERROR(IF(N34+1>MAX(Giriş!L:L),"",N34+1),"") -> 9 | O35: =IF($N35="","",VLOOKUP($N35,Giriş!$L:$O,2,0)) -> Poşet-25 cm Mutlukal Tortillas Tam Buğday | P35: =IF($N35="","",VLOOKUP($N35,Giriş!$L:$O,3,0)) -> 20230042 | Q35: =IF($N35="","",VLOOKUP($N35,Giriş!$L:$O,4,0)) -> 45483 | R35: =IF(O35="","",IF(X35<=0,"",Q35-TODAY())) -> -99 | S35: =SUMIFS(G:G,D:D,O35,F:F,P35) -> 0 | T35: =SUMIFS(Giriş!$J:$J,Giriş!$H:$H,Bilgiler!T$3,Giriş!$C:$C,Bilgiler!$O35,Giriş!$E:$E,Bilgiler!$P35) -> 86730 | U35: =SUMIFS(Giriş!$J:$J,Giriş!$H:$H,Bilgiler!U$3,Giriş!$C:$C,Bilgiler!$O35,Giriş!$E:$E,Bilgiler!$P35) -> 0 | V35: =SUMIFS(Giriş!$J:$J,Giriş!$H:$H,Bilgiler!V$3,Giriş!$C:$C,Bilgiler!$O35,Giriş!$E:$E,Bilgiler!$P35) -> 0 | W35: =SUMIFS(Giriş!$J:$J,Giriş!$H:$H,Bilgiler!W$3,Giriş!$C:$C,Bilgiler!$O35,Giriş!$E:$E,Bilgiler!$P35) -> 0 | X35: =S35+T35+V35-W35-U35 -> 86730 | Y35: =IF(R35<0,IF(X35>0,"Raf Ömrü Geçti",""),IF(R35<=15,IF(X35>0,"Raf Ömrü Bitmek Üzere",""),"")) -> Raf Ömrü Geçti
D36: Poşet-20 Cm Eyal Avel Tortilla | E36: 150.01.251 | F36: Mevcut | H36: =SUMIFS(Giriş!$J:$J,Giriş!$H:$H,Bilgiler!H$3,Giriş!$C:$C,Bilgiler!$D36) -> 0 | I36: =SUMIFS(Giriş!$J:$J,Giriş!$H:$H,Bilgiler!I$3,Giriş!$C:$C,Bilgiler!$D36) -> 0 | J36: =SUMIFS(Giriş!$J:$J,Giriş!$H:$H,Bilgiler!J$3,Giriş!$C:$C,Bilgiler!$D36) -> 0 | K36: =SUMIFS(Giriş!$J:$J,Giriş!$H:$H,Bilgiler!K$3,Giriş!$C:$C,Bilgiler!$D36) -> 0 | L36: =G36+H36-I36-K36+J36 -> 0 | N36: =IFERROR(IF(N35+1>MAX(Giriş!L:L),"",N35+1),"") -> 10 | O36: =IF($N36="","",VLOOKUP($N36,Giriş!$L:$O,2,0)) -> Poşet-25 cm B.sız Kilitli | P36: =IF($N36="","",VLOOKUP($N36,Giriş!$L:$O,3,0)) -> 20230050 | Q36: =IF($N36="","",VLOOKUP($N36,Giriş!$L:$O,4,0)) -> 45483 | R36: =IF(O36="","",IF(X36<=0,"",Q36-TODAY())) -> -99 | S36: =SUMIFS(G:G,D:D,O36,F:F,P36) -> 0 | T36: =SUMIFS(Giriş!$J:$J,Giriş!$H:$H,Bilgiler!T$3,Giriş!$C:$C,Bilgiler!$O36,Giriş!$E:$E,Bilgiler!$P36) -> 88400 | U36: =SUMIFS(Giriş!$J:$J,Giriş!$H:$H,Bilgiler!U$3,Giriş!$C:$C,Bilgiler!$O36,Giriş!$E:$E,Bilgiler!$P36) -> 0 | V36: =SUMIFS(Giriş!$J:$J,Giriş!$H:$H,Bilgiler!V$3,Giriş!$C:$C,Bilgiler!$O36,Giriş!$E:$E,Bilgiler!$P36) -> 0 | W36: =SUMIFS(Giriş!$J:$J,Giriş!$H:$H,Bilgiler!W$3,Giriş!$C:$C,Bilgiler!$O36,Giriş!$E:$E,Bilgiler!$P36) -> 0 | X36: =S36+T36+V36-W36-U36 -> 88400 | Y36: =IF(R36<0,IF(X36>0,"Raf Ömrü Geçti",""),IF(R36<=15,IF(X36>0,"Raf Ömrü Bitmek Üzere",""),"")) -> Raf Ömrü Geçti
D37: Poşet-20 cm Eyal Durum 540 gr ( İç ) Tam Buğday | E37: 150.01.310 | F37: Mevcut | H37: =SUMIFS(Giriş!$J:$J,Giriş!$H:$H,Bilgiler!H$3,Giriş!$C:$C,Bilgiler!$D37) -> 77400 | I37: =SUMIFS(Giriş!$J:$J,Giriş!$H:$H,Bilgiler!I$3,Giriş!$C:$C,Bilgiler!$D37) -> 0 | J37: =SUMIFS(Giriş!$J:$J,Giriş!$H:$H,Bilgiler!J$3,Giriş!$C:$C,Bilgiler!$D37) -> 0 | K37: =SUMIFS(Giriş!$J:$J,Giriş!$H:$H,Bilgiler!K$3,Giriş!$C:$C,Bilgiler!$D37) -> 0 | L37: =G37+H37-I37-K37+J37 -> 77400 | N37: =IFERROR(IF(N36+1>MAX(Giriş!L:L),"",N36+1),"") -> 11 | O37: =IF($N37="","",VLOOKUP($N37,Giriş!$L:$O,2,0)) -> Poşet-25 cm Tortillove Değişken | P37: =IF($N37="","",VLOOKUP($N37,Giriş!$L:$O,3,0)) -> MAT008095 | Q37: =IF($N37="","",VLOOKUP($N37,Giriş!$L:$O,4,0)) -> 45491 | R37: =IF(O37="","",IF(X37<=0,"",Q37-TODAY())) -> -91 | S37: =SUMIFS(G:G,D:D,O37,F:F,P37) -> 0 | T37: =SUMIFS(Giriş!$J:$J,Giriş!$H:$H,Bilgiler!T$3,Giriş!$C:$C,Bilgiler!$O37,Giriş!$E:$E,Bilgiler!$P37) -> 79800 | U37: =SUMIFS(Giriş!$J:$J,Giriş!$H:$H,Bilgiler!U$3,Giriş!$C:$C,Bilgiler!$O37,Giriş!$E:$E,Bilgiler!$P37) -> 0 | V37: =SUMIFS(Giriş!$J:$J,Giriş!$H:$H,Bilgiler!V$3,Giriş!$C:$C,Bilgiler!$O37,Giriş!$E:$E,Bilgiler!$P37) -> 0 | W37: =SUMIFS(Giriş!$J:$J,Giriş!$H:$H,Bilgiler!W$3,Giriş!$C:$C,Bilgiler!$O37,Giriş!$E:$E,Bilgiler!$P37) -> 0 | X37: =S37+T37+V37-W37-U37 -> 79800 | Y37: =IF(R37<0,IF(X37>0,"Raf Ömrü Geçti",""),IF(R37<=15,IF(X37>0,"Raf Ömrü Bitmek Üzere",""),"")) -> Raf Ömrü Geçti
D38: Poşet-20 cm Happylla Değişken | E38: 150.01.038 | F38: Mevcut | H38: =SUMIFS(Giriş!$J:$J,Giriş!$H:$H,Bilgiler!H$3,Giriş!$C:$C,Bilgiler!$D38) -> 0 | I38: =SUMIFS(Giriş!$J:$J,Giriş!$H:$H,Bilgiler!I$3,Giriş!$C:$C,Bilgiler!$D38) -> 0 | J38: =SUMIFS(Giriş!$J:$J,Giriş!$H:$H,Bilgiler!J$3,Giriş!$C:$C,Bilgiler!$D38) -> 0 | K38: =SUMIFS(Giriş!$J:$J,Giriş!$H:$H,Bilgiler!K$3,Giriş!$C:$C,Bilgiler!$D38) -> 0 | L38: =G38+H38-I38-K38+J38 -> 0 | N38: =IFERROR(IF(N37+1>MAX(Giriş!L:L),"",N37+1),"") -> 12 | O38: =IF($N38="","",VLOOKUP($N38,Giriş!$L:$O,2,0)) -> Poşet-25 cm Wıllı Food 840 gr | P38: =IF($N38="","",VLOOKUP($N38,Giriş!$L:$O,3,0)) -> MAT008124 | Q38: =IF($N38="","",VLOOKUP($N38,Giriş!$L:$O,4,0)) -> 45498 | R38: =IF(O38="","",IF(X38<=0,"",Q38-TODAY())) -> -84 | S38: =SUMIFS(G:G,D:D,O38,F:F,P38) -> 0 | T38: =SUMIFS(Giriş!$J:$J,Giriş!$H:$H,Bilgiler!T$3,Giriş!$C:$C,Bilgiler!$O38,Giriş!$E:$E,Bilgiler!$P38) -> 77300 | U38: =SUMIFS(Giriş!$J:$J,Giriş!$H:$H,Bilgiler!U$3,Giriş!$C:$C,Bilgiler!$O38,Giriş!$E:$E,Bilgiler!$P38) -> 0 | V38: =SUMIFS(Giriş!$J:$J,Giriş!$H:$H,Bilgiler!V$3,Giriş!$C:$C,Bilgiler!$O38,Giriş!$E:$E,Bilgiler!$P38) -> 0 | W38: =SUMIFS(Giriş!$J:$J,Giriş!$H:$H,Bilgiler!W$3,Giriş!$C:$C,Bilgiler!$O38,Giriş!$E:$E,Bilgiler!$P38) -> 0 | X38: =S38+T38+V38-W38-U38 -> 77300 | Y38: =IF(R38<0,IF(X38>0,"Raf Ömrü Geçti",""),IF(R38<=15,IF(X38>0,"Raf Ömrü Bitmek Üzere",""),"")) -> Raf Ömrü Geçti
... D110: Poşet-30 cm Diyos 900 gr. | E110: 150.01.293 | F110: Mevcut | H110: =SUMIFS(Giriş!$J:$J,Giriş!$H:$H,Bilgiler!H$3,Giriş!$C:$C,Bilgiler!$D110) -> 0 | I110: =SUMIFS(Giriş!$J:$J,Giriş!$H:$H,Bilgiler!I$3,Giriş!$C:$C,Bilgiler!$D110) -> 0 | J110: =SUMIFS(Giriş!$J:$J,Giriş!$H:$H,Bilgiler!J$3,Giriş!$C:$C,Bilgiler!$D110) -> 0 | K110: =SUMIFS(Giriş!$J:$J,Giriş!$H:$H,Bilgiler!K$3,Giriş!$C:$C,Bilgiler!$D110) -> 0 | L110: =G110+H110-I110-K110+J110 -> 0 | N110: =IFERROR(IF(N109+1>MAX(Giriş!L:L),"",N109+1),"") -> 84 | O110: =IF($N110="","",VLOOKUP($N110,Giriş!$L:$O,2,0)) -> 30CM BUENA COMIDA | P110: =IF($N110="","",VLOOKUP($N110,Giriş!$L:$O,3,0)) -> MAT008558 | Q110: =IF($N110="","",VLOOKUP($N110,Giriş!$L:$O,4,0)) -> 45469 | R110: =IF(O110="","",IF(X110<=0,"",Q110-TODAY())) -> -113 | S110: =SUMIFS(G:G,D:D,O110,F:F,P110) -> 0 | T110: =SUMIFS(Giriş!$J:$J,Giriş!$H:$H,Bilgiler!T$3,Giriş!$C:$C,Bilgiler!$O110,Giriş!$E:$E,Bilgiler!$P110) -> 125000 | U110: =SUMIFS(Giriş!$J:$J,Giriş!$H:$H,Bilgiler!U$3,Giriş!$C:$C,Bilgiler!$O110,Giriş!$E:$E,Bilgiler!$P110) -> 0 | V110: =SUMIFS(Giriş!$J:$J,Giriş!$H:$H,Bilgiler!V$3,Giriş!$C:$C,Bilgiler!$O110,Giriş!$E:$E,Bilgiler!$P110) -> 0 | W110: =SUMIFS(Giriş!$J:$J,Giriş!$H:$H,Bilgiler!W$3,Giriş!$C:$C,Bilgiler!$O110,Giriş!$E:$E,Bilgiler!$P110) -> 0 | X110: =S110+T110+V110-W110-U110 -> 125000 | Y110: =IF(R110<0,IF(X110>0,"Raf Ömrü Geçti",""),IF(R110<=15,IF(X110>0,"Raf Ömrü Bitmek Üzere",""),"")) -> Raf Ömrü Geçti
D111: Poşet-30 cm Eyal Durum 1620 gr | E111: 150.01.312 | F111: Mevcut | H111: =SUMIFS(Giriş!$J:$J,Giriş!$H:$H,Bilgiler!H$3,Giriş!$C:$C,Bilgiler!$D111) -> 0 | I111: =SUMIFS(Giriş!$J:$J,Giriş!$H:$H,Bilgiler!I$3,Giriş!$C:$C,Bilgiler!$D111) -> 0 | J111: =SUMIFS(Giriş!$J:$J,Giriş!$H:$H,Bilgiler!J$3,Giriş!$C:$C,Bilgiler!$D111) -> 0 | K111: =SUMIFS(Giriş!$J:$J,Giriş!$H:$H,Bilgiler!K$3,Giriş!$C:$C,Bilgiler!$D111) -> 0 | L111: =G111+H111-I111-K111+J111 -> 0
D112: Poşet-30 cm Farina | E112: 150.01.205 | F112: Mevcut | H112: =SUMIFS(Giriş!$J:$J,Giriş!$H:$H,Bilgiler!H$3,Giriş!$C:$C,Bilgiler!$D112) -> 0 | I112: =SUMIFS(Giriş!$J:$J,Giriş!$H:$H,Bilgiler!I$3,Giriş!$C:$C,Bilgiler!$D112) -> 0 | J112: =SUMIFS(Giriş!$J:$J,Giriş!$H:$H,Bilgiler!J$3,Giriş!$C:$C,Bilgiler!$D112) -> 0 | K112: =SUMIFS(Giriş!$J:$J,Giriş!$H:$H,Bilgiler!K$3,Giriş!$C:$C,Bilgiler!$D112) -> 0 | L112: =G112+H112-I112-K112+J112 -> 0
D113: Poşet-30 cm Happylla Değişken | E113: 150.01.068 | F113: Mevcut | H113: =SUMIFS(Giriş!$J:$J,Giriş!$H:$H,Bilgiler!H$3,Giriş!$C:$C,Bilgiler!$D113) -> 50400 | I113: =SUMIFS(Giriş!$J:$J,Giriş!$H:$H,Bilgiler!I$3,Giriş!$C:$C,Bilgiler!$D113) -> 0 | J113: =SUMIFS(Giriş!$J:$J,Giriş!$H:$H,Bilgiler!J$3,Giriş!$C:$C,Bilgiler!$D113) -> 0 | K113: =SUMIFS(Giriş!$J:$J,Giriş!$H:$H,Bilgiler!K$3,Giriş!$C:$C,Bilgiler!$D113) -> 0 | L113: =G113+H113-I113-K113+J113 -> 50400
D114: Poşet-30 cm Jana | E114: LV.AMB.0008 | F114: Mevcut | H114: =SUMIFS(Giriş!$J:$J,Giriş!$H:$H,Bilgiler!H$3,Giriş!$C:$C,Bilgiler!$D114) -> 0 | I114: =SUMIFS(Giriş!$J:$J,Giriş!$H:$H,Bilgiler!I$3,Giriş!$C:$C,Bilgiler!$D114) -> 0 | J114: =SUMIFS(Giriş!$J:$J,Giriş!$H:$H,Bilgiler!J$3,Giriş!$C:$C,Bilgiler!$D114) -> 0 | K114: =SUMIFS(Giriş!$J:$J,Giriş!$H:$H,Bilgiler!K$3,Giriş!$C:$C,Bilgiler!$D114) -> 0 | L114: =G114+H114-I114-K114+J114 -> 0
D115: Poşet-30 cm Lazeza | E115: 150.01.247 | F115: Mevcut | H115: =SUMIFS(Giriş!$J:$J,Giriş!$H:$H,Bilgiler!H$3,Giriş!$C:$C,Bilgiler!$D115) -> 115200 | I115: =SUMIFS(Giriş!$J:$J,Giriş!$H:$H,Bilgiler!I$3,Giriş!$C:$C,Bilgiler!$D115) -> 0 | J115: =SUMIFS(Giriş!$J:$J,Giriş!$H:$H,Bilgiler!J$3,Giriş!$C:$C,Bilgiler!$D115) -> 0 | K115: =SUMIFS(Giriş!$J:$J,Giriş!$H:$H,Bilgiler!K$3,Giriş!$C:$C,Bilgiler!$D115) -> 0 | L115: =G115+H115-I115-K115+J115 -> 115200
D116: Poşet-30 cm Mutlukal Tortillas Değişken | E116: 150.01.284 | F116: Mevcut | H116: =SUMIFS(Giriş!$J:$J,Giriş!$H:$H,Bilgiler!H$3,Giriş!$C:$C,Bilgiler!$D116) -> 124560 | I116: =SUMIFS(Giriş!$J:$J,Giriş!$H:$H,Bilgiler!I$3,Giriş!$C:$C,Bilgiler!$D116) -> 0 | J116: =SUMIFS(Giriş!$J:$J,Giriş!$H:$H,Bilgiler!J$3,Giriş!$C:$C,Bilgiler!$D116) -> 0 | K116: =SUMIFS(Giriş!$J:$J,Giriş!$H:$H,Bilgiler!K$3,Giriş!$C:$C,Bilgiler!$D116) -> 0 | L116: =G116+H116-I116-K116+J116 -> 124560
D117: Poşet-30 cm Özma 1125 gr | E117: 150.01.069 | F117: Mevcut | H117: =SUMIFS(Giriş!$J:$J,Giriş!$H:$H,Bilgiler!H$3,Giriş!$C:$C,Bilgiler!$D117) -> 0 | I117: =SUMIFS(Giriş!$J:$J,Giriş!$H:$H,Bilgiler!I$3,Giriş!$C:$C,Bilgiler!$D117) -> 0 | J117: =SUMIFS(Giriş!$J:$J,Giriş!$H:$H,Bilgiler!J$3,Giriş!$C:$C,Bilgiler!$D117) -> 0 | K117: =SUMIFS(Giriş!$J:$J,Giriş!$H:$H,Bilgiler!K$3,Giriş!$C:$C,Bilgiler!$D117) -> 0 | L117: =G117+H117-I117-K117+J117 -> 0
D118: Poşet-30 cm Rihanna 1080 Gr. | E118: 150.01.231 | F118: Mevcut | H118: =SUMIFS(Giriş!$J:$J,Giriş!$H:$H,Bilgiler!H$3,Giriş!$C:$C,Bilgiler!$D118) -> 0 | I118: =SUMIFS(Giriş!$J:$J,Giriş!$H:$H,Bilgiler!I$3,Giriş!$C:$C,Bilgiler!$D118) -> 0 | J118: =SUMIFS(Giriş!$J:$J,Giriş!$H:$H,Bilgiler!J$3,Giriş!$C:$C,Bilgiler!$D118) -> 0 | K118: =SUMIFS(Giriş!$J:$J,Giriş!$H:$H,Bilgiler!K$3,Giriş!$C:$C,Bilgiler!$D118) -> 0 | L118: =G118+H118-I118-K118+J118 -> 0
D119: Poşet-30 cm Seheta 510 gr | E119: 150.01.288 | F119: Mevcut | H119: =SUMIFS(Giriş!$J:$J,Giriş!$H:$H,Bilgiler!H$3,Giriş!$C:$C,Bilgiler!$D119) -> 0 | I119: =SUMIFS(Giriş!$J:$J,Giriş!$H:$H,Bilgiler!I$3,Giriş!$C:$C,Bilgiler!$D119) -> 0 | J119: =SUMIFS(Giriş!$J:$J,Giriş!$H:$H,Bilgiler!J$3,Giriş!$C:$C,Bilgiler!$D119) -> 0 | K119: =SUMIFS(Giriş!$J:$J,Giriş!$H:$H,Bilgiler!K$3,Giriş!$C:$C,Bilgiler!$D119) -> 0 | L119: =G119+H119-I119-K119+J119 -> 0
D120: Poşet-30 cm Seheta 850 gr | E120: 150.01.274 | F120: Mevcut | H120: =SUMIFS(Giriş!$J:$J,Giriş!$H:$H,Bilgiler!H$3,Giriş!$C:$C,Bilgiler!$D120) -> 0 | I120: =SUMIFS(Giriş!$J:$J,Giriş!$H:$H,Bilgiler!I$3,Giriş!$C:$C,Bilgiler!$D120) -> 0 | J120: =SUMIFS(Giriş!$J:$J,Giriş!$H:$H,Bilgiler!J$3,Giriş!$C:$C,Bilgiler!$D120) -> 0 | K120: =SUMIFS(Giriş!$J:$J,Giriş!$H:$H,Bilgiler!K$3,Giriş!$C:$C,Bilgiler!$D120) -> 0 | L120: =G120+H120-I120-K120+J120 -> 0
D121: Poşet-30 cm Sofias | E121: 150.01.277 | F121: Mevcut | H121: =SUMIFS(Giriş!$J:$J,Giriş!$H:$H,Bilgiler!H$3,Giriş!$C:$C,Bilgiler!$D121) -> 98800 | I121: =SUMIFS(Giriş!$J:$J,Giriş!$H:$H,Bilgiler!I$3,Giriş!$C:$C,Bilgiler!$D121) -> 0 | J121: =SUMIFS(Giriş!$J:$J,Giriş!$H:$H,Bilgiler!J$3,Giriş!$C:$C,Bilgiler!$D121) -> 0 | K121: =SUMIFS(Giriş!$J:$J,Giriş!$H:$H,Bilgiler!K$3,Giriş!$C:$C,Bilgiler!$D121) -> 0 | L121: =G121+H121-I121-K121+J121 -> 98800
D122: Poşet-30 cm Sofias ( Tam Buğdaylı ) | E122: 150.01.278 | F122: Mevcut | H122: =SUMIFS(Giriş!$J:$J,Giriş!$H:$H,Bilgiler!H$3,Giriş!$C:$C,Bilgiler!$D122) -> 0 | I122: =SUMIFS(Giriş!$J:$J,Giriş!$H:$H,Bilgiler!I$3,Giriş!$C:$C,Bilgiler!$D122) -> 0 | J122: =SUMIFS(Giriş!$J:$J,Giriş!$H:$H,Bilgiler!J$3,Giriş!$C:$C,Bilgiler!$D122) -> 0 | K122: =SUMIFS(Giriş!$J:$J,Giriş!$H:$H,Bilgiler!K$3,Giriş!$C:$C,Bilgiler!$D122) -> 0 | L122: =G122+H122-I122-K122+J122 -> 0
... D139: Poşet-30 cm Tortillas Tam Buğdaylı | E139: 150.01.346 | F139: Mevcut | H139: =SUMIFS(Giriş!$J:$J,Giriş!$H:$H,Bilgiler!H$3,Giriş!$C:$C,Bilgiler!$D139) -> 67377 | I139: =SUMIFS(Giriş!$J:$J,Giriş!$H:$H,Bilgiler!I$3,Giriş!$C:$C,Bilgiler!$D139) -> 0 | J139: =SUMIFS(Giriş!$J:$J,Giriş!$H:$H,Bilgiler!J$3,Giriş!$C:$C,Bilgiler!$D139) -> 0 | K139: =SUMIFS(Giriş!$J:$J,Giriş!$H:$H,Bilgiler!K$3,Giriş!$C:$C,Bilgiler!$D139) -> 0 | L139: =G139+H139-I139-K139+J139 -> 67377
D140: 20CM MAGNET DOMATESLİ | H140: =SUMIFS(Giriş!$J:$J,Giriş!$H:$H,Bilgiler!H$3,Giriş!$C:$C,Bilgiler!$D140) -> 194400 | I140: =SUMIFS(Giriş!$J:$J,Giriş!$H:$H,Bilgiler!I$3,Giriş!$C:$C,Bilgiler!$D140) -> 0 | J140: =SUMIFS(Giriş!$J:$J,Giriş!$H:$H,Bilgiler!J$3,Giriş!$C:$C,Bilgiler!$D140) -> 0 | K140: =SUMIFS(Giriş!$J:$J,Giriş!$H:$H,Bilgiler!K$3,Giriş!$C:$C,Bilgiler!$D140) -> 0 | L140: =G140+H140-I140-K140+J140 -> 194400
D141: 20CM BUENA COMIDA | H141: =SUMIFS(Giriş!$J:$J,Giriş!$H:$H,Bilgiler!H$3,Giriş!$C:$C,Bilgiler!$D141) -> 340200 | I141: =SUMIFS(Giriş!$J:$J,Giriş!$H:$H,Bilgiler!I$3,Giriş!$C:$C,Bilgiler!$D141) -> 0 | J141: =SUMIFS(Giriş!$J:$J,Giriş!$H:$H,Bilgiler!J$3,Giriş!$C:$C,Bilgiler!$D141) -> 0 | K141: =SUMIFS(Giriş!$J:$J,Giriş!$H:$H,Bilgiler!K$3,Giriş!$C:$C,Bilgiler!$D141) -> 0 | L141: =G141+H141-I141-K141+J141 -> 340200
D142: 30CM BUENA COMIDA | H142: =SUMIFS(Giriş!$J:$J,Giriş!$H:$H,Bilgiler!H$3,Giriş!$C:$C,Bilgiler!$D142) -> 428400 | I142: =SUMIFS(Giriş!$J:$J,Giriş!$H:$H,Bilgiler!I$3,Giriş!$C:$C,Bilgiler!$D142) -> 0 | J142: =SUMIFS(Giriş!$J:$J,Giriş!$H:$H,Bilgiler!J$3,Giriş!$C:$C,Bilgiler!$D142) -> 0 | K142: =SUMIFS(Giriş!$J:$J,Giriş!$H:$H,Bilgiler!K$3,Giriş!$C:$C,Bilgiler!$D142) -> 0 | L142: =G142+H142-I142-K142+J142 -> 428400
D143: 25CM TORTILLAS 390 GR A101 | H143: =SUMIFS(Giriş!$J:$J,Giriş!$H:$H,Bilgiler!H$3,Giriş!$C:$C,Bilgiler!$D143) -> 78400 | I143: =SUMIFS(Giriş!$J:$J,Giriş!$H:$H,Bilgiler!I$3,Giriş!$C:$C,Bilgiler!$D143) -> 0 | J143: =SUMIFS(Giriş!$J:$J,Giriş!$H:$H,Bilgiler!J$3,Giriş!$C:$C,Bilgiler!$D143) -> 0 | K143: =SUMIFS(Giriş!$J:$J,Giriş!$H:$H,Bilgiler!K$3,Giriş!$C:$C,Bilgiler!$D143) -> 0 | L143: =G143+H143-I143-K143+J143 -> 78400
H144: =SUMIFS(Giriş!$J:$J,Giriş!$H:$H,Bilgiler!H$3,Giriş!$C:$C,Bilgiler!$D144) -> 0 | I144: =SUMIFS(Giriş!$J:$J,Giriş!$H:$H,Bilgiler!I$3,Giriş!$C:$C,Bilgiler!$D144) -> 0 | J144: =SUMIFS(Giriş!$J:$J,Giriş!$H:$H,Bilgiler!J$3,Giriş!$C:$C,Bilgiler!$D144) -> 0 | K144: =SUMIFS(Giriş!$J:$J,Giriş!$H:$H,Bilgiler!K$3,Giriş!$C:$C,Bilgiler!$D144) -> 0 | L144: =G144+H144-I144-K144+J144 -> 0

Sheet Giriş
B2: Tarih | C2: Ürün | D2: Stok Kodu | E2: Parti Numarası | F2: Son Kullanma Tarihi | G2: Açıklama | H2: Aksiyon | I2: Tedarikçi/Bölüm | J2: Miktar (kg) | K2: Birleştir | L2: Parti Kod | M2: Ürün | N2: Parti Numarası | O2: Son Kullanma Tarihi
B3: 45222 | C3: Poşet-25 cm Mutlukal Tortillas 260 Gr ( Rusca ) | D3: =IF(C3="","",VLOOKUP(C3,Bilgiler!D:E,2,0)) -> 150.01.295 | E3: MAT007938 | F3: 45401 | G3: Uygun | H3: Tedarikçiden Satın Alım | I3: Ege Plastik Ambalaj San.ve Tic.A.Ş. | J3: 203000 | K3: =IF(C3="","",CONCATENATE(C3,E3)) -> Poşet-25 cm Mutlukal Tortillas 260 Gr ( Rusca )MAT007938 | L3: =IF(K3="","",IFERROR(VLOOKUP(K3,$K$2:L2,2,0),MAX($L$2:L2)+1)) -> 1 | M3: =IF(K3="","",C3) -> Poşet-25 cm Mutlukal Tortillas 260 Gr ( Rusca ) | N3: =IF(K3="","",E3) -> MAT007938 | O3: =IF(K3="","",F3) -> 45401
B4: 45222 | C4: Poşet-25 cm Mutlukal Tortillas Mavi Değişken | D4: =IF(C4="","",VLOOKUP(C4,Bilgiler!D:E,2,0)) -> 150.01.307 | E4: MAT008069 | F4: 45401 | G4: Uygun | H4: Tedarikçiden Satın Alım | I4: Ege Plastik Ambalaj San.ve Tic.A.Ş. | J4: 16800 | K4: =IF(C4="","",CONCATENATE(C4,E4)) -> Poşet-25 cm Mutlukal Tortillas Mavi DeğişkenMAT008069 | L4: =IF(K4="","",IFERROR(VLOOKUP(K4,$K$2:L3,2,0),MAX($L$2:L3)+1)) -> 2 | M4: =IF(K4="","",C4) -> Poşet-25 cm Mutlukal Tortillas Mavi Değişken | N4: =IF(K4="","",E4) -> MAT008069 | O4: =IF(K4="","",F4) -> 45401
B5: 45224 | C5: Poşet-30 cm Sofias | D5: =IF(C5="","",VLOOKUP(C5,Bilgiler!D:E,2,0)) -> 150.01.277 | E5: MAT008034 | F5: 45407 | G5: Uygun | H5: Tedarikçiden Satın Alım | I5: Ege Plastik Ambalaj San.ve Tic.A.Ş. | J5: 38400 | K5: =IF(C5="","",CONCATENATE(C5,E5)) -> Poşet-30 cm SofiasMAT008034 | L5: =IF(K5="","",IFERROR(VLOOKUP(K5,$K$2:L4,2,0),MAX($L$2:L4)+1)) -> 3 | M5: =IF(K5="","",C5) -> Poşet-30 cm Sofias | N5: =IF(K5="","",E5) -> MAT008034 | O5: =IF(K5="","",F5) -> 45407
B6: 45231 | C6: Poşet-30 cm İpek | D6: =IF(C6="","",VLOOKUP(C6,Bilgiler!D:E,2,0)) -> İpek | E6: 45231 | F6: 45348 | G6: Uygun | H6: Tedarikçiden Satın Alım | I6: Gaziantepli Habeş Seyidoğlu Baklavaları ve Uluslararası Nakliyat Sanayi Ticaret Ltd.Şti. | J6: 4000 | K6: =IF(C6="","",CONCATENATE(C6,E6)) -> Poşet-30 cm İpek45231 | L6: =IF(K6="","",IFERROR(VLOOKUP(K6,$K$2:L5,2,0),MAX($L$2:L5)+1)) -> 4 | M6: =IF(K6="","",C6) -> Poşet-30 cm İpek | N6: =IF(K6="","",E6) -> 45231 | O6: =IF(K6="","",F6) -> 45348
B7: 45237 | C7: Poşet-20 cm B.sız Kilitli | D7: =IF(C7="","",VLOOKUP(C7,Bilgiler!D:E,2,0)) -> 150.01.037 | E7: MAT008070 | F7: 45472 | G7: Uygun | H7: Tedarikçiden Satın Alım | I7: Ege Plastik Ambalaj San.ve Tic.A.Ş. | J7: 104400 | K7: =IF(C7="","",CONCATENATE(C7,E7)) -> Poşet-20 cm B.sız KilitliMAT008070 | L7: =IF(K7="","",IFERROR(VLOOKUP(K7,$K$2:L6,2,0),MAX($L$2:L6)+1)) -> 5 | M7: =IF(K7="","",C7) -> Poşet-20 cm B.sız Kilitli | N7: =IF(K7="","",E7) -> MAT008070 | O7: =IF(K7="","",F7) -> 45472
B8: 45237 | C8: Poşet-25 cm Mutlukal Tortillas Mavi Değişken | D8: =IF(C8="","",VLOOKUP(C8,Bilgiler!D:E,2,0)) -> 150.01.307 | E8: MAT008069 | F8: 45473 | G8: Uygun | H8: Tedarikçiden Satın Alım | I8: Ege Plastik Ambalaj San.ve Tic.A.Ş. | J8: 65800 | K8: =IF(C8="","",CONCATENATE(C8,E8)) -> Poşet-25 cm Mutlukal Tortillas Mavi DeğişkenMAT008069 | L8: =IF(K8="","",IFERROR(VLOOKUP(K8,$K$2:L7,2,0),MAX($L$2:L7)+1)) -> 2 | M8: =IF(K8="","",C8) -> Poşet-25 cm Mutlukal Tortillas Mavi Değişken | N8: =IF(K8="","",E8) -> MAT008069 | O8: =IF(K8="","",F8) -> 45473
B9: 45237 | C9: Poşet-25 cm Mutlukal Tortillas 260 Gr ( Rusca ) | D9: =IF(C9="","",VLOOKUP(C9,Bilgiler!D:E,2,0)) -> 150.01.295 | E9: MAT007938 | F9: 45479 | G9: Uygun | H9: Tedarikçiden Satın Alım | I9: Ege Plastik Ambalaj San.ve Tic.A.Ş. | J9: 145600 | K9: =IF(C9="","",CONCATENATE(C9,E9)) -> Poşet-25 cm Mutlukal Tortillas 260 Gr ( Rusca )MAT007938 | L9: =IF(K9="","",IFERROR(VLOOKUP(K9,$K$2:L8,2,0),MAX($L$2:L8)+1)) -> 1 | M9: =IF(K9="","",C9) -> Poşet-25 cm Mutlukal Tortillas 260 Gr ( Rusca ) | N9: =IF(K9="","",E9) -> MAT007938 | O9: =IF(K9="","",F9) -> 45479
B10: 45239 | C10: Poşet-25 cm Mutlukal Tortillas 260 Gr ( Rusca ) | D10: =IF(C10="","",VLOOKUP(C10,Bilgiler!D:E,2,0)) -> 150.01.295 | E10: MAT007938 | F10: 45482 | G10: Uygun | H10: Tedarikçiden Satın Alım | I10: Ege Plastik Ambalaj San.ve Tic.A.Ş. | J10: 99400 | K10: =IF(C10="","",CONCATENATE(C10,E10)) -> Poşet-25 cm Mutlukal Tortillas 260 Gr ( Rusca )MAT007938 | L10: =IF(K10="","",IFERROR(VLOOKUP(K10,$K$2:L9,2,0),MAX($L$2:L9)+1)) -> 1 | M10: =IF(K10="","",C10) -> Poşet-25 cm Mutlukal Tortillas 260 Gr ( Rusca ) | N10: =IF(K10="","",E10) -> MAT007938 | O10: =IF(K10="","",F10) -> 45482
B11: 45240 | C11: Poşet-30 cm Mutlukal Tortillas Değişken | D11: =IF(C11="","",VLOOKUP(C11,Bilgiler!D:E,2,0)) -> 150.01.284 | E11: 20230038 | F11: 45483 | G11: Uygun | H11: Tedarikçiden Satın Alım | I11: Enpak Matbaa ve Ambalaj Sanayi ve Tic.A.Ş. ( Usd ) | J11: 68160 | K11: =IF(C11="","",CONCATENATE(C11,E11)) -> Poşet-30 cm Mutlukal Tortillas Değişken20230038 | L11: =IF(K11="","",IFERROR(VLOOKUP(K11,$K$2:L10,2,0),MAX($L$2:L10)+1)) -> 6 | M11: =IF(K11="","",C11) -> Poşet-30 cm Mutlukal Tortillas Değişken | N11: =IF(K11="","",E11) -> 20230038 | O11: =IF(K11="","",F11) -> 45483
B12: 45240 | C12: Poşet--15 cm Mutlukal Tortillas Mavi Değişken | D12: =IF(C12="","",VLOOKUP(C12,Bilgiler!D:E,2,0)) -> 150.01.305 | E12: 20230040 | F12: 45492 | G12: Uygun | H12: Tedarikçiden Satın Alım | I12: Enpak Matbaa ve Ambalaj Sanayi ve Tic.A.Ş. ( Usd ) | J12: 182945 | K12: =IF(C12="","",CONCATENATE(C12,E12)) -> Poşet--15 cm Mutlukal Tortillas Mavi Değişken20230040 | L12: =IF(K12="","",IFERROR(VLOOKUP(K12,$K$2:L11,2,0),MAX($L$2:L11)+1)) -> 7 | M12: =IF(K12="","",C12) -> Poşet--15 cm Mutlukal Tortillas Mavi Değişken | N12: =IF(K12="","",E12) -> 20230040 | O12: =IF(K12="","",F12) -> 45492
B13: 45240 | C13: Poşet-25 cm Mutlukal Tortillas Kırmızı Değişken ( Beyaz Rusya ) | D13: =IF(C13="","",VLOOKUP(C13,Bilgiler!D:E,2,0)) -> 150.01.292 | E13: 20230048 | F13: 45483 | G13: Uygun | H13: Tedarikçiden Satın Alım | I13: Enpak Matbaa ve Ambalaj Sanayi ve Tic.A.Ş. ( Usd ) | J13: 89050 | K13: =IF(C13="","",CONCATENATE(C13,E13)) -> Poşet-25 cm Mutlukal Tortillas Kırmızı Değişken ( Beyaz Rusya )20230048 | L13: =IF(K13="","",IFERROR(VLOOKUP(K13,$K$2:L12,2,0),MAX($L$2:L12)+1)) -> 8 | M13: =IF(K13="","",C13) -> Poşet-25 cm Mutlukal Tortillas Kırmızı Değişken ( Beyaz Rusya ) | N13: =IF(K13="","",E13) -> 20230048 | O13: =IF(K13="","",F13) -> 45483
B14: 45240 | C14: Poşet-25 cm Mutlukal Tortillas Tam Buğday | D14: =IF(C14="","",VLOOKUP(C14,Bilgiler!D:E,2,0)) -> 150.01.315 | E14: 20230042 | F14: 45483 | G14: Uygun | H14: Tedarikçiden Satın Alım | I14: Enpak Matbaa ve Ambalaj Sanayi ve Tic.A.Ş. ( Usd ) | J14: 86730 | K14: =IF(C14="","",CONCATENATE(C14,E14)) -> Poşet-25 cm Mutlukal Tortillas Tam Buğday20230042 | L14: =IF(K14="","",IFERROR(VLOOKUP(K14,$K$2:L13,2,0),MAX($L$2:L13)+1)) -> 9 | M14: =IF(K14="","",C14) -> Poşet-25 cm Mutlukal Tortillas Tam Buğday | N14: =IF(K14="","",E14) -> 20230042 | O14: =IF(K14="","",F14) -> 45483
B15: 45240 | C15: Poşet-25 cm B.sız Kilitli | D15: =IF(C15="","",VLOOKUP(C15,Bilgiler!D:E,2,0)) -> 150.01.044 | E15: 20230050 | F15: 45483 | G15: Uygun | H15: Tedarikçiden Satın Alım | I15: Enpak Matbaa ve Ambalaj Sanayi ve Tic.A.Ş. ( Usd ) | J15: 88400 | K15: =IF(C15="","",CONCATENATE(C15,E15)) -> Poşet-25 cm B.sız Kilitli20230050 | L15: =IF(K15="","",IFERROR(VLOOKUP(K15,$K$2:L14,2,0),MAX($L$2:L14)+1)) -> 10 | M15: =IF(K15="","",C15) -> Poşet-25 cm B.sız Kilitli | N15: =IF(K15="","",E15) -> 20230050 | O15: =IF(K15="","",F15) -> 45483
B16: 45243 | C16: Poşet-25 cm Mutlukal Tortillas 260 Gr ( Rusca ) | D16: =IF(C16="","",VLOOKUP(C16,Bilgiler!D:E,2,0)) -> 150.01.295 | E16: MAT007938 | F16: 45483 | G16: Uygun | H16: Tedarikçiden Satın Alım | I16: Ege Plastik Ambalaj San.ve Tic.A.Ş. | J16: 183400 | K16: =IF(C16="","",CONCATENATE(C16,E16)) -> Poşet-25 cm Mutlukal Tortillas 260 Gr ( Rusca )MAT007938 | L16: =IF(K16="","",IFERROR(VLOOKUP(K16,$K$2:L15,2,0),MAX($L$2:L15)+1)) -> 1 | M16: =IF(K16="","",C16) -> Poşet-25 cm Mutlukal Tortillas 260 Gr ( Rusca ) | N16: =IF(K16="","",E16) -> MAT007938 | O16: =IF(K16="","",F16) -> 45483
B17: 45246 | C17: Poşet-25 cm Mutlukal Tortillas 260 Gr ( Rusca ) | D17: =IF(C17="","",VLOOKUP(C17,Bilgiler!D:E,2,0)) -> 150.01.295 | E17: MAT007938 | F17: 45484 | G17: Uygun | H17: Tedarikçiden Satın Alım | I17: Ege Plastik Ambalaj San.ve Tic.A.Ş. | J17: 72800 | K17: =IF(C17="","",CONCATENATE(C17,E17)) -> Poşet-25 cm Mutlukal Tortillas 260 Gr ( Rusca )MAT007938 | L17: =IF(K17="","",IFERROR(VLOOKUP(K17,$K$2:L16,2,0),MAX($L$2:L16)+1)) -> 1 | M17: =IF(K17="","",C17) -> Poşet-25 cm Mutlukal Tortillas 260 Gr ( Rusca ) | N17: =IF(K17="","",E17) -> MAT007938 | O17: =IF(K17="","",F17) -> 45484
B18: 45250 | C18: Poşet-25 cm Mutlukal Tortillas 260 Gr ( Rusca ) | D18: =IF(C18="","",VLOOKUP(C18,Bilgiler!D:E,2,0)) -> 150.01.295 | E18: MAT007938 | F18: 45491 | G18: Uygun | H18: Tedarikçiden Satın Alım | I18: Ege Plastik Ambalaj San.ve Tic.A.Ş. | J18: 214200 | K18: =IF(C18="","",CONCATENATE(C18,E18)) -> Poşet-25 cm Mutlukal Tortillas 260 Gr ( Rusca )MAT007938 | L18: =IF(K18="","",IFERROR(VLOOKUP(K18,$K$2:L17,2,0),MAX($L$2:L17)+1)) -> 1 | M18: =IF(K18="","",C18) -> Poşet-25 cm Mutlukal Tortillas 260 Gr ( Rusca ) | N18: =IF(K18="","",E18) -> MAT007938 | O18: =IF(K18="","",F18) -> 45491
B19: 45250 | C19: Poşet-25 cm Tortillove Değişken | D19: =IF(C19="","",VLOOKUP(C19,Bilgiler!D:E,2,0)) -> 150.01.148 | E19: MAT008095 | F19: 45491 | G19: Uygun | H19: Tedarikçiden Satın Alım | I19: Ege Plastik Ambalaj San.ve Tic.A.Ş. | J19: 21000 | K19: =IF(C19="","",CONCATENATE(C19,E19)) -> Poşet-25 cm Tortillove DeğişkenMAT008095 | L19: =IF(K19="","",IFERROR(VLOOKUP(K19,$K$2:L18,2,0),MAX($L$2:L18)+1)) -> 11 | M19: =IF(K19="","",C19) -> Poşet-25 cm Tortillove Değişken | N19: =IF(K19="","",E19) -> MAT008095 | O19: =IF(K19="","",F19) -> 45491
B20: 45252 | C20: Poşet-25 cm Tortillove Değişken | D20: =IF(C20="","",VLOOKUP(C20,Bilgiler!D:E,2,0)) -> 150.01.148 | E20: MAT008095 | F20: 45493 | G20: Uygun | H20: Tedarikçiden Satın Alım | I20: Ege Plastik Ambalaj San.ve Tic.A.Ş. | J20: 58800 | K20: =IF(C20="","",CONCATENATE(C20,E20)) -> Poşet-25 cm Tortillove DeğişkenMAT008095 | L20: =IF(K20="","",IFERROR(VLOOKUP(K20,$K$2:L19,2,0),MAX($L$2:L19)+1)) -> 11 | M20: =IF(K20="","",C20) -> Poşet-25 cm Tortillove Değişken | N20: =IF(K20="","",E20) -> MAT008095 | O20: =IF(K20="","",F20) -> 45493
B21: 45252 | C21: Poşet-25 cm Mutlukal Tortillas 260 Gr ( Rusca ) | D21: =IF(C21="","",VLOOKUP(C21,Bilgiler!D:E,2,0)) -> 150.01.295 | E21: MAT007938 | F21: 45494 | G21: Uygun | H21: Tedarikçiden Satın Alım | I21: Ege Plastik Ambalaj San.ve Tic.A.Ş. | J21: 117600 | K21: =IF(C21="","",CONCATENATE(C21,E21)) -> Poşet-25 cm Mutlukal Tortillas 260 Gr ( Rusca )MAT007938 | L21: =IF(K21="","",IFERROR(VLOOKUP(K21,$K$2:L20,2,0),MAX($L$2:L20)+1)) -> 1 | M21: =IF(K21="","",C21) -> Poşet-25 cm Mutlukal Tortillas 260 Gr ( Rusca ) | N21: =IF(K21="","",E21) -> MAT007938 | O21: =IF(K21="","",F21) -> 45494
B22: 45258 | C22: Poşet-25 cm Mutlukal Tortillas 260 Gr ( Rusca ) | D22: =IF(C22="","",VLOOKUP(C22,Bilgiler!D:E,2,0)) -> 150.01.295 | E22: MAT007938 | F22: 45498 | G22: Uygun | H22: Tedarikçiden Satın Alım | I22: Ege Plastik Ambalaj San.ve Tic.A.Ş. | J22: 336400 | K22: =IF(C22="","",CONCATENATE(C22,E22)) -> Poşet-25 cm Mutlukal Tortillas 260 Gr ( Rusca )MAT007938 | L22: =IF(K22="","",IFERROR(VLOOKUP(K22,$K$2:L21,2,0),MAX($L$2:L21)+1)) -> 1 | M22: =IF(K22="","",C22) -> Poşet-25 cm Mutlukal Tortillas 260 Gr ( Rusca ) | N22: =IF(K22="","",E22) -> MAT007938 | O22: =IF(K22="","",F22) -> 45498
B23: 45258 | C23: Poşet-25 cm Wıllı Food 840 gr | D23: =IF(C23="","",VLOOKUP(C23,Bilgiler!D:E,2,0)) -> 150.01.062 | E23: MAT008124 | F23: 45498 | G23: Uygun | H23: Tedarikçiden Satın Alım | I23: Ege Plastik Ambalaj San.ve Tic.A.Ş. | J23: 77300 | K23: =IF(C23="","",CONCATENATE(C23,E23)) -> Poşet-25 cm Wıllı Food 840 grMAT008124 | L23: =IF(K23="","",IFERROR(VLOOKUP(K23,$K$2:L22,2,0),MAX($L$2:L22)+1)) -> 12 | M23: =IF(K23="","",C23) -> Poşet-25 cm Wıllı Food 840 gr | N23: =IF(K23="","",E23) -> MAT008124 | O23: =IF(K23="","",F23) -> 45498
B24: 45258 | C24: Poşet-20 cm Wıllı Food 540 gr | D24: =IF(C24="","",VLOOKUP(C24,Bilgiler!D:E,2,0)) -> 150.01.041 | E24: MAT008123 | F24: 45500 | G24: Uygun | H24: Tedarikçiden Satın Alım | I24: Ege Plastik Ambalaj San.ve Tic.A.Ş. | J24: 54000 | K24: =IF(C24="","",CONCATENATE(C24,E24)) -> Poşet-20 cm Wıllı Food 540 grMAT008123 | L24: =IF(K24="","",IFERROR(VLOOKUP(K24,$K$2:L23,2,0),MAX($L$2:L23)+1)) -> 13 | M24: =IF(K24="","",C24) -> Poşet-20 cm Wıllı Food 540 gr | N24: =IF(K24="","",E24) -> MAT008123 | O24: =IF(K24="","",F24) -> 45500
B25: 45259 | C25: Poşet-25 cm Nimet (Lam.Baskılı Zıp.Vakum ) | D25: =IF(C25="","",VLOOKUP(C25,Bilgiler!D:E,2,0)) -> 150.01.055 | E25: 20230043 | F25: 45641 | G25: Uygun | H25: Tedarikçiden Satın Alım | I25: Enpak Matbaa ve Ambalaj Sanayi ve Tic.A.Ş. ( Usd ) | J25: 249900 | K25: =IF(C25="","",CONCATENATE(C25,E25)) -> Poşet-25 cm Nimet (Lam.Baskılı Zıp.Vakum )20230043 | L25: =IF(K25="","",IFERROR(VLOOKUP(K25,$K$2:L24,2,0),MAX($L$2:L24)+1)) -> 14 | M25: =IF(K25="","",C25) -> Poşet-25 cm Nimet (Lam.Baskılı Zıp.Vakum ) | N25: =IF(K25="","",E25) -> 20230043 | O25: =IF(K25="","",F25) -> 45641
B26: 45259 | C26: Poşet--20 cm Mutlukal Tortillas Mavi Değişken | D26: =IF(C26="","",VLOOKUP(C26,Bilgiler!D:E,2,0)) -> 150.01.306 | E26: 20230046 | F26: 45646 | G26: Uygun | H26: Tedarikçiden Satın Alım | I26: Enpak Matbaa ve Ambalaj Sanayi ve Tic.A.Ş. ( Usd ) | J26: 158720 | K26: =IF(C26="","",CONCATENATE(C26,E26)) -> Poşet--20 cm Mutlukal Tortillas Mavi Değişken20230046 | L26: =IF(K26="","",IFERROR(VLOOKUP(K26,$K$2:L25,2,0),MAX($L$2:L25)+1)) -> 15 | M26: =IF(K26="","",C26) -> Poşet--20 cm Mutlukal Tortillas Mavi Değişken | N26: =IF(K26="","",E26) -> 20230046 | O26: =IF(K26="","",F26) -> 45646
B27: 45259 | C27: Poşet-30 cm B.sız Kilitli | D27: =IF(C27="","",VLOOKUP(C27,Bilgiler!D:E,2,0)) -> 150.01.064 | E27: 20230049 | F27: 45641 | G27: Uygun | H27: Tedarikçiden Satın Alım | I27: Enpak Matbaa ve Ambalaj Sanayi ve Tic.A.Ş. ( Usd ) | J27: 66530 | K27: =IF(C27="","",CONCATENATE(C27,E27)) -> Poşet-30 cm B.sız Kilitli20230049 | L27: =IF(K27="","",IFERROR(VLOOKUP(K27,$K$2:L26,2,0),MAX($L$2:L26)+1)) -> 16 | M27: =IF(K27="","",C27) -> Poşet-30 cm B.sız Kilitli | N27: =IF(K27="","",E27) -> 20230049 | O27: =IF(K27="","",F27) -> 45641
B28: 45261 | C28: Poşet-25 cm Mutlukal Tortillas 260 Gr ( Rusca ) | D28: =IF(C28="","",VLOOKUP(C28,Bilgiler!D:E,2,0)) -> 150.01.295 | E28: MAT007938 | F28: 45653 | G28: Uygun | H28: Tedarikçiden Satın Alım | I28: Ege Plastik Ambalaj San.ve Tic.A.Ş. | J28: 196000 | K28: =IF(C28="","",CONCATENATE(C28,E28)) -> Poşet-25 cm Mutlukal Tortillas 260 Gr ( Rusca )MAT007938 | L28: =IF(K28="","",IFERROR(VLOOKUP(K28,$K$2:L27,2,0),MAX($L$2:L27)+1)) -> 1 | M28: =IF(K28="","",C28) -> Poşet-25 cm Mutlukal Tortillas 260 Gr ( Rusca ) | N28: =IF(K28="","",E28) -> MAT007938 | O28: =IF(K28="","",F28) -> 45653
B29: 45261 | C29: Poşet-20 cm Wıllı Food 540 gr | D29: =IF(C29="","",VLOOKUP(C29,Bilgiler!D:E,2,0)) -> 150.01.041 | E29: MAT008123 | F29: 45653 | G29: Uygun | H29: Tedarikçiden Satın Alım | I29: Ege Plastik Ambalaj San.ve Tic.A.Ş. | J29: 50400 | K29: =IF(C29="","",CONCATENATE(C29,E29)) -> Poşet-20 cm Wıllı Food 540 grMAT008123 | L29: =IF(K29="","",IFERROR(VLOOKUP(K29,$K$2:L28,2,0),MAX($L$2:L28)+1)) -> 13 | M29: =IF(K29="","",C29) -> Poşet-20 cm Wıllı Food 540 gr | N29: =IF(K29="","",E29) -> MAT008123 | O29: =IF(K29="","",F29) -> 45653
B30: 45262 | C30: Poşet-25 cm Mutlukal Tortillas 260 Gr ( Rusca ) | D30: =IF(C30="","",VLOOKUP(C30,Bilgiler!D:E,2,0)) -> 150.01.295 | E30: MAT007938 | F30: 45656 | G30: Uygun | H30: Tedarikçiden Satın Alım | I30: Ege Plastik Ambalaj San.ve Tic.A.Ş. | J30: 117600 | K30: =IF(C30="","",CONCATENATE(C30,E30)) -> Poşet-25 cm Mutlukal Tortillas 260 Gr ( Rusca )MAT007938 | L30: =IF(K30="","",IFERROR(VLOOKUP(K30,$K$2:L29,2,0),MAX($L$2:L29)+1)) -> 1 | M30: =IF(K30="","",C30) -> Poşet-25 cm Mutlukal Tortillas 260 Gr ( Rusca ) | N30: =IF(K30="","",E30) -> MAT007938 | O30: =IF(K30="","",F30) -> 45656
B31: 45267 | C31: Poşet-25 cm Mutlukal Tortillas 260 Gr ( Rusca ) | D31: =IF(C31="","",VLOOKUP(C31,Bilgiler!D:E,2,0)) -> 150.01.295 | E31: MAT007938 | F31: 45632 | G31: Uygun | H31: Tedarikçiden Satın Alım | I31: Ege Plastik Ambalaj San.ve Tic.A.Ş. | J31: 93800 | K31: =IF(C31="","",CONCATENATE(C31,E31)) -> Poşet-25 cm Mutlukal Tortillas 260 Gr ( Rusca )MAT007938 | L31: =IF(K31="","",IFERROR(VLOOKUP(K31,$K$2:L30,2,0),MAX($L$2:L30)+1)) -> 1 | M31: =IF(K31="","",C31) -> Poşet-25 cm Mutlukal Tortillas 260 Gr ( Rusca ) | N31: =IF(K31="","",E31) -> MAT007938 | O31: =IF(K31="","",F31) -> 45632
B32: 45267 | C32: Poşet-25 cm Gazelle Gurme | D32: =IF(C32="","",VLOOKUP(C32,Bilgiler!D:E,2,0)) -> 150.01.342 | E32: MAT008153 | F32: 45632 | G32: Uygun | H32: Tedarikçiden Satın Alım | I32: Ege Plastik Ambalaj San.ve Tic.A.Ş. | J32: 82600 | K32: =IF(C32="","",CONCATENATE(C32,E32)) -> Poşet-25 cm Gazelle GurmeMAT008153 | L32: =IF(K32="","",IFERROR(VLOOKUP(K32,$K$2:L31,2,0),MAX($L$2:L31)+1)) -> 17 | M32: =IF(K32="","",C32) -> Poşet-25 cm Gazelle Gurme | N32: =IF(K32="","",E32) -> MAT008153 | O32: =IF(K32="","",F32) -> 45632
B33: 45276 | C33: Poşet-25 cm Mutlukal Tortillas 260 Gr ( Rusca ) | D33: =IF(C33="","",VLOOKUP(C33,Bilgiler!D:E,2,0)) -> 150.01.295 | E33: MAT007938 | F33: 45632 | G33: Uygun | H33: Tedarikçiden Satın Alım | I33: Ege Plastik Ambalaj San.ve Tic.A.Ş. | J33: 92400 | K33: =IF(C33="","",CONCATENATE(C33,E33)) -> Poşet-25 cm Mutlukal Tortillas 260 Gr ( Rusca )MAT007938 | L33: =IF(K33="","",IFERROR(VLOOKUP(K33,$K$2:L32,2,0),MAX($L$2:L32)+1)) -> 1 | M33: =IF(K33="","",C33) -> Poşet-25 cm Mutlukal Tortillas 260 Gr ( Rusca ) | N33: =IF(K33="","",E33) -> MAT007938 | O33: =IF(K33="","",F33) -> 45632
B34: 45278 | C34: Poşet-26 cm Unebella | D34: =IF(C34="","",VLOOKUP(C34,Bilgiler!D:E,2,0)) -> 150.01.216 | E34: MAT000712 | F34: 45443 | G34: Uygun | H34: Tedarikçiden Satın Alım | I34: Uneli Gıda İnşaat Loj.Turizm San.ve Tic.Ltd.Şti. | J34: 39200 | K34: =IF(C34="","",CONCATENATE(C34,E34)) -> Poşet-26 cm UnebellaMAT000712 | L34: =IF(K34="","",IFERROR(VLOOKUP(K34,$K$2:L33,2,0),MAX($L$2:L33)+1)) -> 18 | M34: =IF(K34="","",C34) -> Poşet-26 cm Unebella | N34: =IF(K34="","",E34) -> MAT000712 | O34: =IF(K34="","",F34) -> 45443
B35: 45281 | C35: Poşet-30 cm Tortillove Değişken | D35: =IF(C35="","",VLOOKUP(C35,Bilgiler!D:E,2,0)) -> 150.01.163 | E35: MAT008141 | F35: 45647 | G35: Uygun | H35: Tedarikçiden Satın Alım | I35: Ege Plastik Ambalaj San.ve Tic.A.Ş. | J35: =37*1200+10*1200 -> 56400 | K35: =IF(C35="","",CONCATENATE(C35,E35)) -> Poşet-30 cm Tortillove DeğişkenMAT008141 | L35: =IF(K35="","",IFERROR(VLOOKUP(K35,$K$2:L34,2,0),MAX($L$2:L34)+1)) -> 19 | M35: =IF(K35="","",C35) -> Poşet-30 cm Tortillove Değişken | N35: =IF(K35="","",E35) -> MAT008141 | O35: =IF(K35="","",F35) -> 45647
B36: 45281 | C36: Poşet-15 cm Komagene Tako Lavaşı | D36: =IF(C36="","",VLOOKUP(C36,Bilgiler!D:E,2,0)) -> 150.01.291 | E36: MAT008140 | F36: 45645 | G36: Uygun | H36: Tedarikçiden Satın Alım | I36: Ege Plastik Ambalaj San.ve Tic.A.Ş. | J36: =74*2000 -> 148000 | K36: =IF(C36="","",CONCATENATE(C36,E36)) -> Poşet-15 cm Komagene Tako LavaşıMAT008140 | L36: =IF(K36="","",IFERROR(VLOOKUP(K36,$K$2:L35,2,0),MAX($L$2:L35)+1)) -> 20 | M36: =IF(K36="","",C36) -> Poşet-15 cm Komagene Tako Lavaşı | N36: =IF(K36="","",E36) -> MAT008140 | O36: =IF(K36="","",F36) -> 45645
B37: 45281 | C37: Poşet-25 cm Nimet (Lam.Baskılı Zıp.Vakum ) | D37: =IF(C37="","",VLOOKUP(C37,Bilgiler!D:E,2,0)) -> 150.01.055 | E37: 20230057 | F37: 45632 | G37: Uygun | H37: Tedarikçiden Satın Alım | I37: Enpak Matbaa ve Ambalaj Sanayi ve Tic.A.Ş. ( Usd ) | J37: 191510 | K37: =IF(C37="","",CONCATENATE(C37,E37)) -> Poşet-25 cm Nimet (Lam.Baskılı Zıp.Vakum )20230057 | L37: =IF(K37="","",IFERROR(VLOOKUP(K37,$K$2:L36,2,0),MAX($L$2:L36)+1)) -> 21 | M37: =IF(K37="","",C37) -> Poşet-25 cm Nimet (Lam.Baskılı Zıp.Vakum ) | N37: =IF(K37="","",E37) -> 20230057 | O37: =IF(K37="","",F37) -> 45632
B38: 45281 | C38: Poşet--15 cm Mutlukal Tortillas Mavi Değişken | D38: =IF(C38="","",VLOOKUP(C38,Bilgiler!D:E,2,0)) -> 150.01.305 | E38: 20230047 | F38: 45632 | G38: Uygun | H38: Tedarikçiden Satın Alım | I38: Enpak Matbaa ve Ambalaj Sanayi ve Tic.A.Ş. ( Usd ) | J38: 176785 | K38: =IF(C38="","",CONCATENATE(C38,E38)) -> Poşet--15 cm Mutlukal Tortillas Mavi Değişken20230047 | L38: =IF(K38="","",IFERROR(VLOOKUP(K38,$K$2:L37,2,0),MAX($L$2:L37)+1)) -> 22 | M38: =IF(K38="","",C38) -> Poşet--15 cm Mutlukal Tortillas Mavi Değişken | N38: =IF(K38="","",E38) -> 20230047 | O38: =IF(K38="","",F38) -> 45632
B39: 45281 | C39: Poşet-30 cm Tortillas Ispanaklı | D39: =IF(C39="","",VLOOKUP(C39,Bilgiler!D:E,2,0)) -> 150.01.343 | E39: 20230051 | F39: 45643 | G39: Uygun | H39: Tedarikçiden Satın Alım | I39: Enpak Matbaa ve Ambalaj Sanayi ve Tic.A.Ş. ( Usd ) | J39: 13200 | K39: =IF(C39="","",CONCATENATE(C39,E39)) -> Poşet-30 cm Tortillas Ispanaklı20230051 | L39: =IF(K39="","",IFERROR(VLOOKUP(K39,$K$2:L38,2,0),MAX($L$2:L38)+1)) -> 23 | M39: =IF(K39="","",C39) -> Poşet-30 cm Tortillas Ispanaklı | N39: =IF(K39="","",E39) -> 20230051 | O39: =IF(K39="","",F39) -> 45643
B40: 45281 | C40: Poşet-30 cm Tortillas Domatesli | D40: =IF(C40="","",VLOOKUP(C40,Bilgiler!D:E,2,0)) -> 150.01.344 | E40: 20230054 | F40: 45644 | G40: Uygun | H40: Tedarikçiden Satın Alım | I40: Enpak Matbaa ve Ambalaj Sanayi ve Tic.A.Ş. ( Usd ) | J40: 62580 | K40: =IF(C40="","",CONCATENATE(C40,E40)) -> Poşet-30 cm Tortillas Domatesli20230054 | L40: =IF(K40="","",IFERROR(VLOOKUP(K40,$K$2:L39,2,0),MAX($L$2:L39)+1)) -> 24 | M40: =IF(K40="","",C40) -> Poşet-30 cm Tortillas Domatesli | N40: =IF(K40="","",E40) -> 20230054 | O40: =IF(K40="","",F40) -> 45644
B41: 45281 | C41: Poşet-30 cm Tortillas Kırmızı Sade | D41: =IF(C41="","",VLOOKUP(C41,Bilgiler!D:E,2,0)) -> 150.01.345 | E41: 20230053 | F41: 45640 | G41: Uygun | H41: Tedarikçiden Satın Alım | I41: Enpak Matbaa ve Ambalaj Sanayi ve Tic.A.Ş. ( Usd ) | J41: 65485 | K41: =IF(C41="","",CONCATENATE(C41,E41)) -> Poşet-30 cm Tortillas Kırmızı Sade20230053 | L41: =IF(K41="","",IFERROR(VLOOKUP(K41,$K$2:L40,2,0),MAX($L$2:L40)+1)) -> 25 | M41: =IF(K41="","",C41) -> Poşet-30 cm Tortillas Kırmızı Sade | N41: =IF(K41="","",E41) -> 20230053 | O41: =IF(K41="","",F41) -> 45640
B42: 45281 | C42: Poşet-30 cm Tortillas Tam Buğdaylı | D42: =IF(C42="","",VLOOKUP(C42,Bilgiler!D:E,2,0)) -> 150.01.346 | E42: 20230052 | F42: 45639 | G42: Uygun | H42: Tedarikçiden Satın Alım | I42: Enpak Matbaa ve Ambalaj Sanayi ve Tic.A.Ş. ( Usd ) | J42: 67377 | K42: =IF(C42="","",CONCATENATE(C42,E42)) -> Poşet-30 cm Tortillas Tam Buğdaylı20230052 | L42: =IF(K42="","",IFERROR(VLOOKUP(K42,$K$2:L41,2,0),MAX($L$2:L41)+1)) -> 26 | M42: =IF(K42="","",C42) -> Poşet-30 cm Tortillas Tam Buğdaylı | N42: =IF(K42="","",E42) -> 20230052 | O42: =IF(K42="","",F42) -> 45639
B43: 45283 | C43: Poşet-25 cm Mutlukal Tortillas 260 Gr ( Rusca ) | D43: =IF(C43="","",VLOOKUP(C43,Bilgiler!D:E,2,0)) -> 150.01.295 | E43: MAT007938 | F43: 45464 | G43: Uygun | H43: Tedarikçiden Satın Alım | I43: Ege Plastik Ambalaj San.ve Tic.A.Ş. | J43: 203000 | K43: =IF(C43="","",CONCATENATE(C43,E43)) -> Poşet-25 cm Mutlukal Tortillas 260 Gr ( Rusca )MAT007938 | L43: =IF(K43="","",IFERROR(VLOOKUP(K43,$K$2:L42,2,0),MAX($L$2:L42)+1)) -> 1 | M43: =IF(K43="","",C43) -> Poşet-25 cm Mutlukal Tortillas 260 Gr ( Rusca ) | N43: =IF(K43="","",E43) -> MAT007938 | O43: =IF(K43="","",F43) -> 45464
B44: 45290 | C44: Poşet-25 cm Mutlukal Tortillas 260 Gr ( Rusca ) | D44: =IF(C44="","",VLOOKUP(C44,Bilgiler!D:E,2,0)) -> 150.01.295 | E44: MAT007938 | F44: 45471 | G44: Uygun | H44: Tedarikçiden Satın Alım | I44: Ege Plastik Ambalaj San.ve Tic.A.Ş. | J44: 253400 | K44: =IF(C44="","",CONCATENATE(C44,E44)) -> Poşet-25 cm Mutlukal Tortillas 260 Gr ( Rusca )MAT007938 | L44: =IF(K44="","",IFERROR(VLOOKUP(K44,$K$2:L43,2,0),MAX($L$2:L43)+1)) -> 1 | M44: =IF(K44="","",C44) -> Poşet-25 cm Mutlukal Tortillas 260 Gr ( Rusca ) | N44: =IF(K44="","",E44) -> MAT007938 | O44: =IF(K44="","",F44) -> 45471
B45: 45296 | C45: Poşet-30 cm Tortillas Ispanaklı | D45: =IF(C45="","",VLOOKUP(C45,Bilgiler!D:E,2,0)) -> 150.01.343 | E45: 20230051 | F45: 45646 | G45: Uygun | H45: Tedarikçiden Satın Alım | I45: Enpak Matbaa ve Ambalaj Sanayi ve Tic.A.Ş. ( Usd ) | J45: 51845 | K45: =IF(C45="","",CONCATENATE(C45,E45)) -> Poşet-30 cm Tortillas Ispanaklı20230051 | L45: =IF(K45="","",IFERROR(VLOOKUP(K45,$K$2:L44,2,0),MAX($L$2:L44)+1)) -> 23 | M45: =IF(K45="","",C45) -> Poşet-30 cm Tortillas Ispanaklı | N45: =IF(K45="","",E45) -> 20230051 | O45: =IF(K45="","",F45) -> 45646
B46: 45297 | C46: Poşet-30 cm Sofias | D46: =IF(C46="","",VLOOKUP(C46,Bilgiler!D:E,2,0)) -> 150.01.277 | E46: MAT008192 | F46: 45476 | G46: Uygun | H46: Tedarikçiden Satın Alım | I46: Ege Plastik Ambalaj San.ve Tic.A.Ş. | J46: 60400 | K46: =IF(C46="","",CONCATENATE(C46,E46)) -> Poşet-30 cm SofiasMAT008192 | L46: =IF(K46="","",IFERROR(VLOOKUP(K46,$K$2:L45,2,0),MAX($L$2:L45)+1)) -> 27 | M46: =IF(K46="","",C46) -> Poşet-30 cm Sofias | N46: =IF(K46="","",E46) -> MAT008192 | O46: =IF(K46="","",F46) -> 45476
B47: 45297 | C47: Poşet-25 cm Alkafeel | D47: =IF(C47="","",VLOOKUP(C47,Bilgiler!D:E,2,0)) -> 150.01.184 | E47: MAT008191 | F47: 45477 | G47: Uygun | H47: Tedarikçiden Satın Alım | I47: Ege Plastik Ambalaj San.ve Tic.A.Ş. | J47: 78400 | K47: =IF(C47="","",CONCATENATE(C47,E47)) -> Poşet-25 cm AlkafeelMAT008191 | L47: =IF(K47="","",IFERROR(VLOOKUP(K47,$K$2:L46,2,0),MAX($L$2:L46)+1)) -> 28 | M47: =IF(K47="","",C47) -> Poşet-25 cm Alkafeel | N47: =IF(K47="","",E47) -> MAT008191 | O47: =IF(K47="","",F47) -> 45477
B48: 45301 | C48: Poşet-25 cm Mutlukal Tortillas 260 Gr ( Rusca ) | D48: =IF(C48="","",VLOOKUP(C48,Bilgiler!D:E,2,0)) -> 150.01.295 | E48: MAT007938 | F48: 45481 | G48: Uygun | H48: Tedarikçiden Satın Alım | I48: Ege Plastik Ambalaj San.ve Tic.A.Ş. | J48: 179200 | K48: =IF(C48="","",CONCATENATE(C48,E48)) -> Poşet-25 cm Mutlukal Tortillas 260 Gr ( Rusca )MAT007938 | L48: =IF(K48="","",IFERROR(VLOOKUP(K48,$K$2:L47,2,0),MAX($L$2:L47)+1)) -> 1 | M48: =IF(K48="","",C48) -> Poşet-25 cm Mutlukal Tortillas 260 Gr ( Rusca ) | N48: =IF(K48="","",E48) -> MAT007938 | O48: =IF(K48="","",F48) -> 45481
B49: 45303 | C49: Poşet-25 cm Mutlukal Tortillas 260 Gr ( Rusca ) | D49: =IF(C49="","",VLOOKUP(C49,Bilgiler!D:E,2,0)) -> 150.01.295 | E49: MAT007938 | F49: 45483 | G49: Uygun | H49: Tedarikçiden Satın Alım | I49: Ege Plastik Ambalaj San.ve Tic.A.Ş. | J49: 217000 | K49: =IF(C49="","",CONCATENATE(C49,E49)) -> Poşet-25 cm Mutlukal Tortillas 260 Gr ( Rusca )MAT007938 | L49: =IF(K49="","",IFERROR(VLOOKUP(K49,$K$2:L48,2,0),MAX($L$2:L48)+1)) -> 1 | M49: =IF(K49="","",C49) -> Poşet-25 cm Mutlukal Tortillas 260 Gr ( Rusca ) | N49: =IF(K49="","",E49) -> MAT007938 | O49: =IF(K49="","",F49) -> 45483
B50: 45303 | C50: Poşet-30 cm Happylla Değişken | D50: =IF(C50="","",VLOOKUP(C50,Bilgiler!D:E,2,0)) -> 150.01.068 | E50: MAT008193 | F50: 45484 | G50: Uygun | H50: Tedarikçiden Satın Alım | I50: Ege Plastik Ambalaj San.ve Tic.A.Ş. | J50: 50400 | K50: =IF(C50="","",CONCATENATE(C50,E50)) -> Poşet-30 cm Happylla DeğişkenMAT008193 | L50: =IF(K50="","",IFERROR(VLOOKUP(K50,$K$2:L49,2,0),MAX($L$2:L49)+1)) -> 29 | M50: =IF(K50="","",C50) -> Poşet-30 cm Happylla Değişken | N50: =IF(K50="","",E50) -> MAT008193 | O50: =IF(K50="","",F50) -> 45484
B51: 45304 | C51: Poşet-30 cm Mutlukal Tortillas Değişken | D51: =IF(C51="","",VLOOKUP(C51,Bilgiler!D:E,2,0)) -> 150.01.284 | E51: 2023-M0612 | F51: 45653 | G51: Uygun | H51: Tedarikçiden Satın Alım | I51: ARTSAN | J51: 56400 | K51: =IF(C51="","",CONCATENATE(C51,E51)) -> Poşet-30 cm Mutlukal Tortillas Değişken2023-M0612 | L51: =IF(K51="","",IFERROR(VLOOKUP(K51,$K$2:L50,2,0),MAX($L$2:L50)+1)) -> 30 | M51: =IF(K51="","",C51) -> Poşet-30 cm Mutlukal Tortillas Değişken | N51: =IF(K51="","",E51) -> 2023-M0612 | O51: =IF(K51="","",F51) -> 45653
B52: 45304 | C52: Poşet-15 cm Mutlukal Taco | D52: =IF(C52="","",VLOOKUP(C52,Bilgiler!D:E,2,0)) -> 150.01.301 | E52: 2023-M0612 | F52: 45655 | G52: Uygun | H52: Tedarikçiden Satın Alım | I52: ARTSAN | J52: 104000 | K52: =IF(C52="","",CONCATENATE(C52,E52)) -> Poşet-15 cm Mutlukal Taco2023-M0612 | L52: =IF(K52="","",IFERROR(VLOOKUP(K52,$K$2:L51,2,0),MAX($L$2:L51)+1)) -> 31 | M52: =IF(K52="","",C52) -> Poşet-15 cm Mutlukal Taco | N52: =IF(K52="","",E52) -> 2023-M0612 | O52: =IF(K52="","",F52) -> 45655
B53: 45304 | C53: Poşet--15 cm Mutlukal Tortillas Mavi Değişken | D53: =IF(C53="","",VLOOKUP(C53,Bilgiler!D:E,2,0)) -> 150.01.305 | E53: 2023-M0612 | F53: 45654 | G53: Uygun | H53: Tedarikçiden Satın Alım | I53: ARTSAN | J53: 157500 | K53: =IF(C53="","",CONCATENATE(C53,E53)) -> Poşet--15 cm Mutlukal Tortillas Mavi Değişken2023-M0612 | L53: =IF(K53="","",IFERROR(VLOOKUP(K53,$K$2:L52,2,0),MAX($L$2:L52)+1)) -> 32 | M53: =IF(K53="","",C53) -> Poşet--15 cm Mutlukal Tortillas Mavi Değişken | N53: =IF(K53="","",E53) -> 2023-M0612 | O53: =IF(K53="","",F53) -> 45654
B54: 45304 | C54: Poşet-25 cm Mutlukal Tortillas 260 Gr ( Rusca ) | D54: =IF(C54="","",VLOOKUP(C54,Bilgiler!D:E,2,0)) -> 150.01.295 | E54: 2023-M0612 | F54: 45635 | G54: Uygun | H54: Tedarikçiden Satın Alım | I54: ARTSAN | J54: 144000 | K54: =IF(C54="","",CONCATENATE(C54,E54)) -> Poşet-25 cm Mutlukal Tortillas 260 Gr ( Rusca )2023-M0612 | L54: =IF(K54="","",IFERROR(VLOOKUP(K54,$K$2:L53,2,0),MAX($L$2:L53)+1)) -> 33 | M54: =IF(K54="","",C54) -> Poşet-25 cm Mutlukal Tortillas 260 Gr ( Rusca ) | N54: =IF(K54="","",E54) -> 2023-M0612 | O54: =IF(K54="","",F54) -> 45635
B55: 45309 | C55: Poşet-25 cm Mutlukal Tortillas 260 Gr ( Rusca ) | D55: =IF(C55="","",VLOOKUP(C55,Bilgiler!D:E,2,0)) -> 150.01.295 | E55: MAT007938 | F55: 45456 | G55: Uygun | H55: Tedarikçiden Satın Alım | I55: Ege Plastik Ambalaj San.ve Tic.A.Ş. | J55: 235200 | K55: =IF(C55="","",CONCATENATE(C55,E55)) -> Poşet-25 cm Mutlukal Tortillas 260 Gr ( Rusca )MAT007938 | L55: =IF(K55="","",IFERROR(VLOOKUP(K55,$K$2:L54,2,0),MAX($L$2:L54)+1)) -> 1 | M55: =IF(K55="","",C55) -> Poşet-25 cm Mutlukal Tortillas 260 Gr ( Rusca ) | N55: =IF(K55="","",E55) -> MAT007938 | O55: =IF(K55="","",F55) -> 45456
B56: 45310 | C56: Poşet-25 cm Mutlukal Tortillas 260 Gr ( Rusca ) | D56: =IF(C56="","",VLOOKUP(C56,Bilgiler!D:E,2,0)) -> 150.01.295 | E56: 2023M0612 | F56: 45551 | G56: Uygun | H56: Tedarikçiden Satın Alım | I56: ARTSAN | J56: 216000 | K56: =IF(C56="","",CONCATENATE(C56,E56)) -> Poşet-25 cm Mutlukal Tortillas 260 Gr ( Rusca )2023M0612 | L56: =IF(K56="","",IFERROR(VLOOKUP(K56,$K$2:L55,2,0),MAX($L$2:L55)+1)) -> 34 | M56: =IF(K56="","",C56) -> Poşet-25 cm Mutlukal Tortillas 260 Gr ( Rusca ) | N56: =IF(K56="","",E56) -> 2023M0612 | O56: =IF(K56="","",F56) -> 45551
B57: 45310 | C57: Poşet-15 cm Mutlukal Taco | D57: =IF(C57="","",VLOOKUP(C57,Bilgiler!D:E,2,0)) -> 150.01.301 | E57: 2023M3312 | F57: 45565 | G57: Uygun | H57: Tedarikçiden Satın Alım | I57: ARTSAN | J57: 54600 | K57: =IF(C57="","",CONCATENATE(C57,E57)) -> Poşet-15 cm Mutlukal Taco2023M3312 | L57: =IF(K57="","",IFERROR(VLOOKUP(K57,$K$2:L56,2,0),MAX($L$2:L56)+1)) -> 35 | M57: =IF(K57="","",C57) -> Poşet-15 cm Mutlukal Taco | N57: =IF(K57="","",E57) -> 2023M3312 | O57: =IF(K57="","",F57) -> 45565
... B59: 45316 | C59: Poşet-25 cm Tortillove Değişken | D59: =IF(C59="","",VLOOKUP(C59,Bilgiler!D:E,2,0)) -> 150.01.148 | E59: MAT008236 | F59: 45496 | G59: Uygun | H59: Tedarikçiden Satın Alım | I59: Ege Plastik Ambalaj San.ve Tic.A.Ş. | J59: 79800 | K59: =IF(C59="","",CONCATENATE(C59,E59)) -> Poşet-25 cm Tortillove DeğişkenMAT008236 | L59: =IF(K59="","",IFERROR(VLOOKUP(K59,$K$2:L58,2,0),MAX($L$2:L58)+1)) -> 36 | M59: =IF(K59="","",C59) -> Poşet-25 cm Tortillove Değişken | N59: =IF(K59="","",E59) -> MAT008236 | O59: =IF(K59="","",F59) -> 45496
B60: 45321 | C60: Poşet-25 cm Mutlukal Tortillas 260 Gr ( Rusca ) | D60: =IF(C60="","",VLOOKUP(C60,Bilgiler!D:E,2,0)) -> 150.01.295 | E60: 45321 | F60: 45503 | G60: Uygun | H60: Tedarikçiden Satın Alım | I60: ARTSAN | J60: 213600 | K60: =IF(C60="","",CONCATENATE(C60,E60)) -> Poşet-25 cm Mutlukal Tortillas 260 Gr ( Rusca )45321 | L60: =IF(K60="","",IFERROR(VLOOKUP(K60,$K$2:L59,2,0),MAX($L$2:L59)+1)) -> 37 | M60: =IF(K60="","",C60) -> Poşet-25 cm Mutlukal Tortillas 260 Gr ( Rusca ) | N60: =IF(K60="","",E60) -> 45321 | O60: =IF(K60="","",F60) -> 45503
B61: 45323 | C61: Poşet-25 cm Mutlukal Tortillas 260 Gr ( Rusca ) | D61: =IF(C61="","",VLOOKUP(C61,Bilgiler!D:E,2,0)) -> 150.01.295 | E61: MAT008162 | F61: 45502 | G61: Uygun | H61: Tedarikçiden Satın Alım | I61: Ege Plastik Ambalaj San.ve Tic.A.Ş. | J61: 352800 | K61: =IF(C61="","",CONCATENATE(C61,E61)) -> Poşet-25 cm Mutlukal Tortillas 260 Gr ( Rusca )MAT008162 | L61: =IF(K61="","",IFERROR(VLOOKUP(K61,$K$2:L60,2,0),MAX($L$2:L60)+1)) -> 38 | M61: =IF(K61="","",C61) -> Poşet-25 cm Mutlukal Tortillas 260 Gr ( Rusca ) | N61: =IF(K61="","",E61) -> MAT008162 | O61: =IF(K61="","",F61) -> 45502
B62: 45323 | C62: Poşet-30 cm Tortillove Değişken | D62: =IF(C62="","",VLOOKUP(C62,Bilgiler!D:E,2,0)) -> 150.01.163 | E62: MAT008237 | F62: 45498 | G62: Uygun | H62: Tedarikçiden Satın Alım | I62: Ege Plastik Ambalaj San.ve Tic.A.Ş. | J62: 50400 | K62: =IF(C62="","",CONCATENATE(C62,E62)) -> Poşet-30 cm Tortillove DeğişkenMAT008237 | L62: =IF(K62="","",IFERROR(VLOOKUP(K62,$K$2:L61,2,0),MAX($L$2:L61)+1)) -> 39 | M62: =IF(K62="","",C62) -> Poşet-30 cm Tortillove Değişken | N62: =IF(K62="","",E62) -> MAT008237 | O62: =IF(K62="","",F62) -> 45498
B63: 45330 | C63: Poşet-25 cm Mutlukal Tortillas 260 Gr ( Rusca ) | D63: =IF(C63="","",VLOOKUP(C63,Bilgiler!D:E,2,0)) -> 150.01.295 | E63: MAT008162 | F63: 45503 | G63: Uygun | H63: Tedarikçiden Satın Alım | I63: Ege Plastik Ambalaj San.ve Tic.A.Ş. | J63: 257150 | K63: =IF(C63="","",CONCATENATE(C63,E63)) -> Poşet-25 cm Mutlukal Tortillas 260 Gr ( Rusca )MAT008162 | L63: =IF(K63="","",IFERROR(VLOOKUP(K63,$K$2:L62,2,0),MAX($L$2:L62)+1)) -> 38 | M63: =IF(K63="","",C63) -> Poşet-25 cm Mutlukal Tortillas 260 Gr ( Rusca ) | N63: =IF(K63="","",E63) -> MAT008162 | O63: =IF(K63="","",F63) -> 45503
B64: 45330 | C64: Poşet-25 cm Mutlukal Tortillas Mavi Değişken | D64: =IF(C64="","",VLOOKUP(C64,Bilgiler!D:E,2,0)) -> 150.01.307 | E64: MAT008293 | F64: 45507 | G64: Uygun | H64: Tedarikçiden Satın Alım | I64: Ege Plastik Ambalaj San.ve Tic.A.Ş. | J64: 79800 | K64: =IF(C64="","",CONCATENATE(C64,E64)) -> Poşet-25 cm Mutlukal Tortillas Mavi DeğişkenMAT008293 | L64: =IF(K64="","",IFERROR(VLOOKUP(K64,$K$2:L63,2,0),MAX($L$2:L63)+1)) -> 40 | M64: =IF(K64="","",C64) -> Poşet-25 cm Mutlukal Tortillas Mavi Değişken | N64: =IF(K64="","",E64) -> MAT008293 | O64: =IF(K64="","",F64) -> 45507
B65: 45337 | C65: Poşet-25 cm Mutlukal Tortillas 260 Gr ( Rusca ) | D65: =IF(C65="","",VLOOKUP(C65,Bilgiler!D:E,2,0)) -> 150.01.295 | E65: MAT008162 | F65: 45633 | G65: Uygun | H65: Tedarikçiden Satın Alım | I65: Ege Plastik Ambalaj San.ve Tic.A.Ş. | J65: =1400*40 -> 56000 | K65: =IF(C65="","",CONCATENATE(C65,E65)) -> Poşet-25 cm Mutlukal Tortillas 260 Gr ( Rusca )MAT008162 | L65: =IF(K65="","",IFERROR(VLOOKUP(K65,$K$2:L64,2,0),MAX($L$2:L64)+1)) -> 38 | M65: =IF(K65="","",C65) -> Poşet-25 cm Mutlukal Tortillas 260 Gr ( Rusca ) | N65: =IF(K65="","",E65) -> MAT008162 | O65: =IF(K65="","",F65) -> 45633
B66: 45341 | C66: Poşet-25 cm Mutlukal Tortillas 260 Gr ( Rusca ) | D66: =IF(C66="","",VLOOKUP(C66,Bilgiler!D:E,2,0)) -> 150.01.295 | E66: MAT008162 | F66: 45642 | G66: Uygun | H66: Tedarikçiden Satın Alım | I66: Ege Plastik Ambalaj San.ve Tic.A.Ş. | J66: 235200 | K66: =IF(C66="","",CONCATENATE(C66,E66)) -> Poşet-25 cm Mutlukal Tortillas 260 Gr ( Rusca )MAT008162 | L66: =IF(K66="","",IFERROR(VLOOKUP(K66,$K$2:L65,2,0),MAX($L$2:L65)+1)) -> 38 | M66: =IF(K66="","",C66) -> Poşet-25 cm Mutlukal Tortillas 260 Gr ( Rusca ) | N66: =IF(K66="","",E66) -> MAT008162 | O66: =IF(K66="","",F66) -> 45642
B67: 45348 | C67: Poşet-25 cm Mutlukal Tortillas 260 Gr ( Rusca ) | D67: =IF(C67="","",VLOOKUP(C67,Bilgiler!D:E,2,0)) -> 150.01.295 | E67: MAT008162 | F67: 45648 | G67: Uygun | H67: Tedarikçiden Satın Alım | I67: Ege Plastik Ambalaj San.ve Tic.A.Ş. | J67: 294000 | K67: =IF(C67="","",CONCATENATE(C67,E67)) -> Poşet-25 cm Mutlukal Tortillas 260 Gr ( Rusca )MAT008162 | L67: =IF(K67="","",IFERROR(VLOOKUP(K67,$K$2:L66,2,0),MAX($L$2:L66)+1)) -> 38 | M67: =IF(K67="","",C67) -> Poşet-25 cm Mutlukal Tortillas 260 Gr ( Rusca ) | N67: =IF(K67="","",E67) -> MAT008162 | O67: =IF(K67="","",F67) -> 45648
B68: 45350 | C68: Poşet-25 cm Mutlukal Tortillas 260 Gr ( Rusca ) | D68: =IF(C68="","",VLOOKUP(C68,Bilgiler!D:E,2,0)) -> 150.01.295 | E68: MAT008162 | F68: 45654 | G68: Uygun | H68: Tedarikçiden Satın Alım | I68: Ege Plastik Ambalaj San.ve Tic.A.Ş. | J68: =13*1400 -> 18200 | K68: =IF(C68="","",CONCATENATE(C68,E68)) -> Poşet-25 cm Mutlukal Tortillas 260 Gr ( Rusca )MAT008162 | L68: =IF(K68="","",IFERROR(VLOOKUP(K68,$K$2:L67,2,0),MAX($L$2:L67)+1)) -> 38 | M68: =IF(K68="","",C68) -> Poşet-25 cm Mutlukal Tortillas 260 Gr ( Rusca ) | N68: =IF(K68="","",E68) -> MAT008162 | O68: =IF(K68="","",F68) -> 45654
B69: 45350 | C69: Poşet-15 cm Mutlukal Taco | D69: =IF(C69="","",VLOOKUP(C69,Bilgiler!D:E,2,0)) -> 150.01.301 | E69: MAT008309 | F69: 45653 | G69: Uygun | H69: Tedarikçiden Satın Alım | I69: Ege Plastik Ambalaj San.ve Tic.A.Ş. | J69: 46000 | K69: =IF(C69="","",CONCATENATE(C69,E69)) -> Poşet-15 cm Mutlukal TacoMAT008309 | L69: =IF(K69="","",IFERROR(VLOOKUP(K69,$K$2:L68,2,0),MAX($L$2:L68)+1)) -> 41 | M69: =IF(K69="","",C69) -> Poşet-15 cm Mutlukal Taco | N69: =IF(K69="","",E69) -> MAT008309 | O69: =IF(K69="","",F69) -> 45653
B70: 45353 | C70: Poşet-25 cm Mutlukal Tortillas 260 Gr ( Rusca ) | D70: =IF(C70="","",VLOOKUP(C70,Bilgiler!D:E,2,0)) -> 150.01.295 | E70: MAT008162 | F70: 45658 | G70: Uygun | H70: Tedarikçiden Satın Alım | I70: Ege Plastik Ambalaj San.ve Tic.A.Ş. | J70: =42*1400 -> 58800 | K70: =IF(C70="","",CONCATENATE(C70,E70)) -> Poşet-25 cm Mutlukal Tortillas 260 Gr ( Rusca )MAT008162 | L70: =IF(K70="","",IFERROR(VLOOKUP(K70,$K$2:L69,2,0),MAX($L$2:L69)+1)) -> 38 | M70: =IF(K70="","",C70) -> Poşet-25 cm Mutlukal Tortillas 260 Gr ( Rusca ) | N70: =IF(K70="","",E70) -> MAT008162 | O70: =IF(K70="","",F70) -> 45658
B71: 45353 | C71: Poşet-15 cm Mutlukal Taco | D71: =IF(C71="","",VLOOKUP(C71,Bilgiler!D:E,2,0)) -> 150.01.301 | E71: MAT008309 | F71: 45658 | G71: Uygun | H71: Tedarikçiden Satın Alım | I71: Ege Plastik Ambalaj San.ve Tic.A.Ş. | J71: =126*2000+1466 -> 253466 | K71: =IF(C71="","",CONCATENATE(C71,E71)) -> Poşet-15 cm Mutlukal TacoMAT008309 | L71: =IF(K71="","",IFERROR(VLOOKUP(K71,$K$2:L70,2,0),MAX($L$2:L70)+1)) -> 41 | M71: =IF(K71="","",C71) -> Poşet-15 cm Mutlukal Taco | N71: =IF(K71="","",E71) -> MAT008309 | O71: =IF(K71="","",F71) -> 45658
B72: 45362 | C72: Poşet-25 cm Mutlukal Tortillas 260 Gr ( Rusca ) | D72: =IF(C72="","",VLOOKUP(C72,Bilgiler!D:E,2,0)) -> 150.01.295 | E72: MAT008162 | F72: 45607 | G72: Uygun | H72: Tedarikçiden Satın Alım | I72: Ege Plastik Ambalaj San.ve Tic.A.Ş. | J72: 235200 | K72: =IF(C72="","",CONCATENATE(C72,E72)) -> Poşet-25 cm Mutlukal Tortillas 260 Gr ( Rusca )MAT008162 | L72: =IF(K72="","",IFERROR(VLOOKUP(K72,$K$2:L71,2,0),MAX($L$2:L71)+1)) -> 38 | M72: =IF(K72="","",C72) -> Poşet-25 cm Mutlukal Tortillas 260 Gr ( Rusca ) | N72: =IF(K72="","",E72) -> MAT008162 | O72: =IF(K72="","",F72) -> 45607
B73: 45366 | C73: Poşet-25 cm Mutlukal Tortillas 260 Gr ( Rusca ) | D73: =IF(C73="","",VLOOKUP(C73,Bilgiler!D:E,2,0)) -> 150.01.295 | E73: MAT008162 | F73: 45635 | G73: Uygun | H73: Tedarikçiden Satın Alım | I73: Ege Plastik Ambalaj San.ve Tic.A.Ş. | J73: 176400 | K73: =IF(C73="","",CONCATENATE(C73,E73)) -> Poşet-25 cm Mutlukal Tortillas 260 Gr ( Rusca )MAT008162 | L73: =IF(K73="","",IFERROR(VLOOKUP(K73,$K$2:L72,2,0),MAX($L$2:L72)+1)) -> 38 | M73: =IF(K73="","",C73) -> Poşet-25 cm Mutlukal Tortillas 260 Gr ( Rusca ) | N73: =IF(K73="","",E73) -> MAT008162 | O73: =IF(K73="","",F73) -> 45635
B74: 45366 | C74: Poşet-25 cm B.sız Kilitli | D74: =IF(C74="","",VLOOKUP(C74,Bilgiler!D:E,2,0)) -> 150.01.044 | E74: MAT008339 | F74: 45629 | G74: Uygun | H74: Tedarikçiden Satın Alım | I74: Ege Plastik Ambalaj San.ve Tic.A.Ş. | J74: 81200 | K74: =IF(C74="","",CONCATENATE(C74,E74)) -> Poşet-25 cm B.sız KilitliMAT008339 | L74: =IF(K74="","",IFERROR(VLOOKUP(K74,$K$2:L73,2,0),MAX($L$2:L73)+1)) -> 42 | M74: =IF(K74="","",C74) -> Poşet-25 cm B.sız Kilitli | N74: =IF(K74="","",E74) -> MAT008339 | O74: =IF(K74="","",F74) -> 45629
B75: 45366 | C75: Poşet-30 cm B.sız Kilitli | D75: =IF(C75="","",VLOOKUP(C75,Bilgiler!D:E,2,0)) -> 150.01.064 | E75: MAT008338 | F75: 45629 | G75: Uygun | H75: Tedarikçiden Satın Alım | I75: Ege Plastik Ambalaj San.ve Tic.A.Ş. | J75: 58800 | K75: =IF(C75="","",CONCATENATE(C75,E75)) -> Poşet-30 cm B.sız KilitliMAT008338 | L75: =IF(K75="","",IFERROR(VLOOKUP(K75,$K$2:L74,2,0),MAX($L$2:L74)+1)) -> 43 | M75: =IF(K75="","",C75) -> Poşet-30 cm B.sız Kilitli | N75: =IF(K75="","",E75) -> MAT008338 | O75: =IF(K75="","",F75) -> 45629
B76: 45371 | C76: Poşet-25 cm Mutlukal Tortillas 260 Gr ( Rusca ) | D76: =IF(C76="","",VLOOKUP(C76,Bilgiler!D:E,2,0)) -> 150.01.295 | E76: MAT008295 | F76: 45549 | G76: Uygun | H76: Tedarikçiden Satın Alım | I76: Ege Plastik Ambalaj San.ve Tic.A.Ş. | J76: 411600 | K76: =IF(C76="","",CONCATENATE(C76,E76)) -> Poşet-25 cm Mutlukal Tortillas 260 Gr ( Rusca )MAT008295 | L76: =IF(K76="","",IFERROR(VLOOKUP(K76,$K$2:L75,2,0),MAX($L$2:L75)+1)) -> 44 | M76: =IF(K76="","",C76) -> Poşet-25 cm Mutlukal Tortillas 260 Gr ( Rusca ) | N76: =IF(K76="","",E76) -> MAT008295 | O76: =IF(K76="","",F76) -> 45549
B77: 45374 | C77: Poşet-25 cm Mutlukal Tortillas 260 Gr ( Rusca ) | D77: =IF(C77="","",VLOOKUP(C77,Bilgiler!D:E,2,0)) -> 150.01.295 | E77: 45374 | F77: 45739 | G77: Uygun | H77: Tedarikçiden Satın Alım | I77: ARTSAN | J77: 171600 | K77: =IF(C77="","",CONCATENATE(C77,E77)) -> Poşet-25 cm Mutlukal Tortillas 260 Gr ( Rusca )45374 | L77: =IF(K77="","",IFERROR(VLOOKUP(K77,$K$2:L76,2,0),MAX($L$2:L76)+1)) -> 45 | M77: =IF(K77="","",C77) -> Poşet-25 cm Mutlukal Tortillas 260 Gr ( Rusca ) | N77: =IF(K77="","",E77) -> 45374 | O77: =IF(K77="","",F77) -> 45739
B78: 45376 | C78: Poşet-25 cm Mutlukal Tortillas 260 Gr ( Rusca ) | D78: =IF(C78="","",VLOOKUP(C78,Bilgiler!D:E,2,0)) -> 150.01.295 | E78: MAT008295 | F78: 45645 | G78: Uygun | H78: Tedarikçiden Satın Alım | I78: Ege Plastik Ambalaj San.ve Tic.A.Ş. | J78: 56000 | K78: =IF(C78="","",CONCATENATE(C78,E78)) -> Poşet-25 cm Mutlukal Tortillas 260 Gr ( Rusca )MAT008295 | L78: =IF(K78="","",IFERROR(VLOOKUP(K78,$K$2:L77,2,0),MAX($L$2:L77)+1)) -> 44 | M78: =IF(K78="","",C78) -> Poşet-25 cm Mutlukal Tortillas 260 Gr ( Rusca ) | N78: =IF(K78="","",E78) -> MAT008295 | O78: =IF(K78="","",F78) -> 45645
B79: 45376 | C79: Poşet-25 cm Nimet (Lam.Baskılı Zıp.Vakum ) | D79: =IF(C79="","",VLOOKUP(C79,Bilgiler!D:E,2,0)) -> 150.01.055 | E79: MAT008349 | F79: 45649 | G79: Uygun | H79: Tedarikçiden Satın Alım | I79: Ege Plastik Ambalaj San.ve Tic.A.Ş. | J79: 58800 | K79: =IF(C79="","",CONCATENATE(C79,E79)) -> Poşet-25 cm Nimet (Lam.Baskılı Zıp.Vakum )MAT008349 | L79: =IF(K79="","",IFERROR(VLOOKUP(K79,$K$2:L78,2,0),MAX($L$2:L78)+1)) -> 46 | M79: =IF(K79="","",C79) -> Poşet-25 cm Nimet (Lam.Baskılı Zıp.Vakum ) | N79: =IF(K79="","",E79) -> MAT008349 | O79: =IF(K79="","",F79) -> 45649
B80: 45380 | C80: Poşet-25 cm Nimet (Lam.Baskılı Zıp.Vakum ) | D80: =IF(C80="","",VLOOKUP(C80,Bilgiler!D:E,2,0)) -> 150.01.055 | E80: MAT008349 | F80: 45649 | G80: Uygun | H80: Tedarikçiden Satın Alım | I80: Ege Plastik Ambalaj San.ve Tic.A.Ş. | J80: 86800 | K80: =IF(C80="","",CONCATENATE(C80,E80)) -> Poşet-25 cm Nimet (Lam.Baskılı Zıp.Vakum )MAT008349 | L80: =IF(K80="","",IFERROR(VLOOKUP(K80,$K$2:L79,2,0),MAX($L$2:L79)+1)) -> 46 | M80: =IF(K80="","",C80) -> Poşet-25 cm Nimet (Lam.Baskılı Zıp.Vakum ) | N80: =IF(K80="","",E80) -> MAT008349 | O80: =IF(K80="","",F80) -> 45649
B81: 45380 | C81: Poşet-25 cm Mutlukal Tortillas 260 Gr ( Rusca ) | D81: =IF(C81="","",VLOOKUP(C81,Bilgiler!D:E,2,0)) -> 150.01.295 | E81: MAT008295 | F81: 45653 | G81: Uygun | H81: Tedarikçiden Satın Alım | I81: Ege Plastik Ambalaj San.ve Tic.A.Ş. | J81: 121800 | K81: =IF(C81="","",CONCATENATE(C81,E81)) -> Poşet-25 cm Mutlukal Tortillas 260 Gr ( Rusca )MAT008295 | L81: =IF(K81="","",IFERROR(VLOOKUP(K81,$K$2:L80,2,0),MAX($L$2:L80)+1)) -> 44 | M81: =IF(K81="","",C81) -> Poşet-25 cm Mutlukal Tortillas 260 Gr ( Rusca ) | N81: =IF(K81="","",E81) -> MAT008295 | O81: =IF(K81="","",F81) -> 45653
B82: 45380 | C82: Poşet-30 cm Tortillove Değişken | D82: =IF(C82="","",VLOOKUP(C82,Bilgiler!D:E,2,0)) -> 150.01.163 | E82: MAT008358 | F82: 45653 | G82: Uygun | H82: Tedarikçiden Satın Alım | I82: Ege Plastik Ambalaj San.ve Tic.A.Ş. | J82: 15400 | K82: =IF(C82="","",CONCATENATE(C82,E82)) -> Poşet-30 cm Tortillove DeğişkenMAT008358 | L82: =IF(K82="","",IFERROR(VLOOKUP(K82,$K$2:L81,2,0),MAX($L$2:L81)+1)) -> 47 | M82: =IF(K82="","",C82) -> Poşet-30 cm Tortillove Değişken | N82: =IF(K82="","",E82) -> MAT008358 | O82: =IF(K82="","",F82) -> 45653
B83: 45383 | C83: Poşet-25 cm Mutlukal Tortillas 260 Gr ( Rusca ) | D83: =IF(C83="","",VLOOKUP(C83,Bilgiler!D:E,2,0)) -> 150.01.295 | E83: MAT008295 | F83: 45655 | G83: Uygun | H83: Tedarikçiden Satın Alım | I83: Ege Plastik Ambalaj San.ve Tic.A.Ş. | J83: 58800 | K83: =IF(C83="","",CONCATENATE(C83,E83)) -> Poşet-25 cm Mutlukal Tortillas 260 Gr ( Rusca )MAT008295 | L83: =IF(K83="","",IFERROR(VLOOKUP(K83,$K$2:L82,2,0),MAX($L$2:L82)+1)) -> 44 | M83: =IF(K83="","",C83) -> Poşet-25 cm Mutlukal Tortillas 260 Gr ( Rusca ) | N83: =IF(K83="","",E83) -> MAT008295 | O83: =IF(K83="","",F83) -> 45655
B84: 45383 | C84: Poşet-33 cm Tortillove Değişken | D84: =IF(C84="","",VLOOKUP(C84,Bilgiler!D:E,2,0)) -> 150.01.147 | E84: MAT008358 | F84: 45653 | G84: Uygun | H84: Tedarikçiden Satın Alım | I84: Ege Plastik Ambalaj San.ve Tic.A.Ş. | J84: 42000 | K84: =IF(C84="","",CONCATENATE(C84,E84)) -> Poşet-33 cm Tortillove DeğişkenMAT008358 | L84: =IF(K84="","",IFERROR(VLOOKUP(K84,$K$2:L83,2,0),MAX($L$2:L83)+1)) -> 48 | M84: =IF(K84="","",C84) -> Poşet-33 cm Tortillove Değişken | N84: =IF(K84="","",E84) -> MAT008358 | O84: =IF(K84="","",F84) -> 45653
B85: 45387 | C85: Poşet-25 cm Mutlukal Tortillas 260 Gr ( Rusca ) | D85: =IF(C85="","",VLOOKUP(C85,Bilgiler!D:E,2,0)) -> 150.01.295 | E85: MAT008295 | F85: 45630 | G85: Uygun | H85: Tedarikçiden Satın Alım | I85: Ege Plastik Ambalaj San.ve Tic.A.Ş. | J85: 249200 | K85: =IF(C85="","",CONCATENATE(C85,E85)) -> Poşet-25 cm Mutlukal Tortillas 260 Gr ( Rusca )MAT008295 | L85: =IF(K85="","",IFERROR(VLOOKUP(K85,$K$2:L84,2,0),MAX($L$2:L84)+1)) -> 44 | M85: =IF(K85="","",C85) -> Poşet-25 cm Mutlukal Tortillas 260 Gr ( Rusca ) | N85: =IF(K85="","",E85) -> MAT008295 | O85: =IF(K85="","",F85) -> 45630
B86: 45387 | C86: Poşet-25 cm Nimet (Lam.Baskılı Zıp.Vakum ) | D86: =IF(C86="","",VLOOKUP(C86,Bilgiler!D:E,2,0)) -> 150.01.055 | E86: MAT008349 | F86: 45629 | G86: Uygun | H86: Tedarikçiden Satın Alım | I86: Ege Plastik Ambalaj San.ve Tic.A.Ş. | J86: 162400 | K86: =IF(C86="","",CONCATENATE(C86,E86)) -> Poşet-25 cm Nimet (Lam.Baskılı Zıp.Vakum )MAT008349 | L86: =IF(K86="","",IFERROR(VLOOKUP(K86,$K$2:L85,2,0),MAX($L$2:L85)+1)) -> 46 | M86: =IF(K86="","",C86) -> Poşet-25 cm Nimet (Lam.Baskılı Zıp.Vakum ) | N86: =IF(K86="","",E86) -> MAT008349 | O86: =IF(K86="","",F86) -> 45629
B87: 45398 | C87: Poşet-25 cm Mutlukal Tortillas 260 Gr ( Rusca ) | D87: =IF(C87="","",VLOOKUP(C87,Bilgiler!D:E,2,0)) -> 150.01.295 | E87: 1622409 | F87: 45639 | G87: Uygun | H87: Tedarikçiden Satın Alım | I87: Etki Plastik Ambalaj San.Tic.A.Ş. - Usd | J87: 204400 | K87: =IF(C87="","",CONCATENATE(C87,E87)) -> Poşet-25 cm Mutlukal Tortillas 260 Gr ( Rusca )1622409 | L87: =IF(K87="","",IFERROR(VLOOKUP(K87,$K$2:L86,2,0),MAX($L$2:L86)+1)) -> 49 | M87: =IF(K87="","",C87) -> Poşet-25 cm Mutlukal Tortillas 260 Gr ( Rusca ) | N87: =IF(K87="","",E87) -> 1622409 | O87: =IF(K87="","",F87) -> 45639
B88: 45398 | C88: Poşet-25 cm Nimet (Lam.Baskılı Zıp.Vakum ) | D88: =IF(C88="","",VLOOKUP(C88,Bilgiler!D:E,2,0)) -> 150.01.055 | E88: 1622774 | F88: 45634 | G88: Uygun | H88: Tedarikçiden Satın Alım | I88: Etki Plastik Ambalaj San.Tic.A.Ş. - Usd | J88: 81850 | K88: =IF(C88="","",CONCATENATE(C88,E88)) -> Poşet-25 cm Nimet (Lam.Baskılı Zıp.Vakum )1622774 | L88: =IF(K88="","",IFERROR(VLOOKUP(K88,$K$2:L87,2,0),MAX($L$2:L87)+1)) -> 50 | M88: =IF(K88="","",C88) -> Poşet-25 cm Nimet (Lam.Baskılı Zıp.Vakum ) | N88: =IF(K88="","",E88) -> 1622774 | O88: =IF(K88="","",F88) -> 45634
B89: 45399 | C89: Poşet-25 cm Mutlukal Tortillas 260 Gr ( Rusca ) | D89: =IF(C89="","",VLOOKUP(C89,Bilgiler!D:E,2,0)) -> 150.01.295 | E89: MAT008295 | F89: 45632 | G89: Uygun | H89: Tedarikçiden Satın Alım | I89: Ege Plastik Ambalaj San.ve Tic.A.Ş. | J89: 176400 | K89: =IF(C89="","",CONCATENATE(C89,E89)) -> Poşet-25 cm Mutlukal Tortillas 260 Gr ( Rusca )MAT008295 | L89: =IF(K89="","",IFERROR(VLOOKUP(K89,$K$2:L88,2,0),MAX($L$2:L88)+1)) -> 44 | M89: =IF(K89="","",C89) -> Poşet-25 cm Mutlukal Tortillas 260 Gr ( Rusca ) | N89: =IF(K89="","",E89) -> MAT008295 | O89: =IF(K89="","",F89) -> 45632
B90: 45399 | C90: 20CM MAGNET DOMATESLİ | D90: =IF(C90="","",VLOOKUP(C90,Bilgiler!D:E,2,0)) -> 0 | E90: MAT008445 | F90: 45642 | G90: Uygun | H90: Tedarikçiden Satın Alım | I90: Ege Plastik Ambalaj San.ve Tic.A.Ş. | J90: 140400 | K90: =IF(C90="","",CONCATENATE(C90,E90)) -> 20CM MAGNET DOMATESLİ MAT008445 | L90: =IF(K90="","",IFERROR(VLOOKUP(K90,$K$2:L89,2,0),MAX($L$2:L89)+1)) -> 51 | M90: =IF(K90="","",C90) -> 20CM MAGNET DOMATESLİ | N90: =IF(K90="","",E90) -> MAT008445 | O90: =IF(K90="","",F90) -> 45642
B91: 45402 | C91: 20CM MAGNET DOMATESLİ | D91: =IF(C91="","",VLOOKUP(C91,Bilgiler!D:E,2,0)) -> 0 | E91: MAT008445 | F91: 45642 | G91: Uygun | H91: Tedarikçiden Satın Alım | I91: Ege Plastik Ambalaj San.ve Tic.A.Ş. | J91: 54000 | K91: =IF(C91="","",CONCATENATE(C91,E91)) -> 20CM MAGNET DOMATESLİ MAT008445 | L91: =IF(K91="","",IFERROR(VLOOKUP(K91,$K$2:L90,2,0),MAX($L$2:L90)+1)) -> 51 | M91: =IF(K91="","",C91) -> 20CM MAGNET DOMATESLİ | N91: =IF(K91="","",E91) -> MAT008445 | O91: =IF(K91="","",F91) -> 45642
B92: 45402 | C92: Poşet-25 cm Mutlukal Tortillas 260 Gr ( Rusca ) | D92: =IF(C92="","",VLOOKUP(C92,Bilgiler!D:E,2,0)) -> 150.01.295 | E92: MAT008295 | F92: 45643 | G92: Uygun | H92: Tedarikçiden Satın Alım | I92: Ege Plastik Ambalaj San.ve Tic.A.Ş. | J92: 121800 | K92: =IF(C92="","",CONCATENATE(C92,E92)) -> Poşet-25 cm Mutlukal Tortillas 260 Gr ( Rusca )MAT008295 | L92: =IF(K92="","",IFERROR(VLOOKUP(K92,$K$2:L91,2,0),MAX($L$2:L91)+1)) -> 44 | M92: =IF(K92="","",C92) -> Poşet-25 cm Mutlukal Tortillas 260 Gr ( Rusca ) | N92: =IF(K92="","",E92) -> MAT008295 | O92: =IF(K92="","",F92) -> 45643
B93: 45402 | C93: Poşet-25 cm Sofias | D93: =IF(C93="","",VLOOKUP(C93,Bilgiler!D:E,2,0)) -> 150.01.151 | E93: MAT008411 | F93: 45644 | G93: Uygun | H93: Tedarikçiden Satın Alım | I93: Ege Plastik Ambalaj San.ve Tic.A.Ş. | J93: 79800 | K93: =IF(C93="","",CONCATENATE(C93,E93)) -> Poşet-25 cm SofiasMAT008411 | L93: =IF(K93="","",IFERROR(VLOOKUP(K93,$K$2:L92,2,0),MAX($L$2:L92)+1)) -> 52 | M93: =IF(K93="","",C93) -> Poşet-25 cm Sofias | N93: =IF(K93="","",E93) -> MAT008411 | O93: =IF(K93="","",F93) -> 45644
B94: 45402 | C94: Poşet-15 cm Mutlukal Taco | D94: =IF(C94="","",VLOOKUP(C94,Bilgiler!D:E,2,0)) -> 150.01.301 | E94: MAT008410 | F94: 45645 | G94: Uygun | H94: Tedarikçiden Satın Alım | I94: Ege Plastik Ambalaj San.ve Tic.A.Ş. | J94: 72000 | K94: =IF(C94="","",CONCATENATE(C94,E94)) -> Poşet-15 cm Mutlukal TacoMAT008410 | L94: =IF(K94="","",IFERROR(VLOOKUP(K94,$K$2:L93,2,0),MAX($L$2:L93)+1)) -> 53 | M94: =IF(K94="","",C94) -> Poşet-15 cm Mutlukal Taco | N94: =IF(K94="","",E94) -> MAT008410 | O94: =IF(K94="","",F94) -> 45645
B95: 45406 | C95: Poşet-25 cm Mutlukal Tortillas Mavi Değişken | D95: =IF(C95="","",VLOOKUP(C95,Bilgiler!D:E,2,0)) -> 150.01.307 | E95: MAT008427 | F95: 45650 | G95: Uygun | H95: Tedarikçiden Satın Alım | I95: Ege Plastik Ambalaj San.ve Tic.A.Ş. | J95: 79800 | K95: =IF(C95="","",CONCATENATE(C95,E95)) -> Poşet-25 cm Mutlukal Tortillas Mavi DeğişkenMAT008427 | L95: =IF(K95="","",IFERROR(VLOOKUP(K95,$K$2:L94,2,0),MAX($L$2:L94)+1)) -> 54 | M95: =IF(K95="","",C95) -> Poşet-25 cm Mutlukal Tortillas Mavi Değişken | N95: =IF(K95="","",E95) -> MAT008427 | O95: =IF(K95="","",F95) -> 45650
B96: 45406 | C96: Poşet-15 cm Mutlukal Taco | D96: =IF(C96="","",VLOOKUP(C96,Bilgiler!D:E,2,0)) -> 150.01.301 | E96: MAT008410 | F96: 45650 | G96: Uygun | H96: Tedarikçiden Satın Alım | I96: Ege Plastik Ambalaj San.ve Tic.A.Ş. | J96: 138000 | K96: =IF(C96="","",CONCATENATE(C96,E96)) -> Poşet-15 cm Mutlukal TacoMAT008410 | L96: =IF(K96="","",IFERROR(VLOOKUP(K96,$K$2:L95,2,0),MAX($L$2:L95)+1)) -> 53 | M96: =IF(K96="","",C96) -> Poşet-15 cm Mutlukal Taco | N96: =IF(K96="","",E96) -> MAT008410 | O96: =IF(K96="","",F96) -> 45650
B97: 45409 | C97: Poşet-20 cm Wıllı Food 540 gr | D97: =IF(C97="","",VLOOKUP(C97,Bilgiler!D:E,2,0)) -> 150.01.041 | E97: MAT008462 | F97: 45653 | G97: Uygun | H97: Tedarikçiden Satın Alım | I97: Ege Plastik Ambalaj San.ve Tic.A.Ş. | J97: 112000 | K97: =IF(C97="","",CONCATENATE(C97,E97)) -> Poşet-20 cm Wıllı Food 540 grMAT008462 | L97: =IF(K97="","",IFERROR(VLOOKUP(K97,$K$2:L96,2,0),MAX($L$2:L96)+1)) -> 55 | M97: =IF(K97="","",C97) -> Poşet-20 cm Wıllı Food 540 gr | N97: =IF(K97="","",E97) -> MAT008462 | O97: =IF(K97="","",F97) -> 45653
B98: 45409 | C98: Poşet-25 cm Mutlukal Tortillas 260 Gr ( Rusca ) | D98: =IF(C98="","",VLOOKUP(C98,Bilgiler!D:E,2,0)) -> 150.01.295 | E98: MAT008322 | F98: 45653 | G98: Uygun | H98: Tedarikçiden Satın Alım | I98: Ege Plastik Ambalaj San.ve Tic.A.Ş. | J98: 197400 | K98: =IF(C98="","",CONCATENATE(C98,E98)) -> Poşet-25 cm Mutlukal Tortillas 260 Gr ( Rusca )MAT008322 | L98: =IF(K98="","",IFERROR(VLOOKUP(K98,$K$2:L97,2,0),MAX($L$2:L97)+1)) -> 56 | M98: =IF(K98="","",C98) -> Poşet-25 cm Mutlukal Tortillas 260 Gr ( Rusca ) | N98: =IF(K98="","",E98) -> MAT008322 | O98: =IF(K98="","",F98) -> 45653
B99: 45409 | C99: Poşet-25 cm Wıllı Food 840 gr | D99: =IF(C99="","",VLOOKUP(C99,Bilgiler!D:E,2,0)) -> 150.01.062 | E99: MAT008463 | F99: 45653 | G99: Uygun | H99: Tedarikçiden Satın Alım | I99: Ege Plastik Ambalaj San.ve Tic.A.Ş. | J99: 77000 | K99: =IF(C99="","",CONCATENATE(C99,E99)) -> Poşet-25 cm Wıllı Food 840 grMAT008463 | L99: =IF(K99="","",IFERROR(VLOOKUP(K99,$K$2:L98,2,0),MAX($L$2:L98)+1)) -> 57 | M99: =IF(K99="","",C99) -> Poşet-25 cm Wıllı Food 840 gr | N99: =IF(K99="","",E99) -> MAT008463 | O99: =IF(K99="","",F99) -> 45653
B100: 45413 | C100: Poşet-25 cm Nimet (Lam.Baskılı Zıp.Vakum ) | D100: =IF(C100="","",VLOOKUP(C100,Bilgiler!D:E,2,0)) -> 150.01.055 | E100: MAT008349 | F100: 45654 | G100: Uygun | H100: Tedarikçiden Satın Alım | I100: Ege Plastik Ambalaj San.ve Tic.A.Ş. | J100: 158200 | K100: =IF(C100="","",CONCATENATE(C100,E100)) -> Poşet-25 cm Nimet (Lam.Baskılı Zıp.Vakum )MAT008349 | L100: =IF(K100="","",IFERROR(VLOOKUP(K100,$K$2:L99,2,0),MAX($L$2:L99)+1)) -> 46 | M100: =IF(K100="","",C100) -> Poşet-25 cm Nimet (Lam.Baskılı Zıp.Vakum ) | N100: =IF(K100="","",E100) -> MAT008349 | O100: =IF(K100="","",F100) -> 45654
... B129: 45441 | C129: Poşet-25 cm Switz | D129: =IF(C129="","",VLOOKUP(C129,Bilgiler!D:E,2,0)) -> 150.01.322 | E129: MAT008599 | F129: 45653 | G129: Uygun | H129: Tedarikçiden Satın Alım | I129: Ege Plastik Ambalaj San.ve Tic.A.Ş. | J129: 81200 | K129: =IF(C129="","",CONCATENATE(C129,E129)) -> Poşet-25 cm SwitzMAT008599 | L129: =IF(K129="","",IFERROR(VLOOKUP(K129,$K$2:L128,2,0),MAX($L$2:L128)+1)) -> 71 | M129: =IF(K129="","",C129) -> Poşet-25 cm Switz | N129: =IF(K129="","",E129) -> MAT008599 | O129: =IF(K129="","",F129) -> 45653
B130: 45441 | C130: Poşet-25 cm Mutlukal Tortillas 260 Gr ( Rusca ) | D130: =IF(C130="","",VLOOKUP(C130,Bilgiler!D:E,2,0)) -> 150.01.295 | E130: 1622409 | F130: 45650 | G130: Uygun | H130: Tedarikçiden Satın Alım | I130: Etki Plastik Ambalaj San.Tic.A.Ş. - Usd | J130: 86800 | K130: =IF(C130="","",CONCATENATE(C130,E130)) -> Poşet-25 cm Mutlukal Tortillas 260 Gr ( Rusca )1622409 | L130: =IF(K130="","",IFERROR(VLOOKUP(K130,$K$2:L129,2,0),MAX($L$2:L129)+1)) -> 49 | M130: =IF(K130="","",C130) -> Poşet-25 cm Mutlukal Tortillas 260 Gr ( Rusca ) | N130: =IF(K130="","",E130) -> 1622409 | O130: =IF(K130="","",F130) -> 45650
...
